Id,Sales
1.0,4190.7983
2.0,7533.2646
3.0,8683.771
4.0,6593.3545
5.0,6098.6416
6.0,5317.812
7.0,8058.34
8.0,7801.9966
9.0,5303.4614
10.0,5819.13
11.0,6144.319
12.0,7851.812
13.0,6718.5894
14.0,8625.535
15.0,5603.0225
16.0,4749.229
17.0,6561.2837
18.0,8937.257
19.0,10231.352
20.0,9940.721
21.0,7349.9863
22.0,5308.482
23.0,5953.6514
24.0,4451.348
25.0,7236.165
26.0,10437.825
27.0,9140.465
28.0,5915.7695
29.0,4730.0645
30.0,4329.399
31.0,5957.622
32.0,9917.179
33.0,6484.367
34.0,4936.6387
35.0,5486.1675
36.0,8171.917
37.0,3720.3713
38.0,6972.999
39.0,4513.116
40.0,6507.124
41.0,7193.2524
42.0,5228.973
43.0,7692.782
44.0,6351.3457
45.0,4921.5464
46.0,6671.2266
47.0,6429.2046
48.0,12375.401
49.0,5655.8374
50.0,8044.2407
51.0,6660.3926
52.0,8902.003
53.0,6311.735
54.0,9540.358
55.0,4854.44
56.0,4707.0825
57.0,6260.6973
58.0,5429.8174
59.0,8612.292
60.0,7826.8384
61.0,5307.5146
62.0,7209.614
63.0,6550.9844
64.0,9815.652
65.0,3859.8372
66.0,12636.835
67.0,4954.5273
68.0,5989.2554
69.0,8293.31
70.0,4943.16
71.0,6406.8667
72.0,6048.7905
73.0,7149.8853
74.0,5533.8
75.0,5829.302
76.0,7339.2124
77.0,7484.9917
78.0,7306.9844
79.0,4782.529
80.0,7180.7627
81.0,10964.981
82.0,6348.886
83.0,4420.2446
84.0,6710.59
85.0,5890.477
86.0,5647.6646
87.0,7552.3296
88.0,3930.74
89.0,7646.3237
90.0,5529.3887
91.0,7181.9272
92.0,6257.7837
93.0,3917.814
94.0,5439.5527
95.0,5578.598
96.0,7526.6216
97.0,8789.648
98.0,4723.3823
99.0,4848.516
100.0,6417.1963
101.0,5644.8643
102.0,6107.0415
103.0,7702.077
104.0,6941.545
105.0,6881.936
106.0,5404.5034
107.0,4489.7104
108.0,6858.1235
109.0,8085.309
110.0,7850.045
111.0,8318.391
112.0,8117.2676
113.0,6022.366
114.0,8246.299
115.0,5675.6113
116.0,7230.4663
117.0,8815.188
118.0,6507.416
119.0,9509.987
120.0,7453.8584
121.0,7661.5303
122.0,6111.8726
123.0,7086.669
124.0,7986.346
125.0,5908.7715
126.0,4226.081
127.0,5430.413
128.0,7601.6025
129.0,6198.125
130.0,4773.081
131.0,8499.516
132.0,6193.114
133.0,5832.2773
134.0,5665.1616
135.0,5323.3286
136.0,7087.4663
137.0,6941.77
138.0,7158.729
139.0,5532.5435
140.0,4754.727
141.0,6239.3853
142.0,4072.0957
143.0,6065.9097
144.0,4983.7344
145.0,8615.077
146.0,7294.283
147.0,5905.306
148.0,11107.543
149.0,5140.824
150.0,5123.1816
151.0,10194.1045
152.0,6687.7466
153.0,8612.398
154.0,7632.392
155.0,5740.707
156.0,5944.1978
157.0,6009.5415
158.0,7783.682
159.0,11087.327
160.0,6290.171
161.0,3449.0103
162.0,4886.393
163.0,8340.596
164.0,8648.42
165.0,6335.4873
166.0,6937.779
167.0,4545.502
168.0,5624.8164
169.0,3246.1165
170.0,4841.219
171.0,6186.7847
172.0,6989.306
173.0,7428.3716
174.0,6558.043
175.0,7747.367
176.0,7813.711
177.0,7338.2812
178.0,4614.7827
179.0,9080.897
180.0,10454.364
181.0,6581.1274
182.0,7633.9575
183.0,5147.8853
184.0,6483.112
185.0,3886.9578
186.0,7075.066
187.0,5206.274
188.0,8750.143
189.0,6540.6704
190.0,7941.8633
191.0,7559.1978
192.0,5411.679
193.0,8692.979
194.0,17707.504
195.0,10598.634
196.0,5410.6416
197.0,3293.2117
198.0,5753.057
199.0,8676.188
200.0,4952.779
201.0,11946.52
202.0,16408.254
203.0,3418.0771
204.0,5183.92
205.0,8892.693
206.0,4856.0747
207.0,8624.129
208.0,6540.09
209.0,6999.3135
210.0,3779.591
211.0,6309.5195
212.0,6465.105
213.0,6625.841
214.0,9008.417
215.0,6474.5034
216.0,5614.048
217.0,6347.2275
218.0,5453.9854
219.0,4768.7124
220.0,8269.731
221.0,6173.551
222.0,5813.6987
223.0,6859.7983
224.0,6171.5254
225.0,5649.351
226.0,7083.709
227.0,7250.9707
228.0,9218.024
229.0,5501.658
230.0,7580.1934
231.0,5865.4043
232.0,3813.7146
233.0,6197.061
234.0,7564.629
235.0,5424.7905
236.0,4492.6235
237.0,7708.912
238.0,7180.6597
239.0,9227.023
240.0,6834.693
241.0,5772.791
242.0,4744.6104
243.0,4891.005
244.0,9911.184
245.0,4731.671
246.0,7842.808
247.0,14254.914
248.0,7203.091
249.0,7730.3164
250.0,5451.0625
251.0,4631.775
252.0,6804.356
253.0,4035.8147
254.0,5218.2954
255.0,9071.748
256.0,5313.2183
257.0,16339.324
258.0,11389.883
259.0,4434.2607
260.0,7084.5127
261.0,5690.855
262.0,6632.6504
263.0,5475.889
264.0,10794.558
265.0,8175.043
266.0,8375.305
267.0,4827.5513
268.0,6936.8853
269.0,4959.766
270.0,8777.292
271.0,6811.343
272.0,7006.0327
273.0,6210.4517
274.0,6026.038
275.0,8696.453
276.0,9699.435
277.0,5520.577
278.0,10099.861
279.0,6703.425
280.0,9154.957
281.0,5870.694
282.0,5246.925
283.0,5403.7817
284.0,9558.511
285.0,6572.69
286.0,7663.964
287.0,6493.156
288.0,8438.643
289.0,4575.754
290.0,7731.437
291.0,6501.4536
292.0,3768.7937
293.0,15571.564
294.0,16344.624
295.0,7543.3813
296.0,6834.9863
297.0,8320.192
298.0,10074.559
299.0,10432.143
300.0,5417.8716
301.0,7486.2056
302.0,5671.7524
303.0,8196.357
304.0,4255.2915
305.0,5733.746
306.0,5816.078
307.0,5934.5557
308.0,7427.082
309.0,5086.2925
310.0,4594.4336
311.0,6762.875
312.0,3815.4067
313.0,4497.9062
314.0,5977.0938
315.0,5855.583
316.0,9048.355
317.0,8092.9087
318.0,8162.2188
319.0,6363.3823
320.0,6621.9297
321.0,9848.934
322.0,7334.4326
323.0,5365.1694
324.0,4430.6416
325.0,8179.824
326.0,4381.389
327.0,6625.038
328.0,3490.357
329.0,5006.2563
330.0,8075.7754
331.0,5989.2095
332.0,5102.2603
333.0,8439.045
334.0,9476.92
335.0,10672.267
336.0,5728.411
337.0,10287.175
338.0,3126.3826
339.0,5208.5737
340.0,6267.82
341.0,4452.9834
342.0,7585.8926
343.0,4746.403
344.0,4644.0205
345.0,8531.044
346.0,10680.005
347.0,8459.926
348.0,5365.4253
349.0,4886.92
350.0,7643.4727
351.0,6766.643
352.0,6247.2817
353.0,5248.3413
354.0,6530.4404
355.0,9763.468
356.0,4516.1523
357.0,6110.9453
358.0,8287.759
359.0,7866.219
360.0,12144.831
361.0,5921.4434
362.0,14038.85
363.0,6855.6445
364.0,5978.3027
365.0,3725.695
366.0,6012.712
367.0,6488.6606
368.0,5515.356
369.0,7604.5034
370.0,4881.99
371.0,4596.38
372.0,6974.0234
373.0,3666.6306
374.0,7638.269
375.0,6555.391
376.0,7924.785
377.0,8490.4
378.0,5372.0728
379.0,9145.147
380.0,6281.4233
381.0,5399.315
382.0,5679.9653
383.0,5308.102
384.0,10112.557
385.0,6247.4424
386.0,4796.472
387.0,7050.2217
388.0,8387.216
389.0,7005.0503
390.0,6480.1133
391.0,8280.205
392.0,5518.882
393.0,5572.3228
394.0,6031.915
395.0,8516.963
396.0,6162.1553
397.0,6033.1353
398.0,5868.0234
399.0,4949.2227
400.0,3773.8303
401.0,5251.511
402.0,8069.2075
403.0,8335.864
404.0,9632.815
405.0,11465.141
406.0,7789.081
407.0,5545.0913
408.0,4929.19
409.0,11213.594
410.0,10746.708
411.0,8371.463
412.0,8019.7876
413.0,7702.981
414.0,5642.221
415.0,3943.0166
416.0,10871.397
417.0,6412.9253
418.0,5987.9985
419.0,6478.5186
420.0,3033.0437
421.0,10816.953
422.0,5549.7847
423.0,5506.9033
424.0,4625.4126
425.0,5408.521
426.0,6442.304
427.0,8901.009
428.0,5915.5327
429.0,4723.0312
430.0,4474.639
431.0,4032.2666
432.0,2932.714
433.0,7049.973
434.0,17169.94
435.0,4834.5737
436.0,5781.2383
437.0,6539.747
438.0,5330.3
439.0,5252.979
440.0,4815.2534
441.0,3855.4067
442.0,6448.4272
443.0,7133.7954
444.0,4410.9697
445.0,8490.497
446.0,5847.0825
447.0,4559.781
448.0,7740.97
449.0,7646.2505
450.0,8771.016
451.0,5668.037
452.0,7285.05
453.0,4613.687
454.0,5421.847
455.0,13305.043
456.0,9459.879
457.0,6266.373
458.0,5731.417
459.0,4571.98
460.0,5629.03
461.0,5200.085
462.0,9956.767
463.0,4878.6436
464.0,5278.867
465.0,6739.6157
466.0,4784.2764
467.0,6174.004
468.0,7132.972
469.0,7283.389
470.0,7038.1953
471.0,4227.069
472.0,5533.193
473.0,6483.1177
474.0,9190.977
475.0,8115.82
476.0,6726.656
477.0,4448.4873
478.0,7403.5796
479.0,5991.341
480.0,4389.7515
481.0,7081.986
482.0,7341.341
483.0,6687.8423
484.0,5929.141
485.0,6177.8213
486.0,6197.7173
487.0,5269.8667
488.0,6049.7197
489.0,6651.549
490.0,6155.746
491.0,8410.575
492.0,5508.2324
493.0,4936.6855
494.0,11600.41
495.0,5866.2437
496.0,3330.438
497.0,7936.2524
498.0,8913.124
499.0,9901.263
500.0,4714.8115
501.0,5840.494
502.0,6500.592
503.0,7227.908
504.0,5311.703
505.0,8503.846
506.0,3479.5093
507.0,6114.6714
508.0,6408.5293
509.0,5540.6763
510.0,4600.4155
511.0,6775.6006
512.0,8496.646
513.0,5510.3027
514.0,8375.688
515.0,6662.7944
516.0,8857.403
517.0,4611.606
518.0,6683.302
519.0,6485.4185
520.0,7852.973
521.0,7786.615
522.0,5217.499
523.0,7997.8335
524.0,7252.7485
525.0,6854.7554
526.0,4101.9434
527.0,3758.0344
528.0,7177.3867
529.0,6705.273
530.0,8265.789
531.0,7027.6836
532.0,5680.464
533.0,8222.934
534.0,6542.642
535.0,7249.2354
536.0,7372.5244
537.0,6044.2344
538.0,7926.297
539.0,10635.533
540.0,7535.9165
541.0,4911.754
542.0,6270.283
543.0,4251.4287
544.0,3506.145
545.0,8352.298
546.0,5578.1143
547.0,8107.874
548.0,4969.754
549.0,7644.012
550.0,6269.727
551.0,9140.238
552.0,5466.569
553.0,5128.4326
554.0,5896.0024
555.0,7607.5938
556.0,4843.233
557.0,7441.3276
558.0,7342.055
559.0,9460.023
560.0,7308.03
561.0,7007.075
562.0,5716.6807
563.0,4636.0317
564.0,4947.165
565.0,10349.352
566.0,9526.119
567.0,6211.216
568.0,15207.896
569.0,6007.9253
570.0,5164.5483
571.0,5944.799
572.0,8382.345
573.0,8502.881
574.0,6370.445
575.0,7718.9844
576.0,7617.672
577.0,7993.7153
578.0,6565.4033
579.0,5638.923
580.0,4854.88
581.0,5364.1157
582.0,3920.042
583.0,5263.964
584.0,8725.225
585.0,15779.46
586.0,6497.9634
587.0,5171.0205
588.0,7157.3564
589.0,4130.9893
590.0,6099.5723
591.0,4113.0986
592.0,8662.198
593.0,6157.848
594.0,6123.835
595.0,13022.978
596.0,11117.781
597.0,6110.4326
598.0,6905.765
599.0,3627.3118
600.0,5403.9414
601.0,5063.8115
602.0,9288.851
603.0,4796.1885
604.0,4365.174
605.0,6020.006
606.0,5928.4624
607.0,6861.4604
608.0,7306.197
609.0,3371.3188
610.0,6887.6357
611.0,7489.712
612.0,7584.634
613.0,4820.819
614.0,4639.947
615.0,7806.1274
616.0,4270.9883
617.0,9605.063
618.0,4543.2695
619.0,4781.511
620.0,6649.5825
621.0,5902.254
622.0,4688.9155
623.0,6549.285
624.0,7042.244
625.0,8723.202
626.0,9510.74
627.0,5783.445
628.0,3696.891
629.0,5574.2524
630.0,6837.5684
631.0,4883.271
632.0,6488.655
633.0,5821.0117
634.0,11616.165
635.0,6807.9067
636.0,6072.8164
637.0,7552.2646
638.0,5497.0786
639.0,8143.797
640.0,5923.98
641.0,13043.227
642.0,6031.334
643.0,5126.2905
644.0,4758.08
645.0,4241.1445
646.0,7662.721
647.0,18047.08
648.0,4282.893
649.0,4556.2417
650.0,10278.201
651.0,6231.0947
652.0,7837.08
653.0,7630.0557
654.0,6236.2676
655.0,5176.316
656.0,4641.8325
657.0,9114.757
658.0,5776.2334
659.0,6146.3994
660.0,7108.7993
661.0,3924.12
662.0,7387.1865
663.0,5336.4146
664.0,3710.575
665.0,7445.438
666.0,7949.04
667.0,4174.679
668.0,7372.321
669.0,7209.1943
670.0,4490.537
671.0,9500.323
672.0,5984.2476
673.0,6712.216
674.0,4431.779
675.0,4809.919
676.0,6088.1797
677.0,4183.9404
678.0,7648.5996
679.0,4178.588
680.0,5832.778
681.0,4736.105
682.0,5797.0645
683.0,5905.34
684.0,6674.568
685.0,6980.672
686.0,7963.5493
687.0,5801.788
688.0,7369.6914
689.0,6424.0493
690.0,8220.142
691.0,9261.497
692.0,6597.5063
693.0,3540.4475
694.0,6106.8257
695.0,6922.8926
696.0,4908.6157
697.0,10149.38
698.0,5850.597
699.0,6644.3457
700.0,10483.04
701.0,6449.848
702.0,4124.5986
703.0,10792.365
704.0,9724.908
705.0,5291.8135
706.0,8757.641
707.0,9963.559
708.0,6007.8335
709.0,5660.495
710.0,6027.55
711.0,5646.345
712.0,6016.9746
713.0,7134.6323
714.0,5152.832
715.0,5888.9883
716.0,7178.9272
717.0,6208.693
718.0,8266.719
719.0,5672.9917
720.0,6323.5576
721.0,3670.4802
722.0,7627.88
723.0,6946.8105
724.0,5711.6064
725.0,6287.6694
726.0,6826.1846
727.0,9102.481
728.0,5859.1807
729.0,4860.1895
730.0,6065.5396
731.0,7082.5063
732.0,6509.0425
733.0,4985.2983
734.0,3774.435
735.0,7478.4336
736.0,7173.0547
737.0,5352.626
738.0,8099.171
739.0,6348.0386
740.0,6659.6367
741.0,5171.785
742.0,3725.0554
743.0,6758.741
744.0,6392.741
745.0,6598.6577
746.0,9912.016
747.0,8308.06
748.0,4762.044
749.0,8920.3955
750.0,3948.2332
751.0,3477.8965
752.0,7495.2646
753.0,11463.009
754.0,8050.197
755.0,6989.393
756.0,4824.094
757.0,6765.3843
758.0,9969.424
759.0,6087.657
760.0,6932.3613
761.0,5081.6567
762.0,4617.099
763.0,5207.679
764.0,5117.311
765.0,5384.4565
766.0,5045.3647
767.0,4959.8276
768.0,4372.9546
769.0,6409.9043
770.0,7130.36
771.0,5301.5645
772.0,5842.818
773.0,6468.6025
774.0,5420.8545
775.0,5270.249
776.0,8145.4204
777.0,7810.991
778.0,6068.086
779.0,3981.926
780.0,14344.366
781.0,6533.244
782.0,5363.0923
783.0,8238.956
784.0,7454.4624
785.0,7523.9443
786.0,6066.882
787.0,7202.3696
788.0,8611.922
789.0,13084.131
790.0,5039.92
791.0,4753.589
792.0,5394.4707
793.0,6200.017
794.0,5928.6772
795.0,7178.893
796.0,9382.396
797.0,5372.006
798.0,4032.809
799.0,5585.5947
800.0,7308.5737
801.0,4582.8916
802.0,7224.9717
803.0,4153.971
804.0,7386.2144
805.0,7735.9956
806.0,7290.388
807.0,8758.359
808.0,6082.3813
809.0,4154.5024
810.0,6647.864
811.0,6882.3296
812.0,7997.948
813.0,7275.7793
814.0,7406.2563
815.0,6792.6577
816.0,4295.9824
817.0,8848.63
818.0,4403.268
819.0,10597.471
820.0,6280.5728
821.0,4375.429
822.0,6476.8936
823.0,5935.875
824.0,6820.3335
825.0,7332.698
826.0,3979.8528
827.0,4209.3203
828.0,7679.9453
829.0,8677.537
830.0,9391.573
831.0,5299.0923
832.0,5787.6167
833.0,6492.79
834.0,6255.182
835.0,5736.8535
836.0,10738.419
837.0,8260.343
838.0,10885.57
839.0,4548.8374
840.0,5708.7197
841.0,8661.835
842.0,7630.616
843.0,5789.4717
844.0,9379.783
845.0,6192.1035
846.0,5756.087
847.0,5278.9175
848.0,4738.6494
849.0,4908.11
850.0,6671.2964
851.0,5713.5464
852.0,5117.262
853.0,8498.234
854.0,6795.859
855.0,19309.281
856.0,6604.791
857.0,4313.8374
858.0,7745.047
859.0,9121.088
860.0,6219.041
861.0,6635.739
862.0,5592.1465
863.0,9029.871
864.0,8492.449
865.0,5437.955
866.0,5894.2935
867.0,6588.036
868.0,8308.875
869.0,6963.3154
870.0,8454.804
871.0,5736.744
872.0,4820.4277
873.0,6512.3027
874.0,9469.646
875.0,10387.88
876.0,10563.434
877.0,7775.253
878.0,5070.264
879.0,6019.948
880.0,4437.663
881.0,7603.4736
882.0,10535.05
883.0,8905.884
884.0,6027.061
885.0,4828.0347
886.0,4096.5513
887.0,6015.035
888.0,11091.928
889.0,6546.431
890.0,4829.8125
891.0,5254.292
892.0,8635.759
893.0,4054.9316
894.0,7208.541
895.0,4542.6714
896.0,6252.003
897.0,7189.082
898.0,5330.579
899.0,7633.724
900.0,6621.8604
901.0,5423.4663
902.0,7032.3774
903.0,6891.0005
904.0,11486.286
905.0,5408.072
906.0,8542.337
907.0,7375.985
908.0,9182.95
909.0,6467.313
910.0,9730.466
911.0,5123.998
912.0,4875.257
913.0,6584.6753
914.0,5452.2744
915.0,8448.91
916.0,7719.088
917.0,5592.594
918.0,6833.468
919.0,6771.6855
920.0,9625.928
921.0,4064.0125
922.0,13515.988
923.0,5237.589
924.0,6247.2935
925.0,8607.233
926.0,4949.3784
927.0,6486.9526
928.0,6195.595
929.0,7319.3306
930.0,5558.802
931.0,5867.794
932.0,7294.7705
933.0,7695.329
934.0,8295.082
935.0,4868.523
936.0,7175.313
937.0,10804.446
938.0,6639.6953
939.0,4762.044
940.0,6660.869
941.0,6082.4565
942.0,5438.235
943.0,7632.8
944.0,4014.095
945.0,7984.6934
946.0,6163.9775
947.0,6996.71
948.0,7091.4697
949.0,4153.9077
950.0,5620.499
951.0,5717.766
952.0,7671.175
953.0,9122.575
954.0,5002.2515
955.0,4875.2427
956.0,6669.496
957.0,5727.4165
958.0,6377.5337
959.0,7810.7974
960.0,7001.7104
961.0,7318.451
962.0,5561.342
963.0,4737.3022
964.0,7375.7104
965.0,7965.874
966.0,8049.621
967.0,8418.167
968.0,8242.949
969.0,6229.377
970.0,8267.578
971.0,6314.089
972.0,8044.563
973.0,8815.448
974.0,6568.1777
975.0,9984.84
976.0,7886.292
977.0,7888.6997
978.0,5758.536
979.0,7356.7827
980.0,8191.4414
981.0,5909.2783
982.0,4273.829
983.0,5624.167
984.0,8101.4966
985.0,6145.4263
986.0,5061.5854
987.0,8999.649
988.0,6467.763
989.0,5990.992
990.0,5955.8096
991.0,5640.946
992.0,7636.3823
993.0,7159.5825
994.0,7067.7476
995.0,5681.5747
996.0,5189.1494
997.0,6612.4497
998.0,4230.784
999.0,6062.237
1000.0,4967.048
1001.0,8942.723
1002.0,7730.6553
1003.0,6276.5063
1004.0,11409.366
1005.0,6267.455
1006.0,4977.9
1007.0,10571.698
1008.0,7467.8843
1009.0,8900.737
1010.0,7877.2485
1011.0,4826.8374
1012.0,6288.2754
1013.0,6286.644
1014.0,7888.6694
1015.0,12167.242
1016.0,6246.281
1017.0,3429.5186
1018.0,5448.422
1019.0,9196.816
1020.0,8958.183
1021.0,6417.2334
1022.0,7131.251
1023.0,4762.73
1024.0,5883.0205
1025.0,3347.2585
1026.0,5099.365
1027.0,6430.3516
1028.0,7208.2456
1029.0,7958.6064
1030.0,6983.7954
1031.0,7794.5215
1032.0,7500.364
1033.0,7515.151
1034.0,4778.361
1035.0,9623.743
1036.0,11193.473
1037.0,6539.2793
1038.0,7915.3047
1039.0,5168.2246
1040.0,6627.307
1041.0,3757.4573
1042.0,7620.906
1043.0,5454.7764
1044.0,9141.528
1045.0,6684.8765
1046.0,8273.329
1047.0,7725.061
1048.0,5344.7534
1049.0,9083.912
1050.0,18524.162
1051.0,10655.149
1052.0,5902.4624
1053.0,3445.679
1054.0,6081.4067
1055.0,8903.718
1056.0,4933.052
1057.0,12176.588
1058.0,18048.354
1059.0,3563.0056
1060.0,5211.242
1061.0,7520.859
1062.0,5202.8286
1063.0,9285.8125
1064.0,6455.443
1065.0,7314.892
1066.0,3843.8867
1067.0,6684.8955
1068.0,6349.3525
1069.0,7106.0405
1070.0,9181.032
1071.0,5897.0884
1072.0,5475.4873
1073.0,6798.55
1074.0,5709.5967
1075.0,4978.6406
1076.0,8247.109
1077.0,6294.9424
1078.0,6021.0913
1079.0,7373.277
1080.0,6345.762
1081.0,5691.4844
1082.0,6830.763
1083.0,7397.763
1084.0,8828.895
1085.0,5780.698
1086.0,7559.5293
1087.0,6080.734
1088.0,3851.9768
1089.0,6566.2925
1090.0,7651.1313
1091.0,5554.5986
1092.0,4539.96
1093.0,8219.437
1094.0,7073.19
1095.0,9535.437
1096.0,7168.9644
1097.0,5866.3555
1098.0,4877.4194
1099.0,4878.839
1100.0,9676.74
1101.0,4835.6255
1102.0,8047.5176
1103.0,14500.224
1104.0,7159.514
1105.0,6718.0894
1106.0,5104.3096
1107.0,4711.593
1108.0,6926.175
1109.0,4126.7437
1110.0,5260.37
1111.0,9546.538
1112.0,5362.2227
1113.0,17067.996
1114.0,11816.26
1115.0,4436.114
1116.0,7319.575
1117.0,5846.1177
1118.0,6783.173
1119.0,5605.9307
1120.0,10995.216
1121.0,7813.7705
1122.0,8681.884
1123.0,5051.3457
1124.0,7150.2534
1125.0,4858.7017
1126.0,9036.4795
1127.0,6540.2334
1128.0,7286.912
1129.0,6157.737
1130.0,5762.5474
1131.0,8828.264
1132.0,9427.678
1133.0,5375.0913
1134.0,10618.647
1135.0,6237.3384
1136.0,9319.066
1137.0,5806.2227
1138.0,5715.318
1139.0,5616.2705
1140.0,9951.849
1141.0,6833.448
1142.0,7206.211
1143.0,6843.5386
1144.0,8779.092
1145.0,4607.02
1146.0,7912.0894
1147.0,6747.656
1148.0,3790.7266
1149.0,15570.718
1150.0,16757.754
1151.0,7745.6084
1152.0,7054.3047
1153.0,8834.117
1154.0,10564.199
1155.0,10988.045
1156.0,5854.6724
1157.0,7913.644
1158.0,5789.2676
1159.0,8084.7617
1160.0,4433.4995
1161.0,5945.6724
1162.0,5831.966
1163.0,6001.396
1164.0,7718.7856
1165.0,5456.9517
1166.0,4794.944
1167.0,6860.387
1168.0,3749.2222
1169.0,4747.1455
1170.0,6111.7964
1171.0,7118.4614
1172.0,8917.154
1173.0,8092.299
1174.0,8498.7295
1175.0,6146.687
1176.0,6391.6255
1177.0,10281.191
1178.0,7581.184
1179.0,5652.995
1180.0,4694.223
1181.0,8754.534
1182.0,4544.379
1183.0,6746.3237
1184.0,3585.9812
1185.0,5838.1216
1186.0,8465.035
1187.0,6033.653
1188.0,5158.2173
1189.0,8790.99
1190.0,9087.934
1191.0,11548.35
1192.0,5896.3174
1193.0,9847.919
1194.0,3274.2036
1195.0,5274.106
1196.0,6170.8955
1197.0,4427.697
1198.0,7952.9683
1199.0,5229.512
1200.0,4857.979
1201.0,9094.706
1202.0,11152.701
1203.0,7577.6055
1204.0,5525.471
1205.0,5031.869
1206.0,9470.36
1207.0,7198.9287
1208.0,6543.8154
1209.0,5280.3022
1210.0,6803.655
1211.0,10188.681
1212.0,4763.5615
1213.0,6413.623
1214.0,8298.928
1215.0,8054.114
1216.0,12258.5625
1217.0,6005.4272
1218.0,14552.927
1219.0,6849.6055
1220.0,6131.6377
1221.0,3627.187
1222.0,6143.6626
1223.0,6799.9507
1224.0,5906.0327
1225.0,7828.9814
1226.0,4880.0815
1227.0,4694.1963
1228.0,6838.286
1229.0,3905.4966
1230.0,7670.6553
1231.0,6738.375
1232.0,7888.3457
1233.0,8760.447
1234.0,5398.4546
1235.0,9397.039
1236.0,6709.5273
1237.0,5474.26
1238.0,5678.557
1239.0,5723.7686
1240.0,10222.223
1241.0,6353.4844
1242.0,4968.626
1243.0,7955.8057
1244.0,8591.011
1245.0,7143.9136
1246.0,6665.299
1247.0,8711.712
1248.0,5667.037
1249.0,5595.6787
1250.0,6139.843
1251.0,8483.147
1252.0,6467.5166
1253.0,6113.0674
1254.0,5954.2534
1255.0,5233.9233
1256.0,3900.4517
1257.0,5037.671
1258.0,8083.3657
1259.0,8332.771
1260.0,10020.243
1261.0,10895.4375
1262.0,7830.0195
1263.0,5697.9976
1264.0,5047.257
1265.0,11834.34
1266.0,11096.552
1267.0,8213.269
1268.0,8228.473
1269.0,8285.166
1270.0,5864.0225
1271.0,4100.539
1272.0,11139.073
1273.0,6973.2783
1274.0,6481.2505
1275.0,6675.173
1276.0,3134.61
1277.0,11020.602
1278.0,5631.9727
1279.0,5809.541
1280.0,4780.5264
1281.0,5705.383
1282.0,6737.713
1283.0,9492.787
1284.0,5767.106
1285.0,4791.6157
1286.0,4398.7256
1287.0,4796.1655
1288.0,2975.5037
1289.0,6953.161
1290.0,17564.518
1291.0,4998.0254
1292.0,5760.3545
1293.0,6831.9883
1294.0,5462.821
1295.0,5285.377
1296.0,4773.855
1297.0,4091.0723
1298.0,6458.9844
1299.0,7343.673
1300.0,4552.0537
1301.0,8632.383
1302.0,6220.821
1303.0,4834.9243
1304.0,7970.571
1305.0,7972.2666
1306.0,9053.457
1307.0,6115.377
1308.0,7410.7646
1309.0,4674.7764
1310.0,5628.09
1311.0,14006.578
1312.0,9668.483
1313.0,6228.5454
1314.0,5913.2085
1315.0,4603.0405
1316.0,5766.264
1317.0,4544.4224
1318.0,8982.807
1319.0,5013.4434
1320.0,5502.225
1321.0,6964.637
1322.0,4890.417
1323.0,6553.828
1324.0,7327.8457
1325.0,7305.9253
1326.0,7030.2983
1327.0,4460.3506
1328.0,5725.6357
1329.0,6398.671
1330.0,9822.873
1331.0,8511.636
1332.0,6666.659
1333.0,4617.3457
1334.0,7661.625
1335.0,6401.522
1336.0,4633.1714
1337.0,7287.357
1338.0,7706.3315
1339.0,6916.9854
1340.0,6235.2266
1341.0,6585.347
1342.0,6136.0083
1343.0,5446.276
1344.0,6298.1494
1345.0,6545.307
1346.0,6523.188
1347.0,8399.071
1348.0,5386.65
1349.0,4965.9346
1350.0,11624.122
1351.0,5966.687
1352.0,3675.0874
1353.0,8300.804
1354.0,8710.656
1355.0,10124.243
1356.0,4905.564
1357.0,6067.5244
1358.0,6556.823
1359.0,7586.515
1360.0,5201.7764
1361.0,8910.82
1362.0,3573.8545
1363.0,6540.09
1364.0,6631.759
1365.0,5955.446
1366.0,4829.3335
1367.0,6922.2124
1368.0,8872.462
1369.0,5693.7925
1370.0,9057.923
1371.0,6927.199
1372.0,9276.173
1373.0,4517.5483
1374.0,6947.1885
1375.0,6706.175
1376.0,7723.978
1377.0,8245.505
1378.0,4296.864
1379.0,8098.491
1380.0,7400.7837
1381.0,7069.9795
1382.0,4352.895
1383.0,3865.7512
1384.0,7475.239
1385.0,6885.4287
1386.0,8464.816
1387.0,6787.1787
1388.0,5875.332
1389.0,8136.9956
1390.0,6879.304
1391.0,7509.634
1392.0,7775.8164
1393.0,6487.9736
1394.0,8321.271
1395.0,10597.017
1396.0,7929.057
1397.0,5052.5024
1398.0,6292.5474
1399.0,4208.8345
1400.0,3594.7183
1401.0,8497.976
1402.0,5586.804
1403.0,8620.354
1404.0,4909.594
1405.0,7483.1143
1406.0,6206.188
1407.0,10846.127
1408.0,5452.654
1409.0,5177.175
1410.0,6198.5625
1411.0,7874.2363
1412.0,4902.7383
1413.0,7495.5723
1414.0,7576.63
1415.0,9854.637
1416.0,7437.858
1417.0,7046.3965
1418.0,5605.0054
1419.0,4792.886
1420.0,4861.8496
1421.0,10650.09
1422.0,9815.428
1423.0,6517.3545
1424.0,14050.543
1425.0,6247.514
1426.0,5257.531
1427.0,6114.3564
1428.0,8425.742
1429.0,8728.862
1430.0,6669.661
1431.0,7719.191
1432.0,7708.405
1433.0,8606.33
1434.0,6796.118
1435.0,5836.618
1436.0,4995.428
1437.0,5418.0576
1438.0,4027.281
1439.0,5383.3833
1440.0,8834.909
1441.0,16441.432
1442.0,6706.7314
1443.0,5350.732
1444.0,7827.4507
1445.0,4238.1763
1446.0,6131.3804
1447.0,3871.8074
1448.0,8631.164
1449.0,6103.3555
1450.0,6237.749
1451.0,13586.866
1452.0,11284.081
1453.0,6477.907
1454.0,6646.7227
1455.0,3670.5012
1456.0,5828.9683
1457.0,5309.054
1458.0,9228.07
1459.0,5112.7295
1460.0,4340.125
1461.0,6440.75
1462.0,5774.9336
1463.0,7181.2285
1464.0,7313.5664
1465.0,3315.3335
1466.0,7014.29
1467.0,7661.625
1468.0,7749.7983
1469.0,4748.4814
1470.0,4968.133
1471.0,8151.545
1472.0,4352.372
1473.0,9914.181
1474.0,4555.2725
1475.0,4817.0957
1476.0,6827.819
1477.0,5952.8223
1478.0,4656.396
1479.0,6576.277
1480.0,7434.2334
1481.0,9097.655
1482.0,10184.648
1483.0,5767.7163
1484.0,3821.464
1485.0,5583.1763
1486.0,7248.288
1487.0,5088.816
1488.0,6837.686
1489.0,6071.3394
1490.0,12334.735
1491.0,7531.928
1492.0,6275.9077
1493.0,7809.4194
1494.0,5809.225
1495.0,8310.508
1496.0,6015.408
1497.0,14776.719
1498.0,6067.032
1499.0,5409.6406
1500.0,5372.0625
1501.0,4139.7544
1502.0,8054.529
1503.0,18944.168
1504.0,4560.9595
1505.0,4416.3164
1506.0,10455.082
1507.0,6692.839
1508.0,7135.2856
1509.0,8087.3916
1510.0,6173.5566
1511.0,5530.238
1512.0,4697.2686
1513.0,9430.008
1514.0,5937.1772
1515.0,6405.15
1516.0,7436.0063
1517.0,4153.032
1518.0,7839.465
1519.0,5625.7124
1520.0,3813.3545
1521.0,7901.124
1522.0,8032.6406
1523.0,4216.8877
1524.0,7328.3003
1525.0,7105.7017
1526.0,4448.4746
1527.0,9382.244
1528.0,5922.206
1529.0,6670.679
1530.0,4505.129
1531.0,4669.4595
1532.0,7196.869
1533.0,3983.024
1534.0,7877.5415
1535.0,4598.8887
1536.0,6423.657
1537.0,4829.0293
1538.0,5773.369
1539.0,6224.4297
1540.0,6833.4414
1541.0,6600.7417
1542.0,8101.404
1543.0,6010.659
1544.0,7913.5386
1545.0,6840.067
1546.0,9115.626
1547.0,9545.865
1548.0,6914.6304
1549.0,3598.1182
1550.0,6403.7935
1551.0,7326.441
1552.0,5714.8926
1553.0,10268.109
1554.0,6059.133
1555.0,6849.0303
1556.0,10669.122
1557.0,6514.9614
1558.0,4210.83
1559.0,11240.342
1560.0,9922.316
1561.0,5490.927
1562.0,9230.649
1563.0,10207.618
1564.0,6249.123
1565.0,6060.1323
1566.0,6378.3916
1567.0,5931.013
1568.0,6339.126
1569.0,7091.1924
1570.0,5260.4805
1571.0,6441.34
1572.0,7432.411
1573.0,6798.9194
1574.0,8613.27
1575.0,5862.328
1576.0,6636.8335
1577.0,3665.55
1578.0,7732.418
1579.0,6918.397
1580.0,5485.6704
1581.0,6864.7593
1582.0,6979.6465
1583.0,9477.571
1584.0,5752.876
1585.0,5138.8677
1586.0,6127.545
1587.0,7018.158
1588.0,7011.822
1589.0,5228.8984
1590.0,3931.025
1591.0,8548.092
1592.0,7386.1577
1593.0,5599.2876
1594.0,8416.746
1595.0,6438.3604
1596.0,7473.421
1597.0,5014.041
1598.0,3757.7727
1599.0,6720.9604
1600.0,6477.926
1601.0,6750.1855
1602.0,10270.636
1603.0,9255.343
1604.0,5052.907
1605.0,8298.643
1606.0,4135.4404
1607.0,3564.3892
1608.0,7682.7734
1609.0,12568.803
1610.0,7823.7036
1611.0,7275.7656
1612.0,5153.8794
1613.0,7094.595
1614.0,10253.537
1615.0,6621.4434
1616.0,7346.8535
1617.0,5341.217
1618.0,5127.366
1619.0,5382.351
1620.0,5029.4365
1621.0,5763.966
1622.0,5267.9067
1623.0,4917.736
1624.0,4477.265
1625.0,6887.7476
1626.0,7553.36
1627.0,5369.1323
1628.0,5988.4785
1629.0,6832.2944
1630.0,5940.9497
1631.0,5396.8794
1632.0,8509.573
1633.0,8120.001
1634.0,5803.4766
1635.0,4225.3276
1636.0,14659.341
1637.0,6407.001
1638.0,5756.5757
1639.0,8702.112
1640.0,8288.431
1641.0,7946.3716
1642.0,6152.165
1643.0,7456.24
1644.0,9288.7
1645.0,13842.777
1646.0,5274.493
1647.0,4939.394
1648.0,5459.1904
1649.0,6398.2134
1650.0,5687.9463
1651.0,8134.1787
1652.0,8774.529
1653.0,5689.531
1654.0,4089.2463
1655.0,5686.0854
1656.0,7404.2925
1657.0,4836.2065
1658.0,7277.4937
1659.0,4185.034
1660.0,7494.907
1661.0,8444.601
1662.0,7638.852
1663.0,9825.327
1664.0,6509.3774
1665.0,4222.088
1666.0,6396.181
1667.0,7319.491
1668.0,8254.003
1669.0,7654.3066
1670.0,7229.087
1671.0,6601.3584
1672.0,4490.704
1673.0,9282.554
1674.0,4709.297
1675.0,10752.306
1676.0,6614.4556
1677.0,4658.1377
1678.0,7017.8706
1679.0,6185.398
1680.0,7277.0566
1681.0,7689.841
1682.0,4113.609
1683.0,4510.1465
1684.0,8184.343
1685.0,9343.604
1686.0,10061.672
1687.0,5423.813
1688.0,5848.2764
1689.0,6758.9478
1690.0,6306.511
1691.0,5760.1187
1692.0,10852.905
1693.0,8518.214
1694.0,11680.68
1695.0,4572.6733
1696.0,5917.807
1697.0,8901.153
1698.0,7733.7456
1699.0,6010.2866
1700.0,9563.608
1701.0,6569.055
1702.0,5641.2095
1703.0,5174.805
1704.0,4843.0806
1705.0,5090.0493
1706.0,6645.106
1707.0,5827.0835
1708.0,5186.5215
1709.0,9176.856
1710.0,6435.3335
1711.0,19865.11
1712.0,6614.8594
1713.0,4647.2466
1714.0,9018.708
1715.0,10246.342
1716.0,7110.9966
1717.0,7387.743
1718.0,6241.0757
1719.0,9205.013
1720.0,9103.323
1721.0,6018.559
1722.0,6907.88
1723.0,7049.778
1724.0,8948.721
1725.0,7572.7573
1726.0,9226.882
1727.0,6553.397
1728.0,5181.5273
1729.0,7348.872
1730.0,10855.473
1731.0,11700.08
1732.0,12144.762
1733.0,8296.11
1734.0,6364.0073
1735.0,6304.37
1736.0,5051.119
1737.0,8914.611
1738.0,13843.134
1739.0,9422.563
1740.0,6834.1714
1741.0,5748.559
1742.0,5060.644
1743.0,6715.501
1744.0,11326.262
1745.0,7598.471
1746.0,5198.354
1747.0,6014.2607
1748.0,9008.847
1749.0,4926.0503
1750.0,7890.1216
1751.0,5003.3394
1752.0,6740.284
1753.0,7464.274
1754.0,5845.984
1755.0,8112.9717
1756.0,7446.6597
1757.0,5715.95
1758.0,7893.6597
1759.0,7085.6416
1760.0,13395.279
1761.0,5992.004
1762.0,9612.157
1763.0,7115.563
1764.0,10241.184
1765.0,7071.1865
1766.0,10817.676
1767.0,6019.4146
1768.0,5575.795
1769.0,7645.9517
1770.0,5914.6074
1771.0,9291.083
1772.0,8232.837
1773.0,6532.49
1774.0,7737.464
1775.0,7726.5566
1776.0,10418.431
1777.0,4479.119
1778.0,15067.58
1779.0,5828.2344
1780.0,7610.5913
1781.0,9637.943
1782.0,6350.0674
1783.0,7107.9385
1784.0,6880.1836
1785.0,8025.1743
1786.0,5962.42
1787.0,7325.365
1788.0,7937.8115
1789.0,8164.765
1790.0,9553.023
1791.0,5615.6387
1792.0,7907.751
1793.0,11652.95
1794.0,7105.837
1795.0,4663.255
1796.0,7087.1016
1797.0,6346.041
1798.0,6120.8506
1799.0,8892.507
1800.0,4550.682
1801.0,8376.415
1802.0,6594.361
1803.0,7788.5317
1804.0,6796.5205
1805.0,4849.2793
1806.0,6437.415
1807.0,6400.514
1808.0,9222.896
1809.0,10541.513
1810.0,5025.3843
1811.0,5630.3022
1812.0,7566.2812
1813.0,6333.7954
1814.0,7054.325
1815.0,9027.081
1816.0,7770.0933
1817.0,7887.3755
1818.0,6238.695
1819.0,5244.0776
1820.0,8138.02
1821.0,8527.123
1822.0,9201.256
1823.0,9970.242
1824.0,8983.655
1825.0,7174.834
1826.0,9153.385
1827.0,6953.539
1828.0,9433.561
1829.0,9514.415
1830.0,7463.348
1831.0,11209.6045
1832.0,8079.0186
1833.0,8686.937
1834.0,6445.5127
1835.0,8042.1313
1836.0,9097.265
1837.0,7287.656
1838.0,5039.5405
1839.0,5915.617
1840.0,9063.307
1841.0,6714.5913
1842.0,5516.8506
1843.0,10209.896
1844.0,7384.1504
1845.0,6363.795
1846.0,6521.496
1847.0,6446.521
1848.0,8307.94
1849.0,7907.7134
1850.0,8335.021
1851.0,6473.775
1852.0,5947.612
1853.0,7228.26
1854.0,4678.849
1855.0,7479.9316
1856.0,5636.67
1857.0,9926.974
1858.0,8930.857
1859.0,6754.6553
1860.0,12571.08
1861.0,6720.518
1862.0,5066.4497
1863.0,11703.216
1864.0,7470.4844
1865.0,9053.976
1866.0,9022.219
1867.0,5090.331
1868.0,6515.9062
1869.0,6806.6797
1870.0,8721.339
1871.0,13045.977
1872.0,6335.1123
1873.0,3574.7239
1874.0,5529.1934
1875.0,10210.792
1876.0,10128.764
1877.0,7519.833
1878.0,8014.5493
1879.0,5158.335
1880.0,6700.9062
1881.0,3277.438
1882.0,5776.8066
1883.0,6432.701
1884.0,7703.201
1885.0,8981.907
1886.0,7631.06
1887.0,8306.775
1888.0,8011.1025
1889.0,7809.7617
1890.0,5121.2324
1891.0,10564.542
1892.0,12744.752
1893.0,7454.1143
1894.0,9064.776
1895.0,5194.736
1896.0,6708.2285
1897.0,4622.7397
1898.0,8318.812
1899.0,6304.1475
1900.0,10003.208
1901.0,7397.5586
1902.0,8875.898
1903.0,8558.117
1904.0,5387.822
1905.0,10416.841
1906.0,20930.547
1907.0,12896.668
1908.0,6811.9795
1909.0,3277.7756
1910.0,6286.77
1911.0,10662.042
1912.0,5410.4663
1913.0,12999.412
1914.0,18362.898
1915.0,4068.6284
1916.0,6331.301
1917.0,8194.427
1918.0,5244.398
1919.0,10834.196
1920.0,7207.187
1921.0,8057.8867
1922.0,3566.8347
1923.0,7578.1694
1924.0,6934.365
1925.0,7494.3
1926.0,9866.534
1927.0,6772.286
1928.0,5412.768
1929.0,8054.959
1930.0,6537.003
1931.0,5434.698
1932.0,9538.829
1933.0,6860.675
1934.0,6582.5464
1935.0,8612.538
1936.0,7764.8477
1937.0,6134.3813
1938.0,8221.2705
1939.0,8205.736
1940.0,8512.374
1941.0,6178.069
1942.0,8340.882
1943.0,5957.355
1944.0,4358.23
1945.0,6789.4126
1946.0,8310.35
1947.0,6239.6353
1948.0,5343.1733
1949.0,9353.474
1950.0,8452.433
1951.0,10243.176
1952.0,7903.966
1953.0,6446.1704
1954.0,5843.202
1955.0,4894.743
1956.0,10920.636
1957.0,5557.7627
1958.0,8298.833
1959.0,18171.797
1960.0,7793.9043
1961.0,7731.4004
1962.0,4858.7065
1963.0,5662.3633
1964.0,7394.7227
1965.0,4738.0117
1966.0,6026.4463
1967.0,9978.604
1968.0,5525.0654
1969.0,18338.71
1970.0,13576.413
1971.0,4925.308
1972.0,7619.83
1973.0,6107.8276
1974.0,7462.5938
1975.0,6520.202
1976.0,11154.403
1977.0,8699.307
1978.0,10164.328
1979.0,5869.921
1980.0,7637.5625
1981.0,4704.901
1982.0,10270.852
1983.0,7839.0537
1984.0,7480.017
1985.0,6568.7666
1986.0,5605.834
1987.0,10206.382
1988.0,11523.649
1989.0,5855.644
1990.0,11340.54
1991.0,6715.277
1992.0,9931.889
1993.0,6881.529
1994.0,6224.691
1995.0,6037.3486
1996.0,11751.86
1997.0,6530.266
1998.0,8097.6265
1999.0,7251.102
2000.0,10504.077
2001.0,5416.311
2002.0,10014.3955
2003.0,7471.482
2004.0,4442.801
2005.0,16161.742
2006.0,18110.617
2007.0,8643.315
2008.0,7709.3975
2009.0,10800.325
2010.0,12141.658
2011.0,11774.691
2012.0,6557.799
2013.0,8770.906
2014.0,6253.5356
2015.0,8868.046
2016.0,4350.716
2017.0,6956.644
2018.0,5941.7715
2019.0,6849.2266
2020.0,8730.194
2021.0,5975.897
2022.0,5642.813
2023.0,7425.092
2024.0,4087.5225
2025.0,5002.466
2026.0,6614.828
2027.0,7390.1465
2028.0,9535.109
2029.0,8743.061
2030.0,8228.951
2031.0,6502.539
2032.0,6714.1562
2033.0,13168.661
2034.0,8653.668
2035.0,6006.052
2036.0,5125.2783
2037.0,8442.966
2038.0,4881.5527
2039.0,7634.3506
2040.0,3659.6663
2041.0,6353.751
2042.0,10077.25
2043.0,6909.3164
2044.0,5668.74
2045.0,9252.121
2046.0,9866.572
2047.0,12875.971
2048.0,6431.8174
2049.0,11134.314
2050.0,3458.4495
2051.0,5914.6753
2052.0,6731.617
2053.0,4728.323
2054.0,8418.184
2055.0,5655.314
2056.0,4937.755
2057.0,9775.637
2058.0,12581.995
2059.0,8277.646
2060.0,5766.2036
2061.0,5638.81
2062.0,9414.56
2063.0,7092.322
2064.0,7028.4346
2065.0,5635.498
2066.0,7392.6914
2067.0,11740.479
2068.0,5199.3706
2069.0,7222.2363
2070.0,9078.205
2071.0,8730.702
2072.0,13864.618
2073.0,6098.746
2074.0,15763.561
2075.0,7650.9126
2076.0,6262.686
2077.0,4012.8774
2078.0,6892.269
2079.0,7190.7075
2080.0,6235.649
2081.0,7557.698
2082.0,5801.108
2083.0,5305.2676
2084.0,7925.738
2085.0,3838.7898
2086.0,9102.681
2087.0,8099.156
2088.0,8777.041
2089.0,9696.003
2090.0,6153.9614
2091.0,9695.494
2092.0,7780.8467
2093.0,5495.49
2094.0,6135.329
2095.0,5837.4087
2096.0,12527.8125
2097.0,6887.2812
2098.0,5523.9644
2099.0,7814.926
2100.0,9090.456
2101.0,8304.098
2102.0,7684.371
2103.0,9374.524
2104.0,5920.3647
2105.0,5693.6455
2106.0,6847.678
2107.0,9190.231
2108.0,7792.648
2109.0,7033.1016
2110.0,6377.625
2111.0,5359.0015
2112.0,4360.0054
2113.0,5418.549
2114.0,8270.852
2115.0,8613.976
2116.0,10502.785
2117.0,12444.144
2118.0,8205.079
2119.0,5979.409
2120.0,5432.838
2121.0,13232.631
2122.0,11940.79
2123.0,9133.336
2124.0,9493.802
2125.0,10028.848
2126.0,6366.606
2127.0,4302.7085
2128.0,11804.872
2129.0,7404.215
2130.0,7293.191
2131.0,6923.7905
2132.0,3614.6038
2133.0,13575.805
2134.0,6047.752
2135.0,5992.0894
2136.0,5124.384
2137.0,5816.8657
2138.0,7461.704
2139.0,10736.36
2140.0,6259.8315
2141.0,5125.2686
2142.0,4599.033
2143.0,4774.8843
2144.0,3328.9038
2145.0,7677.016
2146.0,18050.541
2147.0,5710.648
2148.0,6045.8545
2149.0,7658.688
2150.0,6701.111
2151.0,6071.797
2152.0,5008.095
2153.0,4818.7593
2154.0,7847.664
2155.0,8094.136
2156.0,5041.55
2157.0,9846.933
2158.0,6751.982
2159.0,5587.0225
2160.0,8471.868
2161.0,8572.095
2162.0,9967.36
2163.0,7128.905
2164.0,8333.32
2165.0,4983.7153
2166.0,5370.5767
2167.0,15450.201
2168.0,11211.08
2169.0,6465.0493
2170.0,6230.108
2171.0,5079.4272
2172.0,6407.3374
2173.0,5354.2393
2174.0,9637.145
2175.0,5986.6626
2176.0,6810.5435
2177.0,6736.7104
2178.0,5040.7856
2179.0,7605.809
2180.0,8697.167
2181.0,7730.493
2182.0,8064.6987
2183.0,5000.1045
2184.0,6688.014
2185.0,6859.772
2186.0,10604.751
2187.0,8442.128
2188.0,7196.2583
2189.0,5500.829
2190.0,8553.115
2191.0,6970.519
2192.0,4544.6045
2193.0,8235.578
2194.0,8107.665
2195.0,7581.0176
2196.0,6507.6826
2197.0,7065.227
2198.0,5969.9375
2199.0,6217.1494
2200.0,7016.0435
2201.0,7172.439
2202.0,7370.802
2203.0,9055.815
2204.0,5989.547
2205.0,5585.6055
2206.0,12605.91
2207.0,7146.7485
2208.0,4571.7534
2209.0,8770.514
2210.0,8303.893
2211.0,12134.793
2212.0,5547.5986
2213.0,6023.222
2214.0,7383.411
2215.0,8281.7295
2216.0,6309.8687
2217.0,9316.115
2218.0,3815.4575
2219.0,6905.2847
2220.0,7231.218
2221.0,6898.7803
2222.0,6073.552
2223.0,8000.641
2224.0,10783.485
2225.0,6182.472
2226.0,9776.103
2227.0,7513.703
2228.0,10145.335
2229.0,4533.6196
2230.0,7840.115
2231.0,7641.862
2232.0,8204.531
2233.0,8734.425
2234.0,4996.7
2235.0,7997.9937
2236.0,7923.704
2237.0,8174.9575
2238.0,4640.748
2239.0,4296.9004
2240.0,9111.602
2241.0,7388.9766
2242.0,9142.811
2243.0,7873.0273
2244.0,6533.0947
2245.0,8548.882
2246.0,8301.295
2247.0,8778.447
2248.0,8283.76
2249.0,6988.6465
2250.0,9464.301
2251.0,12030.136
2252.0,8865.289
2253.0,5546.218
2254.0,7122.584
2255.0,4915.5503
2256.0,4361.4194
2257.0,9206.619
2258.0,6242.737
2259.0,10356.847
2260.0,5592.632
2261.0,7711.5083
2262.0,7011.2803
2263.0,11169.467
2264.0,6181.222
2265.0,5526.9
2266.0,6941.009
2267.0,8949.592
2268.0,5101.7637
2269.0,7892.666
2270.0,7831.9316
2271.0,10516.458
2272.0,7607.826
2273.0,7501.809
2274.0,5855.594
2275.0,5301.15
2276.0,5216.897
2277.0,12261.731
2278.0,10533.975
2279.0,7054.89
2280.0,14144.338
2281.0,7286.6274
2282.0,5345.5845
2283.0,7211.161
2284.0,9238.453
2285.0,9714.71
2286.0,7076.9756
2287.0,8704.395
2288.0,8467.143
2289.0,10706.981
2290.0,7379.623
2291.0,6422.218
2292.0,6441.0386
2293.0,5961.26
2294.0,4832.831
2295.0,6176.384
2296.0,9743.672
2297.0,16777.055
2298.0,7140.6504
2299.0,5577.9277
2300.0,7954.766
2301.0,4451.6113
2302.0,6487.33
2303.0,4346.8037
2304.0,10103.532
2305.0,6502.1606
2306.0,6769.47
2307.0,14698.639
2308.0,11334.128
2309.0,6863.8037
2310.0,7496.4517
2311.0,3967.6885
2312.0,6387.841
2313.0,5709.635
2314.0,9609.847
2315.0,5435.3516
2316.0,4510.25
2317.0,7816.29
2318.0,5887.483
2319.0,8192.473
2320.0,8117.8096
2321.0,4175.894
2322.0,7549.0815
2323.0,8860.504
2324.0,7991.314
2325.0,5843.7095
2326.0,5684.621
2327.0,9135.009
2328.0,4889.5776
2329.0,10602.455
2330.0,5259.657
2331.0,5447.3257
2332.0,7119.636
2333.0,6746.9287
2334.0,4892.937
2335.0,6892.8213
2336.0,8410.863
2337.0,10316.77
2338.0,11635.791
2339.0,6297.3384
2340.0,4466.6562
2341.0,6424.6685
2342.0,8829.198
2343.0,5265.0986
2344.0,8010.2466
2345.0,6241.909
2346.0,12639.186
2347.0,8115.3477
2348.0,6736.839
2349.0,8572.079
2350.0,6824.9604
2351.0,9005.643
2352.0,6449.984
2353.0,15319.889
2354.0,6834.8823
2355.0,5874.6597
2356.0,6089.562
2357.0,5240.9824
2358.0,8939.03
2359.0,21254.88
2360.0,5040.4634
2361.0,4624.5967
2362.0,12044.383
2363.0,7600.2905
2364.0,8252.035
2365.0,8274.047
2366.0,7275.4395
2367.0,5668.4536
2368.0,5024.464
2369.0,10471.428
2370.0,6722.32
2371.0,7322.592
2372.0,8413.255
2373.0,5000.5054
2374.0,8795.745
2375.0,5953.8955
2376.0,4065.0322
2377.0,8702.494
2378.0,9164.61
2379.0,4708.9463
2380.0,7862.9263
2381.0,7487.9404
2382.0,4837.231
2383.0,10403.992
2384.0,6253.5596
2385.0,7659.9663
2386.0,5156.0674
2387.0,5534.3696
2388.0,7074.8027
2389.0,4094.9297
2390.0,8308.534
2391.0,4995.652
2392.0,7001.1226
2393.0,6212.733
2394.0,6221.373
2395.0,6722.756
2396.0,7461.9746
2397.0,7526.966
2398.0,8447.436
2399.0,6505.473
2400.0,7934.4736
2401.0,7052.347
2402.0,10426.174
2403.0,10246.176
2404.0,7402.492
2405.0,3540.0894
2406.0,7687.3545
2407.0,7795.4136
2408.0,5868.8574
2409.0,11003.86
2410.0,6460.525
2411.0,8245.379
2412.0,11661.199
2413.0,6880.912
2414.0,5273.12
2415.0,13563.51
2416.0,10682.206
2417.0,5621.4746
2418.0,10406.612
2419.0,11771.84
2420.0,6709.278
2421.0,6519.6177
2422.0,7244.7144
2423.0,6803.2593
2424.0,7134.3804
2425.0,7794.774
2426.0,5782.3965
2427.0,7060.774
2428.0,8337.255
2429.0,7798.753
2430.0,9423.894
2431.0,6167.6885
2432.0,7473.756
2433.0,3751.0251
2434.0,8119.095
2435.0,6886.1777
2436.0,6146.7983
2437.0,7576.29
2438.0,8399.079
2439.0,10755.312
2440.0,6453.504
2441.0,5933.271
2442.0,6619.6626
2443.0,7193.5747
2444.0,7502.46
2445.0,5369.7725
2446.0,4905.522
2447.0,8338.759
2448.0,7186.847
2449.0,6285.7446
2450.0,9184.921
2451.0,7222.209
2452.0,8152.392
2453.0,5445.424
2454.0,4118.234
2455.0,7958.1357
2456.0,6872.759
2457.0,8557.718
2458.0,11139.477
2459.0,10058.045
2460.0,5833.418
2461.0,8749.775
2462.0,4116.07
2463.0,4163.258
2464.0,8310.722
2465.0,14076.31
2466.0,8539.021
2467.0,8342.449
2468.0,6150.147
2469.0,8542.899
2470.0,10820.854
2471.0,7151.4604
2472.0,8174.669
2473.0,5732.532
2474.0,4729.8975
2475.0,6499.9224
2476.0,5463.936
2477.0,6601.1885
2478.0,5660.9053
2479.0,5902.4175
2480.0,4847.6514
2481.0,8086.651
2482.0,8917.367
2483.0,6110.5493
2484.0,6959.431
2485.0,6820.093
2486.0,5807.6406
2487.0,6378.252
2488.0,9271.988
2489.0,8960.602
2490.0,6251.603
2491.0,4593.912
2492.0,17360.42
2493.0,6630.633
2494.0,6897.3853
2495.0,10784.967
2496.0,8910.633
2497.0,8618.093
2498.0,6284.192
2499.0,7906.3936
2500.0,11769.504
2501.0,14651.053
2502.0,6135.815
2503.0,6107.2744
2504.0,5862.966
2505.0,6832.5356
2506.0,6427.1875
2507.0,8255.869
2508.0,10570.316
2509.0,7152.8315
2510.0,4745.9365
2511.0,6383.565
2512.0,7826.5547
2513.0,5697.7363
2514.0,7936.192
2515.0,4783.012
2516.0,7722.011
2517.0,9239.89
2518.0,8565.859
2519.0,10622.7705
2520.0,7284.869
2521.0,4742.624
2522.0,6412.0996
2523.0,9274.987
2524.0,9068.141
2525.0,7998.505
2526.0,8010.8657
2527.0,7361.289
2528.0,4968.901
2529.0,10884.678
2530.0,5478.7056
2531.0,12747.548
2532.0,6900.037
2533.0,5017.2803
2534.0,7773.1025
2535.0,6887.4717
2536.0,8509.938
2537.0,8257.964
2538.0,4406.0537
2539.0,5269.148
2540.0,9073.885
2541.0,10337.129
2542.0,11222.228
2543.0,6047.054
2544.0,6747.1797
2545.0,7683.2056
2546.0,6505.3
2547.0,6211.743
2548.0,11551.07
2549.0,9475.401
2550.0,13462.828
2551.0,5441.1304
2552.0,6451.688
2553.0,9502.589
2554.0,8463.38
2555.0,6679.8794
2556.0,11238.798
2557.0,7924.294
2558.0,6104.141
2559.0,5795.7925
2560.0,5456.1865
2561.0,5617.5513
2562.0,7462.743
2563.0,6677.2485
2564.0,5810.9653
2565.0,10556.081
2566.0,6970.26
2567.0,22682.07
2568.0,7111.1255
2569.0,5241.242
2570.0,10308.783
2571.0,11838.042
2572.0,8405.731
2573.0,8876.847
2574.0,7630.216
2575.0,9521.723
2576.0,10498.509
2577.0,7495.9155
2578.0,7956.2915
2579.0,8540.903
2580.0,10499.54
2581.0,9178.598
2582.0,10845.434
2583.0,8607.603
2584.0,6306.3066
2585.0,9688.173
2586.0,13084.58
2587.0,12416.745
2588.0,12769.695
2589.0,11051.927
2590.0,6499.11
2591.0,7269.356
2592.0,5799.531
2593.0,10142.926
2594.0,14656.895
2595.0,11149.776
2596.0,8909.809
2597.0,7125.288
2598.0,4767.0386
2599.0,8163.184
2600.0,13105.763
2601.0,9199.571
2602.0,6555.5474
2603.0,7624.2285
2604.0,9328.511
2605.0,5219.8984
2606.0,9840.258
2607.0,6220.05
2608.0,8787.872
2609.0,9627.653
2610.0,7051.244
2611.0,8807.985
2612.0,10146.234
2613.0,6549.0293
2614.0,9074.586
2615.0,8538.362
2616.0,14225.415
2617.0,7070.168
2618.0,10576.69
2619.0,7632.028
2620.0,10876.127
2621.0,8876.415
2622.0,13431.842
2623.0,7909.0034
2624.0,6258.0405
2625.0,8424.745
2626.0,7300.5127
2627.0,11947.591
2628.0,10050.221
2629.0,7952.3613
2630.0,9794.526
2631.0,8581.24
2632.0,12191.264
2633.0,5317.751
2634.0,18174.709
2635.0,6037.0146
2636.0,8245.93
2637.0,10709.524
2638.0,7653.956
2639.0,8891.54
2640.0,8155.861
2641.0,10231.079
2642.0,7769.1816
2643.0,8264.031
2644.0,9943.205
2645.0,9528.255
2646.0,11805.288
2647.0,7516.097
2648.0,9240.507
2649.0,14315.9795
2650.0,8184.8813
2651.0,5363.067
2652.0,8668.313
2653.0,7143.893
2654.0,7221.0103
2655.0,9091.783
2656.0,5567.1216
2657.0,11237.737
2658.0,7569.8325
2659.0,9474.101
2660.0,8554.127
2661.0,4801.434
2662.0,7490.898
2663.0,7991.512
2664.0,10533.653
2665.0,11585.693
2666.0,6382.8833
2667.0,6551.0596
2668.0,9374.274
2669.0,7377.2163
2670.0,8176.2983
2671.0,11021.537
2672.0,8683.78
2673.0,8953.716
2674.0,7478.683
2675.0,6157.5664
2676.0,9360.266
2677.0,9865.255
2678.0,10513.569
2679.0,12031.019
2680.0,11199.603
2681.0,8266.829
2682.0,11516.54
2683.0,8036.1045
2684.0,10784.474
2685.0,12177.063
2686.0,8561.587
2687.0,12385.071
2688.0,8467.328
2689.0,11103.932
2690.0,7647.4614
2691.0,8425.235
2692.0,11504.146
2693.0,8473.889
2694.0,5650.4775
2695.0,6423.896
2696.0,11111.855
2697.0,7924.77
2698.0,6395.577
2699.0,12598.206
2700.0,7444.0254
2701.0,7428.8394
2702.0,7347.0215
2703.0,7758.999
2704.0,10186.893
2705.0,8839.6045
2706.0,9804.994
2707.0,7735.8774
2708.0,7330.9985
2709.0,8987.537
2710.0,5464.5093
2711.0,8370.928
2712.0,6923.5728
2713.0,10925.918
2714.0,9901.462
2715.0,7617.0107
2716.0,13677.122
2717.0,7351.136
2718.0,5847.679
2719.0,13297.647
2720.0,8855.756
2721.0,11487.864
2722.0,9228.414
2723.0,6258.721
2724.0,7677.2866
2725.0,8071.8325
2726.0,10073.588
2727.0,16366.134
2728.0,7581.712
2729.0,4244.3823
2730.0,6430.658
2731.0,11877.444
2732.0,13063.632
2733.0,9035.894
2734.0,9647.84
2735.0,5796.7656
2736.0,7296.009
2737.0,4010.26
2738.0,6706.738
2739.0,8170.4673
2740.0,9880.952
2741.0,10069.65
2742.0,8910.098
2743.0,9756.867
2744.0,9340.832
2745.0,9734.142
2746.0,6585.994
2747.0,11694.981
2748.0,16063.362
2749.0,9403.306
2750.0,10892.539
2751.0,7117.9316
2752.0,9028.468
2753.0,6653.11
2754.0,9768.47
2755.0,8308.353
2756.0,11397.794
2757.0,8646.556
2758.0,11691.825
2759.0,9527.9
2760.0,6664.447
2761.0,12839.954
2762.0,23138.191
2763.0,15401.4
2764.0,8282.599
2765.0,3833.2935
2766.0,7283.639
2767.0,12600.718
2768.0,6570.5713
2769.0,12866.408
2770.0,18459.016
2771.0,4739.309
2772.0,7490.6978
2773.0,9521.704
2774.0,6621.7275
2775.0,12746.722
2776.0,9195.702
2777.0,10365.74
2778.0,3939.8696
2779.0,8904.338
2780.0,8433.042
2781.0,8632.712
2782.0,12646.879
2783.0,7981.7466
2784.0,6636.827
2785.0,9100.207
2786.0,7404.773
2787.0,6226.11
2788.0,10865.012
2789.0,8825.418
2790.0,8321.891
2791.0,10394.382
2792.0,8718.254
2793.0,7462.3306
2794.0,8693.774
2795.0,9974.674
2796.0,11061.945
2797.0,7450.5103
2798.0,8704.71
2799.0,7235.0054
2800.0,5246.209
2801.0,7663.0796
2802.0,8806.138
2803.0,7836.751
2804.0,5486.9526
2805.0,10340.984
2806.0,10603.527
2807.0,11942.737
2808.0,9340.449
2809.0,8496.111
2810.0,7310.979
2811.0,5673.901
2812.0,13437.877
2813.0,6934.504
2814.0,8815.415
2815.0,19281.658
2816.0,9436.342
2817.0,7474.7183
2818.0,6146.8687
2819.0,6531.973
2820.0,8873.055
2821.0,5072.6973
2822.0,6907.465
2823.0,11588.269
2824.0,6805.732
2825.0,19450.936
2826.0,14811.146
2827.0,5629.2124
2828.0,8771.525
2829.0,6994.0146
2830.0,8787.595
2831.0,7179.9136
2832.0,13453.214
2833.0,11188.51
2834.0,11372.547
2835.0,6352.4844
2836.0,8866.05
2837.0,6477.011
2838.0,11918.364
2839.0,9029.501
2840.0,9646.009
2841.0,7870.099
2842.0,6191.513
2843.0,11568.469
2844.0,10638.517
2845.0,7378.314
2846.0,12018.197
2847.0,6873.2637
2848.0,12489.195
2849.0,6936.958
2850.0,6923.1763
2851.0,7877.106
2852.0,13428.717
2853.0,8261.218
2854.0,10288.529
2855.0,8549.135
2856.0,12357.202
2857.0,6085.0273
2858.0,9768.115
2859.0,8785.785
2860.0,5454.365
2861.0,17078.775
2862.0,20883.012
2863.0,9984.649
2864.0,9553.625
2865.0,13237.996
2866.0,14159.481
2867.0,13207.099
2868.0,7679.1177
2869.0,10336.676
2870.0,7848.817
2871.0,10828.194
2872.0,5343.846
2873.0,7783.0215
2874.0,6979.9263
2875.0,8587.815
2876.0,9566.746
2877.0,6839.2446
2878.0,7316.6855
2879.0,8430.412
2880.0,5375.4814
2881.0,6016.1484
2882.0,7486.127
2883.0,8864.68
2884.0,12026.281
2885.0,10000.1455
2886.0,10141.175
2887.0,7647.206
2888.0,7749.244
2889.0,13901.48
2890.0,9446.03
2891.0,7841.6636
2892.0,6223.996
2893.0,9504.211
2894.0,5792.1504
2895.0,9192.107
2896.0,4725.559
2897.0,6976.046
2898.0,11778.432
2899.0,8162.11
2900.0,7329.342
2901.0,11393.729
2902.0,11743.647
2903.0,13928.993
2904.0,7315.3877
2905.0,11684.2
2906.0,4683.913
2907.0,6718.038
2908.0,7696.8115
2909.0,5208.087
2910.0,9127.728
2911.0,7215.7573
2912.0,5985.966
2913.0,11630.188
2914.0,13810.93
2915.0,9248.115
2916.0,6823.561
2917.0,6297.5786
2918.0,10801.705
2919.0,8220.816
2920.0,8232.704
2921.0,7194.2334
2922.0,8692.589
2923.0,13208.535
2924.0,6262.6924
2925.0,8871.709
2926.0,10280.388
2927.0,10244.192
2928.0,15803.889
2929.0,7517.782
2930.0,17188.355
2931.0,9245.329
2932.0,7565.3574
2933.0,4742.814
2934.0,7517.5527
2935.0,8974.611
2936.0,7818.1016
2937.0,8983.998
2938.0,6762.7134
2939.0,6215.3823
2940.0,8741.418
2941.0,4819.927
2942.0,9123.941
2943.0,9410.331
2944.0,10332.881
2945.0,12691.224
2946.0,7803.098
2947.0,11338.713
2948.0,7882.2764
2949.0,6600.6406
2950.0,6888.168
2951.0,7051.291
2952.0,13591.597
2953.0,8180.3936
2954.0,5994.159
2955.0,9680.285
2956.0,11673.14
2957.0,9965.279
2958.0,9366.785
2959.0,11076.715
2960.0,6892.1045
2961.0,5562.4507
2962.0,7495.708
2963.0,10571.859
2964.0,8777.334
2965.0,8113.2505
2966.0,8548.083
2967.0,6788.0786
2968.0,5008.8735
2969.0,6254.818
2970.0,10176.278
2971.0,10568.513
2972.0,12269.511
2973.0,15329.681
2974.0,10470.189
2975.0,7216.356
2976.0,6034.263
2977.0,12857.073
2978.0,14119.471
2979.0,11708.497
2980.0,10906.469
2981.0,9852.522
2982.0,7294.7563
2983.0,5845.0083
2984.0,12328.525
2985.0,9995.969
2986.0,9026.393
2987.0,8200.393
2988.0,4359.3022
2989.0,13633.856
2990.0,4976.362
2991.0,7359.822
2992.0,5756.762
2993.0,6985.694
2994.0,7907.1104
2995.0,13485.689
2996.0,7217.574
2997.0,5720.7666
2998.0,5760.025
2999.0,6167.141
3000.0,3849.233
3001.0,9332.773
3002.0,20472.459
3003.0,6539.691
3004.0,7253.821
3005.0,9064.785
3006.0,6847.8286
3007.0,7229.48
3008.0,6031.53
3009.0,6101.2134
3010.0,9624.422
3011.0,9901.584
3012.0,5553.02
3013.0,11866.234
3014.0,9254.407
3015.0,6254.126
3016.0,10594.935
3017.0,10899.845
3018.0,10740.847
3019.0,8816.601
3020.0,8957.209
3021.0,5787.0312
3022.0,6197.8647
3023.0,16920.246
3024.0,11849.802
3025.0,7869.709
3026.0,7415.1343
3027.0,5987.148
3028.0,7424.32
3029.0,5798.452
3030.0,11599.127
3031.0,5641.1343
3032.0,7108.555
3033.0,8856.626
3034.0,6008.452
3035.0,8546.917
3036.0,9129.835
3037.0,9603.616
3038.0,9734.336
3039.0,6906.042
3040.0,7416.549
3041.0,8600.603
3042.0,13626.9795
3043.0,10250.32
3044.0,8658.167
3045.0,6356.6123
3046.0,9041.256
3047.0,7069.939
3048.0,5505.3696
3049.0,9378.764
3050.0,9694.468
3051.0,9049.659
3052.0,8148.863
3053.0,8297.796
3054.0,7393.559
3055.0,6911.1094
3056.0,8450.684
3057.0,7706.2656
3058.0,9040.213
3059.0,11470.391
3060.0,7365.3345
3061.0,6884.8643
3062.0,15267.99
3063.0,8145.055
3064.0,4868.3003
3065.0,9857.946
3066.0,9993.023
3067.0,12820.253
3068.0,6655.585
3069.0,7717.2397
3070.0,8788.392
3071.0,9069.663
3072.0,7551.7393
3073.0,12275.668
3074.0,4135.5986
3075.0,9329.979
3076.0,8372.43
3077.0,8125.7344
3078.0,7123.4604
3079.0,9337.225
3080.0,12357.132
3081.0,6730.3584
3082.0,11318.065
3083.0,9484.362
3084.0,12558.558
3085.0,5707.631
3086.0,8566.864
3087.0,8111.865
3088.0,9523.394
3089.0,10563.615
3090.0,6193.013
3091.0,8316.106
3092.0,10165.908
3093.0,9648.162
3094.0,5481.2666
3095.0,4914.5845
3096.0,10935.279
3097.0,9016.317
3098.0,10847.327
3099.0,9499.97
3100.0,7161.276
3101.0,10509.158
3102.0,9602.6455
3103.0,11239.645
3104.0,9670.162
3105.0,8575.488
3106.0,9919.165
3107.0,14014.328
3108.0,9266.463
3109.0,6256.8887
3110.0,8634.0625
3111.0,5919.766
3112.0,4553.956
3113.0,11078.216
3114.0,7129.3604
3115.0,11750.437
3116.0,6964.2256
3117.0,9421.305
3118.0,8391.257
3119.0,12892.425
3120.0,7304.462
3121.0,7031.3174
3122.0,7916.996
3123.0,10242.121
3124.0,6919.044
3125.0,9050.522
3126.0,8683.921
3127.0,11686.519
3128.0,9043.964
3129.0,8825.839
3130.0,7193.6436
3131.0,6192.4995
3132.0,6205.2646
3133.0,14576.402
3134.0,12801.155
3135.0,8482.104
3136.0,14139.374
3137.0,8269.716
3138.0,6556.2603
3139.0,9753.602
3140.0,11032.106
3141.0,12621.321
3142.0,8855.866
3143.0,10470.629
3144.0,10752.624
3145.0,11437.127
3146.0,8678.042
3147.0,8014.473
3148.0,7890.363
3149.0,7668.3657
3150.0,5381.7095
3151.0,7979.189
3152.0,11665.416
3153.0,18927.48
3154.0,8884.741
3155.0,7628.964
3156.0,9930.43
3157.0,5796.8154
3158.0,7456.0054
3159.0,4303.004
3160.0,12046.6455
3161.0,7889.4595
3162.0,8387.792
3163.0,18117.027
3164.0,11693.196
3165.0,8205.438
3166.0,9264.863
3167.0,4525.678
3168.0,6539.7534
3169.0,6956.737
3170.0,10927.554
3171.0,6869.8164
3172.0,5781.3765
3173.0,8039.784
3174.0,7070.0874
3175.0,9668.17
3176.0,10130.628
3177.0,4434.7983
3178.0,9181.829
3179.0,10653.706
3180.0,10412.946
3181.0,7758.4146
3182.0,6609.24
3183.0,10617.554
3184.0,6203.732
3185.0,12243.548
3186.0,5971.5493
3187.0,6886.132
3188.0,9209.544
3189.0,7759.125
3190.0,5776.327
3191.0,8642.261
3192.0,9979.232
3193.0,11629.645
3194.0,13768.87
3195.0,7902.383
3196.0,5213.4
3197.0,7234.7017
3198.0,9870.299
3199.0,6400.636
3200.0,10290.04
3201.0,7748.564
3202.0,14945.426
3203.0,9497.56
3204.0,7644.836
3205.0,9929.066
3206.0,7444.2666
3207.0,10973.352
3208.0,7355.8564
3209.0,16113.9375
3210.0,7957.802
3211.0,7159.0635
3212.0,7728.768
3213.0,6033.4688
3214.0,9251.795
3215.0,19036.03
3216.0,6315.5405
3217.0,6070.384
3218.0,12854.204
3219.0,8459.224
3220.0,8951.444
3221.0,9735.553
3222.0,8856.355
3223.0,6742.959
3224.0,6280.998
3225.0,11998.967
3226.0,7675.8003
3227.0,8419.958
3228.0,8881.369
3229.0,6087.3496
3230.0,9663.91
3231.0,7057.7773
3232.0,4723.247
3233.0,9670.559
3234.0,10174.541
3235.0,5016.3374
3236.0,9457.741
3237.0,8801.007
3238.0,5867.665
3239.0,12564.176
3240.0,7805.599
3241.0,9331.829
3242.0,6189.706
3243.0,7029.829
3244.0,7560.5747
3245.0,5398.0635
3246.0,9695.291
3247.0,6139.316
3248.0,7597.1665
3249.0,6892.545
3250.0,8162.32
3251.0,6955.8545
3252.0,8542.361
3253.0,9760.172
3254.0,9422.419
3255.0,8061.661
3256.0,9194.019
3257.0,7853.557
3258.0,11914.829
3259.0,11997.159
3260.0,8776.137
3261.0,4274.339
3262.0,7741.31
3263.0,9286.281
3264.0,5593.731
3265.0,12355.293
3266.0,8419.572
3267.0,9421.925
3268.0,13434.212
3269.0,6746.195
3270.0,6352.3394
3271.0,14448.249
3272.0,12662.001
3273.0,6533.313
3274.0,11786.522
3275.0,11820.668
3276.0,7521.964
3277.0,7221.5063
3278.0,8795.1
3279.0,7391.4297
3280.0,7263.9844
3281.0,9101.631
3282.0,6673.8804
3283.0,7082.79
3284.0,10107.522
3285.0,9315.3955
3286.0,12023.185
3287.0,7106.2437
3288.0,8317.931
3289.0,4219.8374
3290.0,9058.226
3291.0,8824.955
3292.0,7277.5977
3293.0,8595.912
3294.0,9456.884
3295.0,11815.584
3296.0,8004.2134
3297.0,6787.2046
3298.0,8064.191
3299.0,8455.19
3300.0,7971.407
3301.0,6226.52
3302.0,5729.1377
3303.0,9036.256
3304.0,7277.862
3305.0,8135.6064
3306.0,10760.729
3307.0,8267.365
3308.0,9479.56
3309.0,6511.532
3310.0,5176.706
3311.0,9424.181
3312.0,8314.123
3313.0,9912.375
3314.0,13358.243
3315.0,11324.414
3316.0,6515.229
3317.0,10688.371
3318.0,4648.4526
3319.0,5368.077
3320.0,9649.883
3321.0,15163.043
3322.0,9728.582
3323.0,10231.235
3324.0,8068.0146
3325.0,10290.442
3326.0,13752.989
3327.0,8022.5415
3328.0,10079.711
3329.0,6902.1436
3330.0,5666.972
3331.0,6977.2305
3332.0,6588.426
3333.0,7329.146
3334.0,7149.019
3335.0,7588.2373
3336.0,6009.5586
3337.0,7980.8633
3338.0,10631.7
3339.0,7592.4365
3340.0,8239.577
3341.0,8515.9795
3342.0,6538.6616
3343.0,6723.75
3344.0,10875.4
3345.0,9935.214
3346.0,8129.688
3347.0,5318.0757
3348.0,18884.586
3349.0,7769.5894
3350.0,8142.678
3351.0,12540.209
3352.0,9966.03
3353.0,10460.707
3354.0,7673.5166
3355.0,8562.804
3356.0,12314.188
3357.0,19056.355
3358.0,7426.0337
3359.0,7204.9736
3360.0,7088.048
3361.0,7964.9243
3362.0,7889.5947
3363.0,8426.698
3364.0,12498.322
3365.0,7339.1772
3366.0,5539.9473
3367.0,7796.618
3368.0,9192.353
3369.0,6784.952
3370.0,9075.677
3371.0,5117.4185
3372.0,9030.569
3373.0,9788.82
3374.0,9603.882
3375.0,12753.544
3376.0,8148.3965
3377.0,5446.676
3378.0,7870.7295
3379.0,9718.436
3380.0,10769.127
3381.0,9393.571
3382.0,9832.846
3383.0,8586.12
3384.0,6204.14
3385.0,11716.193
3386.0,5886.3096
3387.0,13373.82
3388.0,5801.0137
3389.0,6052.236
3390.0,9341.714
3391.0,7590.206
3392.0,9095.686
3393.0,8916.992
3394.0,5222.0996
3395.0,6670.851
3396.0,10554.027
3397.0,12030.525
3398.0,12704.484
3399.0,7006.1797
3400.0,7132.414
3401.0,9788.391
3402.0,8134.2407
3403.0,7247.168
3404.0,14066.955
3405.0,11876.209
3406.0,13923.48
3407.0,5626.2275
3408.0,7774.3853
3409.0,9867.711
3410.0,9896.618
3411.0,7950.3516
3412.0,14248.594
3413.0,8082.78
3414.0,7806.649
3415.0,6888.871
3416.0,7181.9546
3417.0,6563.9253
3418.0,9045.491
3419.0,7810.2163
3420.0,7267.831
3421.0,14995.083
3422.0,7714.7964
3423.0,22906.68
3424.0,8472.506
3425.0,3909.153
3426.0,3777.0356
3427.0,3498.8345
3428.0,2731.6348
3429.0,3535.3208
3430.0,3709.6086
3431.0,3507.4866
3432.0,2398.0254
3433.0,3126.5825
3434.0,2761.9233
3435.0,1932.0116
3436.0,2627.5684
3437.0,1825.4596
3438.0,4003.8958
3439.0,2896.668
3440.0,2540.7766
3441.0,3876.1274
3442.0,2666.9426
3443.0,5930.8945
3444.0,5649.852
3445.0,3477.4023
3446.0,3206.4414
3447.0,3212.2188
3448.0,2078.093
3449.0,5074.822
3450.0,3776.3186
3451.0,3909.7646
3452.0,4425.2354
3453.0,2380.6787
3454.0,3506.3088
3455.0,2689.3052
3456.0,5044.2197
3457.0,3295.9304
3458.0,3825.053
3459.0,3253.3708
3460.0,4563.81
3461.0,2799.4443
3462.0,4365.6484
3463.0,3825.3337
3464.0,3497.8867
3465.0,2127.373
3466.0,2335.5942
3467.0,3927.955
3468.0,3115.019
3469.0,2462.6978
3470.0,2723.1836
3471.0,2759.428
3472.0,6544.3394
3473.0,4227.3228
3474.0,3444.3315
3475.0,5251.3457
3476.0,2948.8823
3477.0,2936.7725
3478.0,4206.4785
3479.0,1946.057
3480.0,1799.9927
3481.0,3461.1492
3482.0,3442.712
3483.0,4527.3105
3484.0,3259.0615
3485.0,2803.3623
3486.0,5638.7563
3487.0,5478.8047
3488.0,5977.972
3489.0,2174.1929
3490.0,5496.6177
3491.0,3073.2847
3492.0,2973.5571
3493.0,5465.3853
3494.0,3074.8948
3495.0,4398.8516
3496.0,3086.533
3497.0,3923.8992
3498.0,2505.2798
3499.0,2646.1362
3500.0,8270.765
3501.0,2974.7388
3502.0,4718.51
3503.0,1608.9283
3504.0,5501.1753
3505.0,5988.7583
3506.0,2711.3623
3507.0,1718.0454
3508.0,2653.2537
3509.0,4536.8516
3510.0,3516.4988
3511.0,3717.5652
3512.0,1953.3383
3513.0,4126.9956
3514.0,2447.467
3515.0,3023.9631
3516.0,2877.1743
3517.0,2387.6357
3518.0,3060.9663
3519.0,3271.0315
3520.0,3585.793
3521.0,4976.148
3522.0,3133.1602
3523.0,3283.1394
3524.0,3124.7634
3525.0,4356.351
3526.0,2570.3657
3527.0,4352.708
3528.0,3444.9426
3529.0,3354.9214
3530.0,2243.6294
3531.0,2609.9746
3532.0,4279.9243
3533.0,5898.348
3534.0,4483.0386
3535.0,3316.678
3536.0,3896.7402
3537.0,2952.0461
3538.0,3915.5908
3539.0,2429.6853
3540.0,3654.824
3541.0,5614.5034
3542.0,4595.0957
3543.0,4264.6133
3544.0,4533.836
3545.0,5490.5283
3546.0,3069.376
3547.0,3536.272
3548.0,2890.0159
3549.0,2613.6426
3550.0,2533.2722
3551.0,3763.7495
3552.0,3905.7424
3553.0,3338.9985
3554.0,2468.2031
3555.0,3954.5806
3556.0,3760.6487
3557.0,5662.7144
3558.0,4212.088
3559.0,2138.505
3560.0,3484.1362
3561.0,5339.225
3562.0,3033.4343
3563.0,2579.8242
3564.0,2300.7327
3565.0,2813.5583
3566.0,2882.2966
3567.0,2977.8196
3568.0,3359.5813
3569.0,5175.1357
3570.0,4488.0063
3571.0,4612.3447
3572.0,5995.194
3573.0,3002.8538
3574.0,3302.4485
3575.0,7659.6597
3576.0,4360.176
3577.0,3882.2627
3578.0,5503.3325
3579.0,4741.109
3580.0,3235.2222
3581.0,3798.6685
3582.0,2690.6409
3583.0,5969.6357
3584.0,2370.9954
3585.0,2393.2998
3586.0,2229.2095
3587.0,3183.2507
3588.0,6432.222
3589.0,4203.322
3590.0,4929.0303
3591.0,3046.3335
3592.0,1282.8431
3593.0,1732.8462
3594.0,2589.9412
3595.0,3871.959
3596.0,3354.9407
3597.0,4342.6304
3598.0,3271.9492
3599.0,2997.9678
3600.0,2222.2676
3601.0,3264.9055
3602.0,1772.3474
3603.0,5316.6655
3604.0,6300.499
3605.0,3267.816
3606.0,4252.102
3607.0,2786.1226
3608.0,3515.0164
3609.0,2227.382
3610.0,3853.5242
3611.0,3630.621
3612.0,4637.5176
3613.0,4455.8174
3614.0,4597.4717
3615.0,3218.7034
3616.0,2897.2622
3617.0,5484.87
3618.0,13367.113
3619.0,3962.522
3620.0,2333.7554
3621.0,2568.9646
3622.0,1991.1935
3623.0,3680.722
3624.0,2927.9966
3625.0,17564.77
3626.0,28933.693
3627.0,1961.5272
3628.0,1701.7089
3629.0,8069.123
3630.0,2588.548
3631.0,5367.688
3632.0,3166.3025
3633.0,2956.4456
3634.0,7426.055
3635.0,4190.175
3636.0,2195.7014
3637.0,2625.967
3638.0,4149.5557
3639.0,3276.2188
3640.0,2728.9297
3641.0,3968.6462
3642.0,3708.94
3643.0,4291.383
3644.0,7487.4907
3645.0,3517.7803
3646.0,3876.3271
3647.0,3163.1687
3648.0,2794.8384
3649.0,3930.159
3650.0,2939.6414
3651.0,3639.3767
3652.0,7176.353
3653.0,3473.4536
3654.0,4509.467
3655.0,2200.015
3656.0,1809.6384
3657.0,4263.987
3658.0,3824.637
3659.0,2589.0186
3660.0,1853.7843
3661.0,3581.9092
3662.0,3781.174
3663.0,2637.1152
3664.0,2347.6953
3665.0,3399.1882
3666.0,2345.6377
3667.0,1296.5521
3668.0,5747.3916
3669.0,3727.9136
3670.0,3031.8054
3671.0,10177.996
3672.0,3368.8787
3673.0,2096.551
3674.0,3563.4712
3675.0,1814.1492
3676.0,2733.697
3677.0,2071.741
3678.0,1685.3918
3679.0,3753.2085
3680.0,1392.245
3681.0,7622.825
3682.0,7337.5815
3683.0,2273.2192
3684.0,2670.213
3685.0,2186.2715
3686.0,2543.5427
3687.0,3609.3286
3688.0,7022.323
3689.0,5227.158
3690.0,3111.36
3691.0,2445.16
3692.0,2792.986
3693.0,2520.4795
3694.0,9455.144
3695.0,4426.7046
3696.0,5023.117
3697.0,2894.1985
3698.0,8376.088
3699.0,3975.22
3700.0,2786.476
3701.0,2545.4885
3702.0,6135.862
3703.0,3282.0151
3704.0,6401.9736
3705.0,2599.7383
3706.0,3941.0498
3707.0,1735.9203
3708.0,3055.0413
3709.0,2745.0771
3710.0,4753.6523
3711.0,2544.515
3712.0,3297.8613
3713.0,2296.352
3714.0,4252.9863
3715.0,2583.4226
3716.0,2091.0042
3717.0,7233.591
3718.0,12152.409
3719.0,4570.0527
3720.0,2618.0947
3721.0,4495.6504
3722.0,4832.7437
3723.0,2787.432
3724.0,1937.8207
3725.0,3046.9468
3726.0,2220.9797
3727.0,5641.586
3728.0,2118.5518
3729.0,2710.7986
3730.0,2781.4377
3731.0,3889.4167
3732.0,3627.0244
3733.0,1520.9016
3734.0,2143.8074
3735.0,2836.1082
3736.0,2436.497
3737.0,3428.354
3738.0,2597.9805
3739.0,3717.512
3740.0,4198.557
3741.0,3624.7832
3742.0,2486.7437
3743.0,3357.3833
3744.0,2544.9458
3745.0,3452.7368
3746.0,2506.6821
3747.0,1861.4388
3748.0,3062.6956
3749.0,5403.8696
3750.0,2121.0525
3751.0,2458.2751
3752.0,1271.7744
3753.0,2728.9285
3754.0,4136.968
3755.0,3331.9475
3756.0,2773.4607
3757.0,3783.209
3758.0,3908.6758
3759.0,5316.8687
3760.0,1538.2268
3761.0,9238.735
3762.0,1538.2268
3763.0,2696.9592
3764.0,4622.594
3765.0,3477.983
3766.0,7434.4814
3767.0,1896.8351
3768.0,2326.274
3769.0,1985.6676
3770.0,4548.373
3771.0,6026.0264
3772.0,3424.556
3773.0,1011.3413
3774.0,3677.7598
3775.0,3059.016
3776.0,3511.7988
3777.0,3407.295
3778.0,6192.7593
3779.0,4051.8423
3780.0,2454.042
3781.0,2686.6306
3782.0,2999.5125
3783.0,1911.9954
3784.0,7165.1704
3785.0,2874.531
3786.0,11391.762
3787.0,4783.286
3788.0,1905.5426
3789.0,1557.0266
3790.0,4579.522
3791.0,4195.7144
3792.0,2657.7454
3793.0,4567.839
3794.0,2543.2856
3795.0,1905.8126
3796.0,3256.6873
3797.0,1589.7306
3798.0,5953.9067
3799.0,2924.4402
3800.0,4471.3794
3801.0,2811.224
3802.0,3152.8052
3803.0,3746.5337
3804.0,4584.544
3805.0,2615.1677
3806.0,2593.064
3807.0,1823.0261
3808.0,6614.1846
3809.0,3236.8428
3810.0,2529.7495
3811.0,2842.2932
3812.0,2855.1506
3813.0,2148.146
3814.0,2791.8618
3815.0,2680.0757
3816.0,4056.3398
3817.0,6793.746
3818.0,2587.4604
3819.0,3394.4604
3820.0,2845.3794
3821.0,2233.0752
3822.0,1960.124
3823.0,2607.258
3824.0,1555.7856
3825.0,4279.8057
3826.0,2194.7034
3827.0,1997.3767
3828.0,4082.523
3829.0,5205.4297
3830.0,2791.2292
3831.0,4357.7935
3832.0,2025.7942
3833.0,4168.038
3834.0,3803.462
3835.0,5009.4473
3836.0,3573.0227
3837.0,2465.0874
3838.0,3287.916
3839.0,1930.354
3840.0,7694.94
3841.0,2929.4941
3842.0,2560.645
3843.0,3779.7388
3844.0,1029.0741
3845.0,3426.5623
3846.0,1860.0575
3847.0,2701.5635
3848.0,1864.1646
3849.0,4355.9146
3850.0,2062.5056
3851.0,3233.482
3852.0,6161.332
3853.0,2159.6975
3854.0,2874.2717
3855.0,2575.7527
3856.0,1843.8901
3857.0,4965.2524
3858.0,20108.43
3859.0,3093.5664
3860.0,2664.411
3861.0,4040.576
3862.0,2802.913
3863.0,2419.6616
3864.0,2635.2402
3865.0,2014.9036
3866.0,6731.007
3867.0,2025.4762
3868.0,2263.2275
3869.0,4929.19
3870.0,1967.6185
3871.0,2002.575
3872.0,6049.073
3873.0,6482.9385
3874.0,5567.9023
3875.0,1949.8142
3876.0,3757.4036
3877.0,3001.817
3878.0,1983.0188
3879.0,11715.042
3880.0,4115.049
3881.0,2585.807
3882.0,1555.0665
3883.0,1948.981
3884.0,2103.2107
3885.0,1621.7332
3886.0,3114.1277
3887.0,3028.2703
3888.0,3878.55
3889.0,2313.5999
3890.0,3276.2156
3891.0,2845.0603
3892.0,4067.1306
3893.0,4336.6323
3894.0,4084.8525
3895.0,1899.6705
3896.0,3608.85
3897.0,1838.9457
3898.0,6068.0566
3899.0,1652.0913
3900.0,2992.7754
3901.0,1957.203
3902.0,3818.6655
3903.0,3265.0957
3904.0,2172.7517
3905.0,3280.1812
3906.0,1734.6288
3907.0,2991.1343
3908.0,2639.6387
3909.0,1900.519
3910.0,3159.821
3911.0,2271.1272
3912.0,4633.715
3913.0,5324.933
3914.0,2914.5151
3915.0,2678.0295
3916.0,3862.1501
3917.0,1894.8217
3918.0,4679.1304
3919.0,1695.285
3920.0,1444.4796
3921.0,3902.2864
3922.0,6669.674
3923.0,6518.965
3924.0,2807.4504
3925.0,2158.9167
3926.0,4122.0107
3927.0,4940.699
3928.0,1344.619
3929.0,3625.371
3930.0,2110.7363
3931.0,2414.502
3932.0,1571.1545
3933.0,2998.863
3934.0,1613.7251
3935.0,2882.1042
3936.0,4803.3945
3937.0,1932.8016
3938.0,3798.107
3939.0,3521.598
3940.0,2928.9897
3941.0,4300.8086
3942.0,3451.2615
3943.0,1569.7249
3944.0,4790.4365
3945.0,3368.4802
3946.0,1326.4388
3947.0,12300.514
3948.0,4611.157
3949.0,4323.069
3950.0,3871.1648
3951.0,1266.1765
3952.0,4226.279
3953.0,1958.1837
3954.0,3668.1174
3955.0,4298.245
3956.0,3194.7993
3957.0,2914.6807
3958.0,2646.0164
3959.0,3146.6003
3960.0,3252.3406
3961.0,1854.9362
3962.0,3145.2139
3963.0,6609.77
3964.0,4817.2427
3965.0,1394.0599
3966.0,3580.765
3967.0,2499.6333
3968.0,1656.0364
3969.0,3503.731
3970.0,3536.7107
3971.0,1778.4011
3972.0,3015.715
3973.0,5055.1777
3974.0,3421.6853
3975.0,5284.4946
3976.0,2484.051
3977.0,3692.3235
3978.0,1986.1907
3979.0,4161.0664
3980.0,2263.1033
3981.0,3792.2239
3982.0,3444.3906
3983.0,6278.9673
3984.0,2921.3464
3985.0,2583.0935
3986.0,2286.994
3987.0,1858.1559
3988.0,5278.2427
3989.0,3123.6428
3990.0,6352.533
3991.0,2804.5312
3992.0,15642.61
3993.0,2315.909
3994.0,2026.7551
3995.0,3027.6204
3996.0,2336.479
3997.0,1971.819
3998.0,4590.942
3999.0,3814.275
4000.0,3162.4114
4001.0,4546.4995
4002.0,2202.5479
4003.0,3395.1406
4004.0,1520.7064
4005.0,3396.028
4006.0,2280.1746
4007.0,2122.5112
4008.0,2119.061
4009.0,10504.989
4010.0,2492.8555
4011.0,1798.4639
4012.0,3190.0725
4013.0,2112.7915
4014.0,2280.1028
4015.0,1170.0686
4016.0,2007.1401
4017.0,2669.4587
4018.0,2647.0515
4019.0,4007.3882
4020.0,11019.6455
4021.0,3397.133
4022.0,3973.7224
4023.0,2252.5457
4024.0,2853.1372
4025.0,1823.9674
4026.0,2114.866
4027.0,2427.681
4028.0,1844.821
4029.0,3343.5247
4030.0,2418.7258
4031.0,2376.0054
4032.0,2845.519
4033.0,1087.1038
4034.0,2482.1
4035.0,4394.4775
4036.0,3874.0647
4037.0,2620.335
4038.0,2733.564
4039.0,1800.4608
4040.0,3076.485
4041.0,4382.35
4042.0,2749.4253
4043.0,2890.493
4044.0,2345.8135
4045.0,3221.0623
4046.0,3197.0889
4047.0,3478.6133
4048.0,4123.108
4049.0,5988.387
4050.0,5243.5728
4051.0,2068.246
4052.0,2705.6853
4053.0,3067.9446
4054.0,4269.612
4055.0,1971.471
4056.0,3380.3552
4057.0,1944.4468
4058.0,5834.013
4059.0,2020.5184
4060.0,2024.9786
4061.0,5708.758
4062.0,4311.8257
4063.0,2511.417
4064.0,4000.7612
4065.0,5915.815
4066.0,4478.5723
4067.0,1492.1472
4068.0,2953.27
4069.0,1451.4005
4070.0,2767.0664
4071.0,5759.569
4072.0,1484.1772
4073.0,2964.68
4074.0,2343.2031
4075.0,4277.0835
4076.0,1775.5441
4077.0,3831.82
4078.0,3769.991
4079.0,2734.2383
4080.0,1877.1957
4081.0,7921.0522
4082.0,2779.6816
4083.0,4142.3774
4084.0,4844.5083
4085.0,2431.3281
4086.0,6478.006
4087.0,2407.833
4088.0,1749.0007
4089.0,1991.4604
4090.0,2166.0454
4091.0,2093.7542
4092.0,3614.1729
4093.0,4904.9136
4094.0,1735.8441
4095.0,3222.4946
4096.0,3446.4514
4097.0,2390.006
4098.0,2947.6152
4099.0,2253.138
4100.0,2910.832
4101.0,2439.6665
4102.0,2903.8647
4103.0,1818.3606
4104.0,4548.651
4105.0,1965.471
4106.0,2227.074
4107.0,3389.1345
4108.0,2394.6372
4109.0,5605.3047
4110.0,4995.9
4111.0,3312.2039
4112.0,3902.9453
4113.0,4079.9807
4114.0,4611.7993
4115.0,4281.0264
4116.0,5712.2495
4117.0,1943.6733
4118.0,2804.4697
4119.0,2478.7646
4120.0,3282.2751
4121.0,3927.7563
4122.0,1891.9653
4123.0,4031.1746
4124.0,5912.1426
4125.0,5091.3555
4126.0,1379.424
4127.0,3589.4207
4128.0,5601.601
4129.0,2487.013
4130.0,5330.6914
4131.0,2814.0364
4132.0,3195.2046
4133.0,3926.5764
4134.0,2883.2703
4135.0,2348.019
4136.0,3768.9087
4137.0,4313.9194
4138.0,2059.5078
4139.0,5407.2725
4140.0,2058.115
4141.0,3535.8572
4142.0,3549.2327
4143.0,2071.7332
4144.0,4939.4316
4145.0,1222.0573
4146.0,4870.223
4147.0,2439.6257
4148.0,1523.1769
4149.0,4006.3179
4150.0,4881.1523
4151.0,5013.635
4152.0,4935.6875
4153.0,3154.9714
4154.0,2495.6848
4155.0,4250.707
4156.0,5416.2803
4157.0,1806.0547
4158.0,1980.1279
4159.0,6759.824
4160.0,10322.882
4161.0,2767.5876
4162.0,3296.1504
4163.0,3189.9387
4164.0,4431.119
4165.0,2321.0486
4166.0,1324.0686
4167.0,4608.6377
4168.0,3015.8618
4169.0,4055.3804
4170.0,7176.8804
4171.0,6013.3774
4172.0,2254.212
4173.0,3430.366
4174.0,1648.8351
4175.0,840.64777
4176.0,3379.3203
4177.0,5939.1597
4178.0,2794.7532
4179.0,3454.163
4180.0,2054.0178
4181.0,3764.4531
4182.0,5389.7183
4183.0,4819.5684
4184.0,3135.4387
4185.0,2422.3572
4186.0,3222.2979
4187.0,2371.8223
4188.0,4980.151
4189.0,2446.3547
4190.0,1896.2749
4191.0,1592.5776
4192.0,2275.8286
4193.0,3099.7615
4194.0,3042.0298
4195.0,2760.979
4196.0,4224.135
4197.0,3590.4583
4198.0,3685.0117
4199.0,2390.9229
4200.0,3010.4578
4201.0,2848.9946
4202.0,2387.2883
4203.0,1629.5625
4204.0,4080.0977
4205.0,1963.7267
4206.0,2267.3977
4207.0,2880.3408
4208.0,7370.106
4209.0,4316.023
4210.0,3013.3223
4211.0,4229.4365
4212.0,5078.3325
4213.0,7680.304
4214.0,2444.9326
4215.0,2702.0469
4216.0,2833.958
4217.0,4947.7925
4218.0,5466.7407
4219.0,4498.0825
4220.0,4898.391
4221.0,4846.0195
4222.0,2216.7637
4223.0,5175.7676
4224.0,3403.1824
4225.0,2735.7202
4226.0,2836.4314
4227.0,2693.8594
4228.0,3488.037
4229.0,3708.6357
4230.0,3262.7231
4231.0,5178.064
4232.0,3072.7542
4233.0,2642.1746
4234.0,2715.4045
4235.0,3809.0825
4236.0,6751.628
4237.0,3401.4102
4238.0,3882.5034
4239.0,3938.1824
4240.0,1971.3844
4241.0,5509.472
4242.0,2320.7817
4243.0,8150.923
4244.0,2837.544
4245.0,2703.4482
4246.0,3577.4392
4247.0,3630.9883
4248.0,1917.3702
4249.0,3185.3286
4250.0,2117.8494
4251.0,2053.773
4252.0,2501.659
4253.0,6281.028
4254.0,7443.0596
4255.0,3191.287
4256.0,4287.0664
4257.0,2981.8179
4258.0,2398.7222
4259.0,2124.3325
4260.0,7123.7593
4261.0,3476.4304
4262.0,8613.311
4263.0,4086.6335
4264.0,2983.5308
4265.0,11888.018
4266.0,4120.9097
4267.0,2608.8032
4268.0,3630.6072
4269.0,4559.4634
4270.0,2334.3423
4271.0,4337.9688
4272.0,2106.8984
4273.0,1456.1411
4274.0,4726.781
4275.0,2684.7703
4276.0,2483.005
4277.0,3272.745
4278.0,3106.0693
4279.0,7077.381
4280.0,3941.2078
4281.0,4492.444
4282.0,4034.325
4283.0,5956.4116
4284.0,3533.2441
4285.0,6178.228
4286.0,4429.877
4287.0,6399.0796
4288.0,5980.875
4289.0,4119.8486
4290.0,3398.3875
4291.0,5067.2275
4292.0,4973.652
4293.0,4075.663
4294.0,5439.5996
4295.0,5249.3125
4296.0,3254.1128
4297.0,5013.95
4298.0,6679.5103
4299.0,7704.2153
4300.0,6914.0435
4301.0,6917.4272
4302.0,4516.402
4303.0,5312.914
4304.0,2243.4219
4305.0,7682.1504
4306.0,8113.9854
4307.0,7983.5586
4308.0,5402.5757
4309.0,2684.212
4310.0,4533.235
4311.0,5592.9517
4312.0,7753.5103
4313.0,4431.707
4314.0,4595.7354
4315.0,4090.2256
4316.0,5903.7124
4317.0,2759.3252
4318.0,7077.016
4319.0,4257.1265
4320.0,7178.1396
4321.0,6184.926
4322.0,3599.4226
4323.0,8357.629
4324.0,5990.1753
4325.0,4461.717
4326.0,3649.0688
4327.0,6519.7607
4328.0,10618.88
4329.0,5696.8237
4330.0,5272.6875
4331.0,9149.178
4332.0,7562.818
4333.0,5578.939
4334.0,3173.4573
4335.0,2297.1672
4336.0,2521.5376
4337.0,4624.835
4338.0,5443.2065
4339.0,8054.014
4340.0,7335.2793
4341.0,3709.202
4342.0,7600.856
4343.0,7544.9785
4344.0,5960.1514
4345.0,2863.099
4346.0,9714.22
4347.0,3332.9998
4348.0,3862.7693
4349.0,6164.1772
4350.0,4144.5117
4351.0,5920.421
4352.0,2806.2188
4353.0,5316.813
4354.0,4704.919
4355.0,5443.409
4356.0,7629.7935
4357.0,6596.449
4358.0,4753.9697
4359.0,3142.9375
4360.0,6630.329
4361.0,11730.002
4362.0,4754.8994
4363.0,2919.4531
4364.0,6309.1646
4365.0,5439.7393
4366.0,6161.338
4367.0,8312.466
4368.0,2213.0781
4369.0,7072.9673
4370.0,4573.454
4371.0,5133.126
4372.0,6067.565
4373.0,2604.7546
4374.0,4352.5586
4375.0,4072.9114
4376.0,7516.4487
4377.0,6737.79
4378.0,4211.405
4379.0,4448.4873
4380.0,6513.2715
4381.0,5908.315
4382.0,5053.0806
4383.0,6552.8594
4384.0,3904.7253
4385.0,5822.028
4386.0,4243.431
4387.0,2943.0605
4388.0,5257.611
4389.0,7516.9717
4390.0,6034.165
4391.0,7076.4966
4392.0,7763.7446
4393.0,3621.3374
4394.0,7119.6836
4395.0,3033.7844
4396.0,3778.9312
4397.0,7579.861
4398.0,6381.763
4399.0,7260.4106
4400.0,9213.489
4401.0,6497.0894
4402.0,5036.9307
4403.0,6582.8477
4404.0,7351.543
4405.0,3006.431
4406.0,2802.4023
4407.0,5542.4683
4408.0,4556.046
4409.0,5029.048
4410.0,3169.6724
4411.0,5389.2866
4412.0,5820.3066
4413.0,5687.7344
4414.0,5727.0615
4415.0,2863.8093
4416.0,5924.3696
4417.0,6630.5884
4418.0,3379.288
4419.0,5577.7363
4420.0,2931.5322
4421.0,5393.509
4422.0,3833.8823
4423.0,3784.1077
4424.0,4278.418
4425.0,7129.122
4426.0,5980.276
4427.0,6319.1196
4428.0,13597.963
4429.0,3784.8623
4430.0,4612.464
4431.0,9641.998
4432.0,5388.593
4433.0,8375.656
4434.0,6605.9883
4435.0,5037.7476
4436.0,5861.1987
4437.0,5005.158
4438.0,4679.336
4439.0,7654.92
4440.0,4919.669
4441.0,2722.7861
4442.0,3305.7075
4443.0,7735.1104
4444.0,9640.132
4445.0,5446.52
4446.0,6610.3687
4447.0,4050.9187
4448.0,2401.8481
4449.0,1910.3806
4450.0,3183.3845
4451.0,5523.1055
4452.0,6887.327
4453.0,5652.7793
4454.0,4360.1343
4455.0,7982.7666
4456.0,5381.7505
4457.0,6232.533
4458.0,4904.006
4459.0,7476.294
4460.0,8773.651
4461.0,3994.6672
4462.0,5772.6367
4463.0,5001.4067
4464.0,6309.6157
4465.0,2816.0088
4466.0,5055.6167
4467.0,4445.8613
4468.0,8013.9453
4469.0,5544.8057
4470.0,6965.0557
4471.0,6095.2803
4472.0,4661.8804
4473.0,7329.88
4474.0,16998.418
4475.0,8177.8506
4476.0,3542.6636
4477.0,2161.059
4478.0,5515.782
4479.0,7370.7173
4480.0,3264.314
4481.0,10087.866
4482.0,16495.305
4483.0,4347.4634
4484.0,2497.9038
4485.0,10194.96
4486.0,3181.1836
4487.0,6442.716
4488.0,3357.7134
4489.0,5536.899
4490.0,3629.6758
4491.0,5901.601
4492.0,5279.809
4493.0,5294.969
4494.0,9011.8545
4495.0,6043.5654
4496.0,5464.7544
4497.0,6739.5317
4498.0,5340.8193
4499.0,5685.4673
4500.0,10366.304
4501.0,4886.957
4502.0,5267.198
4503.0,4000.9558
4504.0,3452.9805
4505.0,5032.234
4506.0,4173.8193
4507.0,4812.7964
4508.0,7465.7764
4509.0,6215.2046
4510.0,6830.333
4511.0,4184.563
4512.0,3698.9724
4513.0,4367.5728
4514.0,5164.105
4515.0,5815.723
4516.0,2479.5227
4517.0,5121.139
4518.0,5099.088
4519.0,7459.548
4520.0,5683.9653
4521.0,4322.982
4522.0,3176.8196
4523.0,2795.6638
4524.0,7822.6143
4525.0,4878.6016
4526.0,5670.4326
4527.0,11608.733
4528.0,7236.586
4529.0,4363.6543
4530.0,4970.038
4531.0,2409.1438
4532.0,3873.7395
4533.0,3835.51
4534.0,3312.305
4535.0,8417.492
4536.0,3388.1
4537.0,8505.428
4538.0,9870.224
4539.0,5620.901
4540.0,5584.6196
4541.0,4513.043
4542.0,4882.661
4543.0,4641.115
4544.0,10985.121
4545.0,5942.945
4546.0,6159.64
4547.0,3274.3254
4548.0,5152.729
4549.0,5502.461
4550.0,8114.4653
4551.0,6060.1904
4552.0,6067.6865
4553.0,6373.0703
4554.0,4470.156
4555.0,10773.668
4556.0,6995.829
4557.0,6062.5205
4558.0,8746.0625
4559.0,6641.019
4560.0,8382.241
4561.0,3602.3838
4562.0,5385.9307
4563.0,4343.724
4564.0,8152.4624
4565.0,6184.1885
4566.0,6409.0977
4567.0,5969.6416
4568.0,7767.9
4569.0,4828.675
4570.0,6048.756
4571.0,6059.965
4572.0,2824.2441
4573.0,12458.988
4574.0,15759.742
4575.0,6726.656
4576.0,6058.11
4577.0,6309.923
4578.0,7585.719
4579.0,6922.9585
4580.0,2597.1243
4581.0,4150.7354
4582.0,5311.374
4583.0,7777.9453
4584.0,2505.8667
4585.0,4173.994
4586.0,5114.232
4587.0,4846.5464
4588.0,4937.095
4589.0,2780.163
4590.0,2851.1372
4591.0,6666.0933
4592.0,3307.9158
4593.0,4671.268
4594.0,5351.998
4595.0,4847.2954
4596.0,8633.511
4597.0,10530.841
4598.0,6014.4673
4599.0,7142.258
4600.0,6103.1396
4601.0,8586.816
4602.0,5293.429
4603.0,2420.7595
4604.0,4927.93
4605.0,11495.964
4606.0,4051.823
4607.0,6817.7256
4608.0,2026.6613
4609.0,3620.3875
4610.0,6278.195
4611.0,5568.609
4612.0,5179.047
4613.0,9586.019
4614.0,8324.375
4615.0,6795.645
4616.0,3647.259
4617.0,11302.888
4618.0,2014.6663
4619.0,3740.9019
4620.0,6289.427
4621.0,4716.4897
4622.0,9907.602
4623.0,2573.6794
4624.0,4886.64
4625.0,5145.1216
4626.0,7288.5107
4627.0,9098.176
4628.0,4588.9546
4629.0,2706.1345
4630.0,7561.1807
4631.0,8622.796
4632.0,4534.7314
4633.0,4855.412
4634.0,8790.806
4635.0,5431.708
4636.0,4691.5327
4637.0,3611.0781
4638.0,7155.5205
4639.0,4000.3376
4640.0,14901.63
4641.0,6951.2847
4642.0,14626.634
4643.0,6508.8623
4644.0,5035.187
4645.0,2069.6084
4646.0,6141.858
4647.0,5661.521
4648.0,5206.8203
4649.0,8132.5806
4650.0,5294.3633
4651.0,2556.05
4652.0,6604.048
4653.0,3195.9058
4654.0,8543.429
4655.0,6729.2417
4656.0,6332.696
4657.0,7792.009
4658.0,4289.2344
4659.0,7143.798
4660.0,7030.868
4661.0,4909.084
4662.0,6057.4917
4663.0,3867.3447
4664.0,8883.105
4665.0,5782.529
4666.0,3410.999
4667.0,4716.6514
4668.0,7413.5996
4669.0,5569.5225
4670.0,3754.9956
4671.0,5121.144
4672.0,5187.0063
4673.0,4641.2524
4674.0,5087.7725
4675.0,9289.523
4676.0,4502.8003
4677.0,3286.1882
4678.0,5524.744
4679.0,5393.9976
4680.0,2741.4067
4681.0,4897.9146
4682.0,7266.292
4683.0,6552.8594
4684.0,9759.12
4685.0,8753.699
4686.0,7190.913
4687.0,5091.3066
4688.0,4075.2666
4689.0,9586.448
4690.0,7647.1987
4691.0,6884.8706
4692.0,4865.1943
4693.0,5181.676
4694.0,4402.579
4695.0,2531.623
4696.0,11363.83
4697.0,6161.4614
4698.0,5433.7446
4699.0,4841.016
4700.0,1272.6025
4701.0,8039.393
4702.0,5400.814
4703.0,5981.457
4704.0,3748.4497
4705.0,5223.8784
4706.0,4831.8447
4707.0,4349.4087
4708.0,8667.446
4709.0,4089.4648
4710.0,3739.753
4711.0,3433.214
4712.0,2419.9573
4713.0,4726.9883
4714.0,12690.788
4715.0,4474.486
4716.0,5618.5156
4717.0,4857.4414
4718.0,3737.745
4719.0,3017.5454
4720.0,5520.8247
4721.0,2545.5142
4722.0,8766.407
4723.0,5758.2397
4724.0,2709.462
4725.0,7578.0103
4726.0,2520.6453
4727.0,3642.7424
4728.0,7475.8804
4729.0,8103.622
4730.0,6991.3335
4731.0,2598.6956
4732.0,4951.0405
4733.0,4001.349
4734.0,3961.165
4735.0,15270.698
4736.0,10192.802
4737.0,4635.6514
4738.0,2915.6345
4739.0,4922.922
4740.0,3976.058
4741.0,2199.3162
4742.0,6688.5312
4743.0,2872.4092
4744.0,5730.482
4745.0,6415.752
4746.0,4551.585
4747.0,3878.38
4748.0,5561.252
4749.0,6018.7656
4750.0,5924.528
4751.0,2583.3127
4752.0,5854.8735
4753.0,6019.8506
4754.0,8374.897
4755.0,5596.7354
4756.0,6381.562
4757.0,2349.1697
4758.0,8876.296
4759.0,4415.4487
4760.0,2645.7185
4761.0,4634.692
4762.0,4601.2974
4763.0,4267.1074
4764.0,6175.176
4765.0,3715.3389
4766.0,4941.147
4767.0,4585.467
4768.0,6954.468
4769.0,7517.8896
4770.0,4032.963
4771.0,7252.5757
4772.0,5464.76
4773.0,2685.8232
4774.0,9976.786
4775.0,3659.6802
4776.0,3144.3528
4777.0,5694.1455
4778.0,10930.014
4779.0,8633.65
4780.0,4017.1785
4781.0,4479.0337
4782.0,6483.5195
4783.0,6514.4893
4784.0,4474.3022
4785.0,8222.0625
4786.0,2880.4673
4787.0,4400.975
4788.0,3824.801
4789.0,3533.3687
4790.0,2476.0417
4791.0,7312.834
4792.0,6637.536
4793.0,5162.8145
4794.0,5132.191
4795.0,7347.106
4796.0,7424.752
4797.0,4364.6533
4798.0,4681.0547
4799.0,4561.538
4800.0,6851.252
4801.0,4989.637
4802.0,1675.9104
4803.0,5519.282
4804.0,6658.366
4805.0,5793.4106
4806.0,5205.132
4807.0,2512.6895
4808.0,8796.937
4809.0,2700.802
4810.0,7857.858
4811.0,4595.885
4812.0,4206.5425
4813.0,7830.415
4814.0,3578.3472
4815.0,4184.8984
4816.0,7917.4414
4817.0,2525.3872
4818.0,5832.9507
4819.0,8910.82
4820.0,6405.4126
4821.0,2664.8748
4822.0,4855.4355
4823.0,3393.4114
4824.0,2242.1924
4825.0,4543.872
4826.0,5803.233
4827.0,4693.986
4828.0,4270.312
4829.0,5427.9067
4830.0,4676.306
4831.0,9450.509
4832.0,5225.807
4833.0,5113.8955
4834.0,4160.0107
4835.0,5662.0176
4836.0,5827.6675
4837.0,6187.6694
4838.0,7179.4478
4839.0,8312.355
4840.0,7371.3784
4841.0,5520.172
4842.0,4661.467
4843.0,2508.9275
4844.0,4881.8555
4845.0,8594.3545
4846.0,6653.5605
4847.0,5540.7188
4848.0,13030.557
4849.0,3051.6245
4850.0,4634.749
4851.0,4046.0642
4852.0,6687.9634
4853.0,7693.186
4854.0,6252.8975
4855.0,6844.2305
4856.0,7094.277
4857.0,7549.564
4858.0,5886.13
4859.0,4726.037
4860.0,2114.6147
4861.0,4615.9014
4862.0,3059.5095
4863.0,2788.879
4864.0,7084.256
4865.0,16192.724
4866.0,4933.5645
4867.0,3433.3647
4868.0,4291.9644
4869.0,4152.3867
4870.0,4771.283
4871.0,1894.4502
4872.0,5993.3013
4873.0,5714.4185
4874.0,3726.0825
4875.0,9609.663
4876.0,10708.411
4877.0,3724.8066
4878.0,4482.5386
4879.0,3350.5205
4880.0,3768.2976
4881.0,4172.6807
4882.0,8370.105
4883.0,3525.043
4884.0,4233.057
4885.0,5247.19
4886.0,5363.1997
4887.0,4150.1255
4888.0,7127.552
4889.0,2945.5195
4890.0,7510.257
4891.0,5952.873
4892.0,4404.772
4893.0,3700.5537
4894.0,3607.9138
4895.0,4541.8438
4896.0,4168.1895
4897.0,8920.786
4898.0,4019.486
4899.0,3342.8965
4900.0,5949.24
4901.0,4731.5176
4902.0,5778.934
4903.0,4742.203
4904.0,5500.0317
4905.0,8559.252
4906.0,6483.959
4907.0,5552.215
4908.0,3449.632
4909.0,4419.7847
4910.0,6578.73
4911.0,3581.6907
4912.0,4427.9756
4913.0,4710.532
4914.0,15286.275
4915.0,5347.2827
4916.0,4089.176
4917.0,5354.791
4918.0,6540.6514
4919.0,6708.2476
4920.0,5383.2188
4921.0,8395.203
4922.0,6089.3125
4923.0,4861.126
4924.0,3110.9773
4925.0,2210.6997
4926.0,3929.2253
4927.0,16175.883
4928.0,1901.3063
4929.0,4499.4297
4930.0,6688.1357
4931.0,6680.88
4932.0,6032.468
4933.0,7698.552
4934.0,5431.76
4935.0,6271.0845
4936.0,2680.0476
4937.0,7497.853
4938.0,3666.704
4939.0,5867.945
4940.0,7429.463
4941.0,3579.293
4942.0,7618.5005
4943.0,5594.766
4944.0,3004.8025
4945.0,5421.4956
4946.0,5763.8115
4947.0,2482.9292
4948.0,7809.0693
4949.0,6721.8516
4950.0,4032.513
4951.0,8540.008
4952.0,7350.4634
4953.0,6203.3594
4954.0,3984.9963
4955.0,3636.0732
4956.0,4963.434
4957.0,3275.2344
4958.0,5773.8647
4959.0,2613.9778
4960.0,5906.8496
4961.0,2748.8955
4962.0,4745.4434
4963.0,4940.935
4964.0,4496.358
4965.0,5062.904
4966.0,7480.781
4967.0,4399.2085
4968.0,7516.0684
4969.0,5427.0625
4970.0,5962.881
4971.0,8554.159
4972.0,6713.7656
4973.0,4035.653
4974.0,4490.5283
4975.0,5009.17
4976.0,4714.7803
4977.0,9060.575
4978.0,5655.5083
4979.0,5665.524
4980.0,8875.603
4981.0,6141.6646
4982.0,1806.8562
4983.0,8656.103
4984.0,7685.3164
4985.0,5855.9346
4986.0,7077.0635
4987.0,6685.4634
4988.0,7859.0273
4989.0,5069.6934
4990.0,4102.5537
4991.0,3101.5125
4992.0,5643.954
4993.0,6193.0547
4994.0,2907.1548
4995.0,7802.6367
4996.0,6523.101
4997.0,4579.007
4998.0,7379.609
4999.0,4289.93
5000.0,6448.901
5001.0,2224.2212
5002.0,4493.995
5003.0,4781.616
5004.0,3023.4612
5005.0,5273.809
5006.0,6388.6025
5007.0,7266.133
5008.0,5826.406
5009.0,3747.5845
5010.0,5664.9346
5011.0,6239.5996
5012.0,6699.251
5013.0,3385.9678
5014.0,2656.1548
5015.0,8478.06
5016.0,5682.1006
5017.0,3835.4734
5018.0,7589.0117
5019.0,6396.3765
5020.0,6242.3735
5021.0,4531.8774
5022.0,1633.1298
5023.0,5611.5747
5024.0,5747.3696
5025.0,4809.919
5026.0,8582.624
5027.0,6493.0254
5028.0,2971.735
5029.0,6195.412
5030.0,2889.2454
5031.0,1126.6017
5032.0,5869.4956
5033.0,8743.36
5034.0,5489.2925
5035.0,4130.7886
5036.0,2713.7354
5037.0,4960.6177
5038.0,8433.742
5039.0,5837.158
5040.0,7802.6665
5041.0,3774.2046
5042.0,3892.9543
5043.0,3086.8508
5044.0,5820.651
5045.0,3239.0823
5046.0,2378.8125
5047.0,4071.9363
5048.0,2964.8992
5049.0,7079.9126
5050.0,3559.751
5051.0,4989.2134
5052.0,5000.4956
5053.0,6941.6973
5054.0,4508.3486
5055.0,3559.2485
5056.0,8320.231
5057.0,6734.1924
5058.0,6650.0645
5059.0,1928.2628
5060.0,5229.6714
5061.0,4597.1035
5062.0,3758.1133
5063.0,7648.1763
5064.0,8712.219
5065.0,6342.731
5066.0,5695.9707
5067.0,5584.652
5068.0,7172.8633
5069.0,10845.465
5070.0,2913.121
5071.0,3523.0024
5072.0,4973.524
5073.0,5290.3247
5074.0,5375.917
5075.0,8512.261
5076.0,6533.618
5077.0,6558.237
5078.0,2600.996
5079.0,6012.213
5080.0,5942.112
5081.0,3249.509
5082.0,5515.13
5083.0,3168.7168
5084.0,6779.6025
5085.0,5196.168
5086.0,5157.7495
5087.0,6337.2944
5088.0,3870.2825
5089.0,4754.052
5090.0,6242.2246
5091.0,4522.1396
5092.0,8449.652
5093.0,5391.6875
5094.0,7407.1533
5095.0,4690.5977
5096.0,3434.413
5097.0,8038.32
5098.0,2709.8057
5099.0,10109.924
5100.0,5651.2534
5101.0,4776.6245
5102.0,5766.2754
5103.0,4357.0327
5104.0,3808.1853
5105.0,5421.9507
5106.0,2669.739
5107.0,2747.6003
5108.0,5758.3384
5109.0,5842.7563
5110.0,9650.426
5111.0,5622.113
5112.0,5105.809
5113.0,3725.0696
5114.0,5740.291
5115.0,3033.4082
5116.0,9816.289
5117.0,6679.8096
5118.0,11752.409
5119.0,5616.8545
5120.0,4671.6157
5121.0,6709.7515
5122.0,6567.796
5123.0,3126.4004
5124.0,7643.48
5125.0,6021.522
5126.0,5048.3643
5127.0,5842.4497
5128.0,4193.654
5129.0,2867.5532
5130.0,5661.791
5131.0,3664.3962
5132.0,3015.2834
5133.0,6997.0503
5134.0,5723.4297
5135.0,21051.506
5136.0,6951.6494
5137.0,3820.8008
5138.0,5596.864
5139.0,8421.194
5140.0,4673.073
5141.0,5996.4062
5142.0,5028.285
5143.0,6947.7646
5144.0,5765.6206
5145.0,3870.2493
5146.0,4708.1694
5147.0,5844.7964
5148.0,6448.9624
5149.0,5685.3154
5150.0,7092.606
5151.0,3983.309
5152.0,4109.663
5153.0,5382.31
5154.0,8241.275
5155.0,8447.267
5156.0,7002.3716
5157.0,5992.124
5158.0,3939.0015
5159.0,5306.224
5160.0,3241.4314
5161.0,7149.728
5162.0,8169.875
5163.0,7697.208
5164.0,4548.664
5165.0,3505.4126
5166.0,3700.868
5167.0,5718.7095
5168.0,8453.933
5169.0,5733.834
5170.0,4458.9253
5171.0,3833.4543
5172.0,6408.7734
5173.0,3186.7603
5174.0,6545.744
5175.0,3568.7102
5176.0,6105.801
5177.0,5839.4355
5178.0,4698.68
5179.0,7601.827
5180.0,5521.362
5181.0,4006.7002
5182.0,5630.619
5183.0,5808.5103
5184.0,10250.77
5185.0,5364.9033
5186.0,6506.2925
5187.0,6887.8135
5188.0,7879.7734
5189.0,5410.182
5190.0,4150.3037
5191.0,3515.2375
5192.0,4059.123
5193.0,5151.82
5194.0,5914.258
5195.0,8807.582
5196.0,6882.415
5197.0,4420.8813
5198.0,6384.119
5199.0,6315.143
5200.0,7440.6606
5201.0,3358.2708
5202.0,10168.041
5203.0,3538.253
5204.0,5390.2017
5205.0,6928.5405
5206.0,4403.9233
5207.0,4873.067
5208.0,5508.663
5209.0,5870.4136
5210.0,4462.6655
5211.0,4726.4336
5212.0,7235.33
5213.0,6532.3843
5214.0,3750.517
5215.0,4441.8726
5216.0,6364.2744
5217.0,10653.686
5218.0,5679.678
5219.0,4198.8574
5220.0,5512.9893
5221.0,5412.9126
5222.0,5915.5664
5223.0,7313.455
5224.0,3429.839
5225.0,6452.9067
5226.0,5312.899
5227.0,5598.7964
5228.0,6195.4653
5229.0,4306.868
5230.0,4355.449
5231.0,3634.204
5232.0,6512.5757
5233.0,8611.199
5234.0,4310.9863
5235.0,3822.5032
5236.0,6008.303
5237.0,5251.862
5238.0,4816.797
5239.0,7829.1606
5240.0,5703.8486
5241.0,5639.504
5242.0,4233.719
5243.0,4018.8306
5244.0,5168.1753
5245.0,8692.059
5246.0,6263.5703
5247.0,7075.0254
5248.0,6749.2905
5249.0,5091.3213
5250.0,7313.5664
5251.0,4355.516
5252.0,5507.7383
5253.0,7515.2944
5254.0,5527.2637
5255.0,8173.3047
5256.0,7175.032
5257.0,6147.9653
5258.0,5239.353
5259.0,6381.3003
5260.0,6562.06
5261.0,4033.3591
5262.0,3586.775
5263.0,4957.4106
5264.0,6357.831
5265.0,5175.807
5266.0,3712.9578
5267.0,6780.2944
5268.0,5242.3223
5269.0,5558.473
5270.0,4798.0005
5271.0,4505.683
5272.0,5570.1016
5273.0,6044.4995
5274.0,5173.5464
5275.0,5146.7803
5276.0,4268.504
5277.0,5313.34
5278.0,3325.3237
5279.0,5463.926
5280.0,3844.5432
5281.0,7185.7163
5282.0,6698.8613
5283.0,5633.9985
5284.0,10763.829
5285.0,3730.5317
5286.0,4721.8555
5287.0,8817.476
5288.0,5503.989
5289.0,6952.9556
5290.0,7049.2603
5291.0,5052.3
5292.0,5216.499
5293.0,5988.924
5294.0,6053.91
5295.0,8823.348
5296.0,5361.466
5297.0,2706.5928
5298.0,3766.964
5299.0,7353.226
5300.0,8384.84
5301.0,5066.005
5302.0,5524.5757
5303.0,3797.0999
5304.0,4661.7827
5305.0,2831.1152
5306.0,3828.3271
5307.0,5727.4766
5308.0,5838.8843
5309.0,2493.8557
5310.0,1739.1028
5311.0,4150.058
5312.0,7011.7485
5313.0,6420.876
5314.0,4302.417
5315.0,7751.218
5316.0,8510.247
5317.0,5148.538
5318.0,6260.751
5319.0,4073.98
5320.0,5750.8735
5321.0,3636.871
5322.0,5704.8115
5323.0,4115.7085
5324.0,7770.8047
5325.0,5503.4165
5326.0,7061.326
5327.0,6891.5786
5328.0,4878.806
5329.0,6535.2075
5330.0,15889.507
5331.0,8912.537
5332.0,3997.2441
5333.0,1912.6532
5334.0,4847.7393
5335.0,6685.973
5336.0,3899.9272
5337.0,12160.641
5338.0,15843.293
5339.0,4174.2573
5340.0,4159.7764
5341.0,7500.7715
5342.0,3929.3716
5343.0,6799.529
5344.0,4917.393
5345.0,5593.9443
5346.0,3997.4233
5347.0,5734.5396
5348.0,5593.9067
5349.0,6930.94
5350.0,7242.303
5351.0,6217.3447
5352.0,5427.358
5353.0,6128.4453
5354.0,4267.079
5355.0,4461.359
5356.0,7487.5337
5357.0,5155.984
5358.0,5204.3423
5359.0,6175.665
5360.0,5009.4326
5361.0,4796.843
5362.0,6374.347
5363.0,5689.791
5364.0,6902.2026
5365.0,6183.6694
5366.0,6436.801
5367.0,4742.47
5368.0,3346.3008
5369.0,4861.627
5370.0,6033.083
5371.0,5082.3887
5372.0,3820.5637
5373.0,6303.156
5374.0,5721.3447
5375.0,7978.2983
5376.0,6038.7773
5377.0,4981.135
5378.0,4335.9707
5379.0,4336.3926
5380.0,8065.022
5381.0,4419.473
5382.0,7255.5093
5383.0,12790.331
5384.0,7147.008
5385.0,4989.3374
5386.0,4854.278
5387.0,3767.8733
5388.0,6245.095
5389.0,3520.3618
5390.0,4358.554
5391.0,9284.378
5392.0,3781.6682
5393.0,11516.178
5394.0,9816.653
5395.0,5012.0996
5396.0,5591.069
5397.0,4985.3745
5398.0,5415.2627
5399.0,4359.8013
5400.0,10358.477
5401.0,6864.3145
5402.0,5954.7134
5403.0,4087.3237
5404.0,5993.5244
5405.0,5267.53
5406.0,8403.943
5407.0,5777.826
5408.0,6321.9956
5409.0,6203.6846
5410.0,5689.498
5411.0,8330.666
5412.0,8202.599
5413.0,5626.8716
5414.0,7896.672
5415.0,6115.7563
5416.0,7597.0146
5417.0,4677.912
5418.0,4333.0103
5419.0,4326.8145
5420.0,7449.6294
5421.0,5535.1035
5422.0,6544.6206
5423.0,5657.186
5424.0,7953.09
5425.0,4466.277
5426.0,6616.683
5427.0,5614.2783
5428.0,3360.7095
5429.0,11505.484
5430.0,15621.038
5431.0,6157.2314
5432.0,6135.844
5433.0,6555.041
5434.0,8298.145
5435.0,8657.952
5436.0,4510.5425
5437.0,5938.197
5438.0,4856.3574
5439.0,7270.0703
5440.0,3747.9277
5441.0,4556.537
5442.0,4653.0615
5443.0,4887.8193
5444.0,6908.9277
5445.0,3974.7954
5446.0,3512.174
5447.0,5761.0854
5448.0,3848.161
5449.0,3673.0547
5450.0,4882.0835
5451.0,4557.4067
5452.0,7478.127
5453.0,7862.8735
5454.0,6932.824
5455.0,5941.4487
5456.0,5589.8745
5457.0,8343.492
5458.0,6024.4575
5459.0,4402.264
5460.0,4498.018
5461.0,9305.246
5462.0,4123.8237
5463.0,6126.014
5464.0,2759.0186
5465.0,3742.1726
5466.0,5798.375
5467.0,5288.791
5468.0,5312.3516
5469.0,8791.376
5470.0,8287.656
5471.0,8705.025
5472.0,4805.8237
5473.0,11018.342
5474.0,2755.641
5475.0,4626.392
5476.0,5341.833
5477.0,3378.5757
5478.0,6931.1577
5479.0,4659.3687
5480.0,4287.627
5481.0,7193.9385
5482.0,8621.851
5483.0,7043.601
5484.0,4749.646
5485.0,3966.629
5486.0,7654.5913
5487.0,7025.961
5488.0,4781.657
5489.0,4899.8867
5490.0,5758.987
5491.0,6481.1206
5492.0,4565.6084
5493.0,4908.8545
5494.0,6319.807
5495.0,6273.8965
5496.0,13886.069
5497.0,5431.4336
5498.0,11809.253
5499.0,6136.822
5500.0,5160.6875
5501.0,2815.814
5502.0,4917.956
5503.0,5403.483
5504.0,4683.4263
5505.0,7592.4727
5506.0,4629.831
5507.0,3833.2275
5508.0,6174.817
5509.0,3104.7747
5510.0,7303.257
5511.0,6079.1104
5512.0,7281.451
5513.0,7309.9473
5514.0,4336.6655
5515.0,8003.1143
5516.0,6272.1313
5517.0,4543.395
5518.0,5448.2246
5519.0,4446.7646
5520.0,8553.6455
5521.0,5381.807
5522.0,3955.0522
5523.0,5468.5503
5524.0,6975.547
5525.0,6011.376
5526.0,5274.292
5527.0,7023.6294
5528.0,5151.8594
5529.0,5865.757
5530.0,5041.281
5531.0,8244.215
5532.0,4649.814
5533.0,4915.8267
5534.0,4547.9175
5535.0,4532.621
5536.0,3358.4949
5537.0,5286.1987
5538.0,7158.176
5539.0,7567.1475
5540.0,8887.14
5541.0,10023.665
5542.0,7977.8496
5543.0,5140.3926
5544.0,4511.747
5545.0,9460.411
5546.0,9555.512
5547.0,6792.671
5548.0,6745.706
5549.0,7188.9863
5550.0,4659.244
5551.0,3499.963
5552.0,9643.856
5553.0,5417.691
5554.0,5420.6426
5555.0,5552.893
5556.0,1892.3237
5557.0,9250.912
5558.0,4138.353
5559.0,6795.088
5560.0,4360.442
5561.0,4782.0723
5562.0,5629.572
5563.0,6501.3545
5564.0,6119.514
5565.0,4069.4202
5566.0,3550.9294
5567.0,3256.5164
5568.0,2475.5906
5569.0,6007.1743
5570.0,16169.56
5571.0,4341.5454
5572.0,5178.3306
5573.0,5394.311
5574.0,4597.38
5575.0,4047.9946
5576.0,4728.797
5577.0,3456.3354
5578.0,6586.2075
5579.0,5944.317
5580.0,3435.0127
5581.0,7558.5923
5582.0,4207.4053
5583.0,4134.5293
5584.0,7023.482
5585.0,6247.4546
5586.0,7511.9546
5587.0,4395.1187
5588.0,5349.9766
5589.0,3902.335
5590.0,4458.4277
5591.0,12779.979
5592.0,9162.207
5593.0,5874.9736
5594.0,3966.4663
5595.0,4774.461
5596.0,5221.731
5597.0,3856.032
5598.0,7544.403
5599.0,2984.3022
5600.0,4913.2676
5601.0,6279.9614
5602.0,4443.6396
5603.0,5324.268
5604.0,5391.1733
5605.0,6264.927
5606.0,6354.5996
5607.0,3375.5828
5608.0,5834.9595
5609.0,5777.8975
5610.0,7846.8936
5611.0,7600.3193
5612.0,5989.444
5613.0,3573.1624
5614.0,7656.3145
5615.0,4626.079
5616.0,4026.8777
5617.0,6311.8613
5618.0,6478.599
5619.0,5239.0933
5620.0,5000.7817
5621.0,5232.466
5622.0,5758.448
5623.0,5005.8457
5624.0,5498.243
5625.0,6760.469
5626.0,3705.9656
5627.0,7971.027
5628.0,6070.7373
5629.0,4217.7124
5630.0,10626.783
5631.0,4694.8184
5632.0,3073.8477
5633.0,6185.9937
5634.0,9856.038
5635.0,7307.6816
5636.0,4667.9897
5637.0,4929.8906
5638.0,5911.618
5639.0,5920.8164
5640.0,5026.952
5641.0,7881.69
5642.0,3126.2664
5643.0,4694.0527
5644.0,4928.6353
5645.0,4645.2744
5646.0,4149.706
5647.0,6056.648
5648.0,6102.5405
5649.0,4785.0796
5650.0,6697.4365
5651.0,5412.381
5652.0,7189.3086
5653.0,4577.2686
5654.0,5303.9365
5655.0,4820.8647
5656.0,6896.2344
5657.0,7413.062
5658.0,2808.3586
5659.0,7137.5522
5660.0,6083.037
5661.0,5873.2534
5662.0,4188.121
5663.0,2839.6426
5664.0,6411.225
5665.0,4311.628
5666.0,6481.368
5667.0,6118.487
5668.0,4292.4106
5669.0,7050.484
5670.0,5074.2944
5671.0,4589.02
5672.0,7335.1323
5673.0,4254.646
5674.0,6577.2495
5675.0,9302.017
5676.0,6472.04
5677.0,4112.6
5678.0,4535.177
5679.0,3769.297
5680.0,2767.016
5681.0,6487.677
5682.0,5431.682
5683.0,6988.06
5684.0,4099.084
5685.0,5940.2417
5686.0,5436.1865
5687.0,8325.559
5688.0,4919.7485
5689.0,4666.236
5690.0,4414.0337
5691.0,6788.5127
5692.0,5125.005
5693.0,6318.4688
5694.0,7238.7676
5695.0,8186.0137
5696.0,6311.0967
5697.0,6267.1978
5698.0,5281.7686
5699.0,3857.3452
5700.0,4877.401
5701.0,8544.261
5702.0,7919.3525
5703.0,6244.0767
5704.0,15150.264
5705.0,4504.188
5706.0,4246.5205
5707.0,4862.1323
5708.0,7325.6094
5709.0,6682.269
5710.0,5689.4272
5711.0,6403.3047
5712.0,6863.3125
5713.0,6679.8286
5714.0,5670.016
5715.0,4744.2305
5716.0,3986.9507
5717.0,4495.5645
5718.0,3214.4565
5719.0,4082.1687
5720.0,7122.93
5721.0,13596.744
5722.0,5378.4663
5723.0,4229.6626
5724.0,6154.6245
5725.0,3642.8918
5726.0,5277.699
5727.0,3984.7532
5728.0,7696.4814
5729.0,5370.5405
5730.0,5297.9653
5731.0,10679.984
5732.0,11393.218
5733.0,4922.0815
5734.0,6123.9165
5735.0,3159.423
5736.0,4656.947
5737.0,4664.834
5738.0,8220.322
5739.0,3714.2048
5740.0,4282.3174
5741.0,6313.427
5742.0,5348.599
5743.0,5375.9326
5744.0,5827.534
5745.0,4040.7725
5746.0,6482.957
5747.0,6706.156
5748.0,5663.3247
5749.0,3558.257
5750.0,3415.6162
5751.0,6169.0356
5752.0,4098.607
5753.0,8592.56
5754.0,4034.6714
5755.0,4303.9893
5756.0,5661.7637
5757.0,4724.2744
5758.0,4554.725
5759.0,5510.271
5760.0,5358.153
5761.0,8685.536
5762.0,7361.4717
5763.0,5393.1743
5764.0,3356.3586
5765.0,4923.4434
5766.0,6696.453
5767.0,3978.5544
5768.0,5091.506
5769.0,4982.5933
5770.0,13877.676
5771.0,4848.6733
5772.0,4974.3354
5773.0,6628.8936
5774.0,5790.8857
5775.0,7626.1484
5776.0,4414.438
5777.0,10488.54
5778.0,5584.13
5779.0,4543.3345
5780.0,1864.7018
5781.0,4315.084
5782.0,6313.4385
5783.0,17150.365
5784.0,3286.762
5785.0,4762.153
5786.0,7858.1206
5787.0,5666.2695
5788.0,6706.8467
5789.0,6728.69
5790.0,5251.962
5791.0,5750.994
5792.0,3820.9392
5793.0,8319.271
5794.0,4821.1914
5795.0,5717.112
5796.0,6984.0684
5797.0,3445.5671
5798.0,7429.0166
5799.0,4981.391
5800.0,3212.7642
5801.0,6267.867
5802.0,8268.911
5803.0,3662.8901
5804.0,6594.4297
5805.0,6313.6978
5806.0,4889.587
5807.0,7784.6475
5808.0,5364.136
5809.0,7262.149
5810.0,3911.3015
5811.0,4361.5737
5812.0,5688.4453
5813.0,3706.45
5814.0,6431.0874
5815.0,3475.0278
5816.0,5383.4087
5817.0,4256.2983
5818.0,4537.462
5819.0,5292.7476
5820.0,5693.613
5821.0,5565.2954
5822.0,7617.941
5823.0,5175.748
5824.0,6587.414
5825.0,5373.81
5826.0,6998.018
5827.0,7650.2847
5828.0,6572.383
5829.0,3773.3047
5830.0,5430.511
5831.0,5862.8706
5832.0,4366.044
5833.0,9227.516
5834.0,4967.8345
5835.0,5632.295
5836.0,8683.308
5837.0,5290.113
5838.0,3312.2986
5839.0,8791.217
5840.0,8526.838
5841.0,5031.6006
5842.0,6247.2935
5843.0,7985.6836
5844.0,6076.252
5845.0,4755.3306
5846.0,6089.6025
5847.0,4564.2627
5848.0,5801.6943
5849.0,6430.505
5850.0,4351.803
5851.0,6251.6567
5852.0,5947.2603
5853.0,4958.962
5854.0,6497.263
5855.0,4853.8516
5856.0,5016.4233
5857.0,3015.9827
5858.0,6525.7397
5859.0,5961.243
5860.0,4678.1084
5861.0,5859.0522
5862.0,5105.5806
5863.0,7023.107
5864.0,5374.1943
5865.0,4524.366
5866.0,5342.4346
5867.0,6420.282
5868.0,5564.9873
5869.0,4391.7324
5870.0,3779.6738
5871.0,6182.9497
5872.0,6636.1753
5873.0,4969.626
5874.0,6732.67
5875.0,6091.642
5876.0,5328.439
5877.0,4486.4185
5878.0,2907.5737
5879.0,5785.265
5880.0,5728.1104
5881.0,5022.0156
5882.0,7440.3057
5883.0,6590.4873
5884.0,4343.4634
5885.0,7280.097
5886.0,3102.9004
5887.0,2729.4805
5888.0,6086.432
5889.0,10140.933
5890.0,6723.9355
5891.0,5904.259
5892.0,3245.008
5893.0,6008.441
5894.0,6992.1934
5895.0,4617.3457
5896.0,6829.695
5897.0,4317.641
5898.0,3925.7898
5899.0,4657.7554
5900.0,4856.436
5901.0,4846.898
5902.0,3869.3447
5903.0,4273.931
5904.0,3454.7036
5905.0,6424.4536
5906.0,4856.1533
5907.0,4462.7256
5908.0,5570.431
5909.0,5987.159
5910.0,4366.4233
5911.0,4769.759
5912.0,7547.584
5913.0,6403.219
5914.0,5842.8677
5915.0,3214.7507
5916.0,10465.697
5917.0,5468.7383
5918.0,4146.6987
5919.0,6763.2036
5920.0,6045.762
5921.0,6065.6323
5922.0,5758.718
5923.0,6169.836
5924.0,7821.0103
5925.0,10346.687
5926.0,3795.3616
5927.0,3754.4978
5928.0,4762.289
5929.0,5150.4097
5930.0,5747.589
5931.0,6576.597
5932.0,7977.081
5933.0,5557.333
5934.0,3562.3462
5935.0,4929.5425
5936.0,6860.3413
5937.0,4042.488
5938.0,5605.31
5939.0,3820.6477
5940.0,6725.1543
5941.0,5779.739
5942.0,6215.323
5943.0,7412.97
5944.0,5390.438
5945.0,3941.877
5946.0,6014.8916
5947.0,6389.291
5948.0,6603.588
5949.0,6220.18
5950.0,6733.6846
5951.0,4696.0366
5952.0,3572.0513
5953.0,8037.446
5954.0,3841.0132
5955.0,10113.811
5956.0,3748.4248
5957.0,4119.5107
5958.0,5530.7705
5959.0,5455.6714
5960.0,5797.8105
5961.0,6523.269
5962.0,3390.8584
5963.0,3909.7385
5964.0,5602.0444
5965.0,7022.5576
5966.0,9176.488
5967.0,4981.776
5968.0,4790.0254
5969.0,4479.397
5970.0,6172.8203
5971.0,4757.8213
5972.0,9407.154
5973.0,6994.7485
5974.0,10911.328
5975.0,4118.5796
5976.0,4820.2075
5977.0,9010.359
5978.0,6461.782
5979.0,4118.265
5980.0,8610.961
5981.0,5990.541
5982.0,4714.5957
5983.0,4704.497
5984.0,3793.4504
5985.0,4423.7495
5986.0,5034.356
5987.0,4363.28
5988.0,3966.9355
5989.0,7097.905
5990.0,5694.944
5991.0,19288.887
5992.0,6326.6646
5993.0,3741.7976
5994.0,5139.1865
5995.0,7630.1284
5996.0,5187.7686
5997.0,5323.3794
5998.0,4474.6094
5999.0,6742.7983
6000.0,5660.851
6001.0,3365.7146
6002.0,4547.562
6003.0,5181.9375
6004.0,6274.872
6005.0,5225.473
6006.0,7300.9585
6007.0,3708.2395
6008.0,3635.2893
6009.0,4725.762
6010.0,7430.972
6011.0,8350.784
6012.0,7179.6396
6013.0,5498.2114
6014.0,4147.486
6015.0,4755.244
6016.0,3103.0188
6017.0,6653.643
6018.0,7872.5317
6019.0,6429.8975
6020.0,3789.8804
6021.0,3398.1345
6022.0,3737.62
6023.0,4877.908
6024.0,8116.3696
6025.0,5231.463
6026.0,3868.4995
6027.0,3490.9597
6028.0,6424.2393
6029.0,3035.2551
6030.0,5914.382
6031.0,3133.7969
6032.0,5547.821
6033.0,5881.7915
6034.0,4535.878
6035.0,6655.8516
6036.0,5126.5645
6037.0,3896.3276
6038.0,5165.8096
6039.0,5028.899
6040.0,9532.391
6041.0,4802.8633
6042.0,6323.853
6043.0,6488.147
6044.0,7377.4556
6045.0,4982.7266
6046.0,3868.8096
6047.0,3289.2556
6048.0,4057.23
6049.0,4786.924
6050.0,4839.5986
6051.0,7470.171
6052.0,6070.3433
6053.0,3971.7253
6054.0,5791.587
6055.0,5395.227
6056.0,7021.017
6057.0,2998.1936
6058.0,10005.479
6059.0,3380.6843
6060.0,4714.38
6061.0,6674.7974
6062.0,4237.3394
6063.0,4599.4414
6064.0,4902.542
6065.0,5749.102
6066.0,4063.4155
6067.0,4446.6206
6068.0,6889.2393
6069.0,6195.0693
6070.0,3590.133
6071.0,4000.6238
6072.0,5951.6016
6073.0,9825.233
6074.0,5360.9595
6075.0,4165.3193
6076.0,5145.386
6077.0,5228.794
6078.0,5189.2085
6079.0,5993.5703
6080.0,3256.7805
6081.0,5997.264
6082.0,5613.887
6083.0,5375.117
6084.0,5954.9346
6085.0,3538.7017
6086.0,3900.314
6087.0,3010.8052
6088.0,6123.6597
6089.0,7928.8604
6090.0,4205.315
6091.0,3743.2222
6092.0,5043.4883
6093.0,4517.1646
6094.0,4589.033
6095.0,6627.2437
6096.0,5282.4536
6097.0,5915.1377
6098.0,4096.3716
6099.0,3779.8074
6100.0,4506.0356
6101.0,8481.036
6102.0,6037.591
6103.0,6866.573
6104.0,6423.8286
6105.0,4917.9653
6106.0,6950.6147
6107.0,4154.8867
6108.0,5526.9844
6109.0,7182.29
6110.0,4880.6216
6111.0,7911.297
6112.0,6558.0806
6113.0,5608.5513
6114.0,4898.396
6115.0,5933.701
6116.0,5720.9683
6117.0,3728.5999
6118.0,3253.8054
6119.0,4547.549
6120.0,6022.5557
6121.0,4589.0244
6122.0,3514.4194
6123.0,6421.3047
6124.0,5058.221
6125.0,5329.3184
6126.0,4383.705
6127.0,4206.7515
6128.0,5421.8213
6129.0,5724.1343
6130.0,5172.856
6131.0,4403.8184
6132.0,4072.2432
6133.0,5053.6685
6134.0,2903.6638
6135.0,4928.5225
6136.0,3353.088
6137.0,6442.3843
6138.0,5875.321
6139.0,4737.849
6140.0,8719.193
6141.0,3865.1096
6142.0,4326.6494
6143.0,7964.9395
6144.0,4750.9917
6145.0,6274.172
6146.0,6548.6606
6147.0,4504.9355
6148.0,4879.6675
6149.0,5090.2046
6150.0,6357.734
6151.0,8382.984
6152.0,5225.563
6153.0,2295.9773
6154.0,3673.6047
6155.0,6285.319
6156.0,6947.8774
6157.0,4387.6455
6158.0,5321.6177
6159.0,3671.8179
6160.0,4713.571
6161.0,1941.4778
6162.0,3699.0784
6163.0,5267.7207
6164.0,5568.099
6165.0,4537.0376
6166.0,2731.851
6167.0,6674.7715
6168.0,6251.0664
6169.0,6014.9033
6170.0,3581.7146
6171.0,7349.489
6172.0,7485.727
6173.0,4434.371
6174.0,6010.3843
6175.0,3749.8052
6176.0,5014.778
6177.0,2985.9312
6178.0,5459.8203
6179.0,3629.6897
6180.0,7520.7944
6181.0,5171.9185
6182.0,5401.4473
6183.0,6284.336
6184.0,4592.703
6185.0,6187.3804
6186.0,15100.74
6187.0,7753.0146
6188.0,3786.9785
6189.0,1571.1486
6190.0,4474.2764
6191.0,6427.8555
6192.0,3970.1646
6193.0,11367.992
6194.0,14967.121
6195.0,3063.5984
6196.0,4212.7227
6197.0,7311.3906
6198.0,3458.8125
6199.0,6433.3516
6200.0,4591.3145
6201.0,5451.8477
6202.0,3354.246
6203.0,4890.2397
6204.0,5238.783
6205.0,7400.706
6206.0,6053.806
6207.0,5490.4917
6208.0,4788.2256
6209.0,5402.71
6210.0,3424.3271
6211.0,3984.472
6212.0,6467.171
6213.0,4581.449
6214.0,4508.387
6215.0,5583.581
6216.0,4774.206
6217.0,5086.904
6218.0,6169.0356
6219.0,5637.804
6220.0,6300.727
6221.0,5611.371
6222.0,5727.165
6223.0,4599.652
6224.0,2817.062
6225.0,4914.7954
6226.0,5973.828
6227.0,4654.5312
6228.0,3708.42
6229.0,5912.543
6230.0,5061.001
6231.0,7567.934
6232.0,6092.804
6233.0,4285.3003
6234.0,4027.9917
6235.0,4343.1816
6236.0,7282.257
6237.0,3756.2817
6238.0,6645.499
6239.0,12771.802
6240.0,6412.7666
6241.0,6113.1436
6242.0,4192.3896
6243.0,3626.1873
6244.0,5482.1606
6245.0,3276.3032
6246.0,4614.9634
6247.0,10129.072
6248.0,3424.34
6249.0,11556.394
6250.0,9793.48
6251.0,4095.3008
6252.0,5307.9653
6253.0,4791.3643
6254.0,5208.5586
6255.0,4301.42
6256.0,9250.523
6257.0,6080.5137
6258.0,5900.6274
6259.0,4153.9556
6260.0,5817.5317
6261.0,4576.208
6262.0,8184.3896
6263.0,5162.736
6264.0,5610.028
6265.0,5583.8154
6266.0,5219.515
6267.0,7546.123
6268.0,8268.816
6269.0,4966.83
6270.0,7259.635
6271.0,5781.503
6272.0,7554.585
6273.0,4463.5728
6274.0,3980.35
6275.0,4094.3987
6276.0,6797.2593
6277.0,5142.658
6278.0,6125.4355
6279.0,4890.683
6280.0,7099.7534
6281.0,3909.2014
6282.0,6280.213
6283.0,5522.068
6284.0,3133.785
6285.0,10400.788
6286.0,14506.85
6287.0,5366.1523
6288.0,5252.929
6289.0,6329.9785
6290.0,7821.4653
6291.0,8817.77
6292.0,4233.711
6293.0,5651.286
6294.0,4459.8955
6295.0,6446.675
6296.0,3339.878
6297.0,4290.6787
6298.0,4341.33
6299.0,4604.402
6300.0,6494.574
6301.0,3908.9963
6302.0,3227.146
6303.0,5324.4307
6304.0,3261.5188
6305.0,3448.0298
6306.0,4435.0815
6307.0,4471.2
6308.0,7168.9097
6309.0,7182.5024
6310.0,6880.4067
6311.0,5407.4478
6312.0,5238.044
6313.0,8355.183
6314.0,6072.5327
6315.0,3618.492
6316.0,4062.4387
6317.0,7396.0273
6318.0,3918.367
6319.0,5426.286
6320.0,2680.2188
6321.0,3612.7285
6322.0,5424.7026
6323.0,4698.017
6324.0,4350.2593
6325.0,8159.02
6326.0,8169.914
6327.0,8933.516
6328.0,4855.213
6329.0,9687.887
6330.0,2653.4915
6331.0,4022.969
6332.0,4601.24
6333.0,3166.517
6334.0,6153.7383
6335.0,4182.5835
6336.0,4198.6733
6337.0,6818.9287
6338.0,8441.451
6339.0,7419.287
6340.0,4246.5083
6341.0,3727.3445
6342.0,7201.4355
6343.0,6052.9863
6344.0,4764.2974
6345.0,4350.454
6346.0,5224.7954
6347.0,6837.334
6348.0,3631.7886
6349.0,4895.892
6350.0,5896.267
6351.0,5685.923
6352.0,13615.69
6353.0,4861.154
6354.0,11259.483
6355.0,5808.97
6356.0,4874.959
6357.0,2821.0479
6358.0,4658.0
6359.0,4723.5674
6360.0,4413.175
6361.0,6334.3633
6362.0,4053.6284
6363.0,3553.2234
6364.0,5447.138
6365.0,3014.691
6366.0,6388.5903
6367.0,5189.6245
6368.0,6570.2456
6369.0,6451.2144
6370.0,3883.9963
6371.0,7842.3667
6372.0,5429.46
6373.0,4226.6133
6374.0,4816.6685
6375.0,4441.377
6376.0,7890.0464
6377.0,5331.3726
6378.0,3776.9023
6379.0,5164.371
6380.0,6547.7734
6381.0,5403.88
6382.0,4832.7114
6383.0,6622.7573
6384.0,4911.173
6385.0,5277.503
6386.0,4715.8237
6387.0,7159.8555
6388.0,4858.0527
6389.0,4908.176
6390.0,3684.7515
6391.0,3946.8813
6392.0,3190.8274
6393.0,4520.734
6394.0,6286.29
6395.0,7531.196
6396.0,8134.908
6397.0,8692.722
6398.0,7417.5605
6399.0,5158.926
6400.0,4580.488
6401.0,9422.923
6402.0,9121.514
6403.0,5741.846
6404.0,6496.9346
6405.0,6413.476
6406.0,4576.8496
6407.0,3400.0735
6408.0,8460.418
6409.0,4722.2246
6410.0,5291.1523
6411.0,5233.504
6412.0,1882.8582
6413.0,8910.557
6414.0,3533.6755
6415.0,6010.9346
6416.0,4020.8015
6417.0,4294.09
6418.0,5680.919
6419.0,6245.989
6420.0,5339.7036
6421.0,4252.763
6422.0,3262.3496
6423.0,3095.5266
6424.0,2515.6445
6425.0,5510.7285
6426.0,15943.716
6427.0,4070.3015
6428.0,4735.206
6429.0,5057.281
6430.0,4277.051
6431.0,4087.0898
6432.0,4180.2144
6433.0,3347.1565
6434.0,5412.6187
6435.0,5471.0444
6436.0,3181.2168
6437.0,6795.846
6438.0,3992.1228
6439.0,3860.4521
6440.0,6362.8784
6441.0,5970.6436
6442.0,7327.3076
6443.0,4409.943
6444.0,5356.3286
6445.0,3454.8486
6446.0,4329.68
6447.0,12231.713
6448.0,7272.3105
6449.0,5363.6553
6450.0,3938.528
6451.0,3938.3928
6452.0,4728.152
6453.0,4420.291
6454.0,8511.376
6455.0,3032.1787
6456.0,4402.8774
6457.0,5629.003
6458.0,3892.9246
6459.0,4932.732
6460.0,5256.934
6461.0,5712.571
6462.0,5430.2007
6463.0,3189.9082
6464.0,4962.2173
6465.0,5102.7563
6466.0,7283.4863
6467.0,7037.007
6468.0,5631.0435
6469.0,3314.644
6470.0,6771.679
6471.0,4458.632
6472.0,3712.3665
6473.0,5608.209
6474.0,6120.5005
6475.0,4889.75
6476.0,4475.9243
6477.0,5267.4595
6478.0,5235.2617
6479.0,4520.6216
6480.0,5754.6543
6481.0,5981.782
6482.0,3590.5474
6483.0,7643.9756
6484.0,5181.142
6485.0,3749.3474
6486.0,9778.275
6487.0,4941.6797
6488.0,2971.8938
6489.0,5893.8438
6490.0,8608.638
6491.0,7251.4688
6492.0,4703.2407
6493.0,4674.4375
6494.0,4968.5073
6495.0,5703.544
6496.0,4755.671
6497.0,6846.6396
6498.0,2752.366
6499.0,4437.7856
6500.0,4558.8154
6501.0,4398.2266
6502.0,3512.5828
6503.0,5499.3496
6504.0,5457.04
6505.0,4493.001
6506.0,6288.059
6507.0,5085.5503
6508.0,6780.0293
6509.0,3917.3354
6510.0,5002.6855
6511.0,4579.649
6512.0,6416.4067
6513.0,6668.936
6514.0,3144.4429
6515.0,6820.8735
6516.0,5371.806
6517.0,5187.6597
6518.0,3992.5493
6519.0,2933.8684
6520.0,5228.714
6521.0,4004.8315
6522.0,6084.244
6523.0,5466.063
6524.0,4341.5493
6525.0,6326.1636
6526.0,4979.804
6527.0,4210.252
6528.0,6296.798
6529.0,4039.0652
6530.0,6424.6865
6531.0,8359.957
6532.0,6231.3325
6533.0,3917.8438
6534.0,4017.0942
6535.0,3314.2297
6536.0,2633.7334
6537.0,6114.3506
6538.0,4607.1255
6539.0,6317.095
6540.0,3402.7864
6541.0,5589.32
6542.0,4841.182
6543.0,7896.8677
6544.0,4317.629
6545.0,3720.6802
6546.0,3870.8547
6547.0,6503.7983
6548.0,4917.281
6549.0,6395.1685
6550.0,6606.795
6551.0,7915.0405
6552.0,5549.4985
6553.0,5996.8467
6554.0,4751.83
6555.0,3609.7659
6556.0,4392.7256
6557.0,8299.854
6558.0,7583.223
6559.0,6002.77
6560.0,14139.604
6561.0,4435.348
6562.0,4050.6753
6563.0,4744.52
6564.0,6849.024
6565.0,5683.0435
6566.0,4929.5425
6567.0,6114.1113
6568.0,6242.856
6569.0,5634.9497
6570.0,5021.0576
6571.0,3974.0789
6572.0,3689.866
6573.0,3934.54
6574.0,3113.005
6575.0,3852.7043
6576.0,6571.4365
6577.0,12175.043
6578.0,5268.6304
6579.0,4507.82
6580.0,5485.5083
6581.0,3190.0847
6582.0,4944.622
6583.0,3757.2314
6584.0,7623.894
6585.0,5027.978
6586.0,5026.06
6587.0,10723.722
6588.0,9979.251
6589.0,4871.1245
6590.0,5944.731
6591.0,2993.3037
6592.0,4504.1274
6593.0,4803.734
6594.0,7224.8203
6595.0,3407.3145
6596.0,3890.7898
6597.0,5436.757
6598.0,5151.913
6599.0,4693.189
6600.0,5573.4443
6601.0,3963.9246
6602.0,5982.855
6603.0,6117.664
6604.0,5249.743
6605.0,3117.909
6606.0,2949.6997
6607.0,6009.943
6608.0,3407.272
6609.0,8219.97
6610.0,3578.1628
6611.0,4065.738
6612.0,5345.202
6613.0,4135.78
6614.0,3995.174
6615.0,5290.7637
6616.0,4857.154
6617.0,7504.106
6618.0,6865.0083
6619.0,4962.355
6620.0,3307.84
6621.0,4899.1387
6622.0,6033.63
6623.0,3787.4734
6624.0,4550.057
6625.0,4987.063
6626.0,2849.8306
6627.0,4359.656
6628.0,5067.6675
6629.0,6337.778
6630.0,1146.1625
6631.0,7201.0166
6632.0,4253.3555
6633.0,10392.577
6634.0,4945.919
6635.0,4325.428
6636.0,64.185745
6637.0,3351.329
6638.0,6161.9316
6639.0,14836.595
6640.0,3269.7837
6641.0,3725.9226
6642.0,7612.987
6643.0,5334.5215
6644.0,6766.3267
6645.0,6243.404
6646.0,4971.7217
6647.0,4817.371
6648.0,3785.7793
6649.0,7738.0767
6650.0,4337.261
6651.0,5893.7817
6652.0,6384.4478
6653.0,982.7058
6654.0,6731.065
6655.0,4457.705
6656.0,3099.9092
6657.0,6235.5063
6658.0,7138.09
6659.0,3450.0962
6660.0,5747.4297
6661.0,5461.242
6662.0,4174.819
6663.0,7139.949
6664.0,4969.5356
6665.0,6498.106
6666.0,3461.2715
6667.0,3987.1372
6668.0,5612.329
6669.0,3267.4856
6670.0,6239.7544
6671.0,3455.0464
6672.0,4920.823
6673.0,4046.8594
6674.0,4509.3506
6675.0,5207.9277
6676.0,5467.867
6677.0,4893.4736
6678.0,6261.1094
6679.0,4442.3896
6680.0,6096.2803
6681.0,5736.2573
6682.0,6010.143
6683.0,7284.181
6684.0,6161.485
6685.0,2937.3594
6686.0,4823.2153
6687.0,5802.015
6688.0,3965.0173
6689.0,9711.356
6690.0,4321.0156
6691.0,5591.4316
6692.0,8466.674
6693.0,4928.3394
6694.0,3003.0142
6695.0,8494.823
6696.0,8344.582
6697.0,4688.1953
6698.0,5962.153
6699.0,7806.3735
6700.0,4785.303
6701.0,4455.5454
6702.0,5739.667
6703.0,4389.048
6704.0,4634.4575
6705.0,5598.2837
6706.0,3953.3208
6707.0,5650.0083
6708.0,5286.3804
6709.0,5040.069
6710.0,5875.108
6711.0,4793.1284
6712.0,4855.037
6713.0,2988.9321
6714.0,6092.7925
6715.0,5420.7456
6716.0,4754.2104
6717.0,5324.72
6718.0,4380.357
6719.0,6758.2964
6720.0,4524.992
6721.0,4100.0225
6722.0,4849.349
6723.0,6083.8843
6724.0,5520.535
6725.0,4126.5547
6726.0,3191.7896
6727.0,5974.3296
6728.0,6295.0503
6729.0,4362.68
6730.0,6030.6094
6731.0,5345.86
6732.0,4659.8086
6733.0,3835.0674
6734.0,2931.7715
6735.0,5080.503
6736.0,5326.894
6737.0,4683.842
6738.0,7272.6436
6739.0,6496.6743
6740.0,3812.2742
6741.0,7996.8037
6742.0,3337.8394
6743.0,2883.042
6744.0,5531.3457
6745.0,10165.879
6746.0,6560.032
6747.0,5520.556
6748.0,3010.0498
6749.0,5281.2446
6750.0,7536.0317
6751.0,4352.758
6752.0,6190.645
6753.0,3871.5488
6754.0,4012.7358
6755.0,4163.5
6756.0,4168.746
6757.0,4715.6484
6758.0,3481.113
6759.0,3942.618
6760.0,3203.4238
6761.0,5522.4365
6762.0,4406.802
6763.0,3758.0703
6764.0,5010.843
6765.0,5261.9106
6766.0,4116.3564
6767.0,4686.1836
6768.0,6485.907
6769.0,6321.664
6770.0,5134.3994
6771.0,2815.418
6772.0,9480.943
6773.0,4977.311
6774.0,3708.88
6775.0,6181.069
6776.0,5790.488
6777.0,5888.6514
6778.0,4931.2827
6779.0,5968.161
6780.0,6261.456
6781.0,9244.297
6782.0,3615.7937
6783.0,3564.522
6784.0,4236.6523
6785.0,4924.3545
6786.0,5001.4497
6787.0,5308.072
6788.0,6334.369
6789.0,4695.3647
6790.0,3466.6313
6791.0,5053.693
6792.0,6816.932
6793.0,3500.714
6794.0,5116.003
6795.0,3545.2095
6796.0,5963.916
6797.0,6046.668
6798.0,6037.1533
6799.0,6995.3687
6800.0,5100.426
6801.0,2846.7112
6802.0,5481.2197
6803.0,5659.356
6804.0,6447.6895
6805.0,5930.9795
6806.0,5992.1753
6807.0,4649.9604
6808.0,3377.6863
6809.0,7464.694
6810.0,3689.204
6811.0,9288.292
6812.0,3387.6897
6813.0,3276.6094
6814.0,5208.067
6815.0,5045.832
6816.0,5913.18
6817.0,6027.659
6818.0,3130.2803
6819.0,3591.808
6820.0,5064.71
6821.0,6639.4233
6822.0,7755.2705
6823.0,4334.06
6824.0,4746.5435
6825.0,4503.2256
6826.0,5193.6357
6827.0,4509.785
6828.0,8366.3545
6829.0,6596.2603
6830.0,9979.851
6831.0,3275.95
6832.0,4558.55
6833.0,8829.231
6834.0,6628.666
6835.0,3882.9702
6836.0,8218.958
6837.0,5184.8945
6838.0,4318.593
6839.0,4177.5674
6840.0,3453.0925
6841.0,4310.3
6842.0,4613.8584
6843.0,4182.9707
6844.0,3853.1602
6845.0,6938.8574
6846.0,6002.8613
6847.0,17808.223
6848.0,5337.3257
6849.0,3799.4949
6850.0,5344.2334
6851.0,7737.051
6852.0,4686.255
6853.0,5516.319
6854.0,4576.9062
6855.0,7061.589
6856.0,5824.244
6857.0,3361.8384
6858.0,4611.8213
6859.0,5230.824
6860.0,6344.2856
6861.0,5189.184
6862.0,7211.7666
6863.0,3756.0452
6864.0,3645.506
6865.0,4430.773
6866.0,7594.667
6867.0,8483.164
6868.0,7007.75
6869.0,5495.281
6870.0,3344.6094
6871.0,4596.893
6872.0,3082.0781
6873.0,6679.204
6874.0,7891.627
6875.0,6163.2485
6876.0,3782.9817
6877.0,3438.5107
6878.0,3504.6736
6879.0,4741.719
6880.0,8405.691
6881.0,5186.482
6882.0,3515.5999
6883.0,3353.443
6884.0,6683.2124
6885.0,3242.2542
6886.0,5582.005
6887.0,3058.9958
6888.0,5081.7437
6889.0,5678.2593
6890.0,4460.121
6891.0,6200.591
6892.0,5096.0244
6893.0,4269.9985
6894.0,5121.7744
6895.0,4935.9653
6896.0,8665.173
6897.0,4505.5283
6898.0,6363.5825
6899.0,6678.045
6900.0,7175.361
6901.0,4874.373
6902.0,5136.6035
6903.0,3310.4634
6904.0,4069.4434
6905.0,4776.57
6906.0,4760.159
6907.0,7311.6274
6908.0,6056.5728
6909.0,3970.35
6910.0,5298.996
6911.0,5358.8223
6912.0,6341.188
6913.0,3036.428
6914.0,10382.561
6915.0,3525.783
6916.0,5040.377
6917.0,6553.3657
6918.0,4220.1313
6919.0,4496.2246
6920.0,4688.012
6921.0,5522.136
6922.0,3983.2825
6923.0,4320.6196
6924.0,6558.9
6925.0,6126.078
6926.0,5586.1543
6927.0,3975.0986
6928.0,5880.1255
6929.0,9570.323
6930.0,5266.882
6931.0,4475.89
6932.0,4965.707
6933.0,5163.1396
6934.0,5308.9326
6935.0,5963.37
6936.0,3190.666
6937.0,5890.8364
6938.0,6039.065
6939.0,5213.9917
6940.0,6547.742
6941.0,3697.505
6942.0,3888.9495
6943.0,3046.197
6944.0,6109.7915
6945.0,7744.2344
6946.0,4299.5244
6947.0,3668.9363
6948.0,5053.9917
6949.0,4525.6353
6950.0,4565.0815
6951.0,6809.998
6952.0,5195.137
6953.0,5803.8086
6954.0,4041.1309
6955.0,3826.403
6956.0,4591.6865
6957.0,8037.208
6958.0,5994.8906
6959.0,6406.5244
6960.0,6190.2554
6961.0,4852.4307
6962.0,6556.667
6963.0,4332.444
6964.0,5563.677
6965.0,6886.572
6966.0,4843.325
6967.0,7948.8506
6968.0,6611.138
6969.0,5398.7173
6970.0,4549.254
6971.0,5953.549
6972.0,5576.6245
6973.0,3680.5852
6974.0,3205.8328
6975.0,4659.8354
6976.0,6090.41
6977.0,4769.8813
6978.0,3474.3782
6979.0,6497.9697
6980.0,4927.8315
6981.0,5302.9556
6982.0,4331.601
6983.0,4182.687
6984.0,5488.35
6985.0,5569.055
6986.0,4847.328
6987.0,4286.874
6988.0,4186.004
6989.0,5178.3403
6990.0,3050.111
6991.0,4813.2603
6992.0,3333.7122
6993.0,6527.1216
6994.0,5917.6094
6995.0,5265.988
6996.0,8676.553
6997.0,4102.327
6998.0,4087.4602
6999.0,8176.844
7000.0,5016.8877
7001.0,5986.365
7002.0,6637.277
7003.0,3747.985
7004.0,4979.595
7005.0,4690.9062
7006.0,6104.182
7007.0,8614.896
7008.0,4949.322
7009.0,2258.4443
7010.0,3823.0903
7011.0,6464.9507
7012.0,6779.9517
7013.0,4299.43
7014.0,5296.9194
7015.0,3709.2195
7016.0,4473.0605
7017.0,2594.2256
7018.0,3762.023
7019.0,5129.3965
7020.0,5459.461
7021.0,4633.7104
7022.0,3723.613
7023.0,6284.2817
7024.0,6029.695
7025.0,5838.06
7026.0,3531.155
7027.0,7501.136
7028.0,7575.2354
7029.0,4296.306
7030.0,6078.368
7031.0,3562.4517
7032.0,4934.3223
7033.0,2743.8545
7034.0,5382.3257
7035.0,3614.097
7036.0,7491.8696
7037.0,5117.477
7038.0,5179.4126
7039.0,6382.9014
7040.0,4379.7886
7041.0,6136.9214
7042.0,15408.057
7043.0,7558.758
7044.0,3976.3843
7045.0,2171.9246
7046.0,4302.881
7047.0,6323.1777
7048.0,3717.4766
7049.0,11064.014
7050.0,15421.022
7051.0,3225.0195
7052.0,4116.549
7053.0,6246.644
7054.0,3528.0908
7055.0,6661.8794
7056.0,4439.3013
7057.0,5493.577
7058.0,3292.687
7059.0,5479.197
7060.0,5001.2544
7061.0,7505.2944
7062.0,5871.0913
7063.0,4868.6343
7064.0,4306.034
7065.0,5608.9575
7066.0,3603.2395
7067.0,4016.2322
7068.0,6528.317
7069.0,4382.2373
7070.0,4507.553
7071.0,5677.5874
7072.0,4797.172
7073.0,4957.1694
7074.0,5979.0156
7075.0,5459.2686
7076.0,5875.052
7077.0,5719.61
7078.0,5694.7646
7079.0,4611.4253
7080.0,2811.8975
7081.0,4854.088
7082.0,5816.3774
7083.0,4476.1763
7084.0,3701.9907
7085.0,5858.9517
7086.0,4961.4316
7087.0,7472.8647
7088.0,6080.148
7089.0,4135.839
7090.0,4024.485
7091.0,4309.753
7092.0,6919.341
7093.0,3737.2708
7094.0,6532.434
7095.0,12790.355
7096.0,6211.5596
7097.0,4956.219
7098.0,3802.4426
7099.0,3613.504
7100.0,5389.626
7101.0,3297.4053
7102.0,4478.4355
7103.0,10171.747
7104.0,3288.1482
7105.0,11839.431
7106.0,9517.265
7107.0,4001.4026
7108.0,5296.449
7109.0,4716.004
7110.0,5186.294
7111.0,4086.5635
7112.0,8593.207
7113.0,5589.544
7114.0,5917.4683
7115.0,4063.1404
7116.0,5676.2607
7117.0,4272.7734
7118.0,7839.51
7119.0,4875.4194
7120.0,5481.0522
7121.0,5432.081
7122.0,5073.5586
7123.0,7439.213
7124.0,7707.515
7125.0,4742.606
7126.0,7601.5156
7127.0,5340.84
7128.0,7556.1196
7129.0,4282.297
7130.0,4146.0776
7131.0,4018.037
7132.0,6863.5024
7133.0,5045.6343
7134.0,5734.0254
7135.0,4877.2896
7136.0,6802.117
7137.0,3850.3787
7138.0,5988.7983
7139.0,5363.3325
7140.0,3073.7773
7141.0,10578.405
7142.0,14672.699
7143.0,5236.68
7144.0,5202.3076
7145.0,6327.081
7146.0,7723.978
7147.0,8353.31
7148.0,4322.3555
7149.0,5687.246
7150.0,4304.334
7151.0,6101.2075
7152.0,3293.369
7153.0,4351.0645
7154.0,4268.5
7155.0,4588.8276
7156.0,6348.735
7157.0,3786.4258
7158.0,3150.914
7159.0,5478.5903
7160.0,3068.7583
7161.0,3451.8213
7162.0,4421.8765
7163.0,4678.5503
7164.0,6860.4785
7165.0,6861.9775
7166.0,6809.9917
7167.0,5161.2686
7168.0,5038.747
7169.0,8280.908
7170.0,6153.298
7171.0,3640.731
7172.0,4032.1282
7173.0,7123.671
7174.0,3861.7007
7175.0,5385.0728
7176.0,2610.1826
7177.0,3921.5679
7178.0,5480.7803
7179.0,4230.203
7180.0,4245.9575
7181.0,7973.582
7182.0,7429.5337
7183.0,9468.68
7184.0,4762.2437
7185.0,8593.879
7186.0,2658.6165
7187.0,4069.1873
7188.0,4409.682
7189.0,2927.787
7190.0,6191.7905
7191.0,4244.9814
7192.0,4203.334
7193.0,6923.744
7194.0,8416.537
7195.0,6176.4365
7196.0,4292.2017
7197.0,3637.0583
7198.0,8850.875
7199.0,5986.234
7200.0,4829.0386
7201.0,4134.8135
7202.0,5046.2554
7203.0,6431.0386
7204.0,3545.064
7205.0,4996.872
7206.0,5756.806
7207.0,5707.239
7208.0,13170.407
7209.0,4707.1543
7210.0,11200.531
7211.0,5706.357
7212.0,4700.254
7213.0,2616.7239
7214.0,4413.4233
7215.0,4522.4634
7216.0,4495.706
7217.0,5870.8955
7218.0,3932.6714
7219.0,3531.549
7220.0,5102.5376
7221.0,3027.239
7222.0,6485.233
7223.0,5074.0137
7224.0,6439.669
7225.0,6434.1675
7226.0,3758.2817
7227.0,7689.958
7228.0,5796.1685
7229.0,4158.5703
7230.0,4950.0254
7231.0,4461.1333
7232.0,7436.425
7233.0,5222.2095
7234.0,3685.4019
7235.0,5150.96
7236.0,6236.5054
7237.0,5361.3633
7238.0,4734.0186
7239.0,6639.892
7240.0,4787.7505
7241.0,5121.7207
7242.0,4710.5815
7243.0,6825.3643
7244.0,4528.9
7245.0,4619.244
7246.0,3666.5503
7247.0,4040.5952
7248.0,3255.9883
7249.0,3889.532
7250.0,6093.153
7251.0,7150.492
7252.0,7998.589
7253.0,7784.2314
7254.0,7055.523
7255.0,4992.4604
7256.0,4514.7783
7257.0,9420.056
7258.0,8996.6455
7259.0,5800.643
7260.0,6472.336
7261.0,6502.3345
7262.0,4703.577
7263.0,3606.909
7264.0,8813.6
7265.0,4963.699
7266.0,5454.7397
7267.0,5331.983
7268.0,1863.6301
7269.0,8731.618
7270.0,3285.342
7271.0,6075.9043
7272.0,3965.6301
7273.0,4259.523
7274.0,5600.5806
7275.0,6072.289
7276.0,5035.634
7277.0,4143.6973
7278.0,3226.9214
7279.0,3294.9934
7280.0,2573.8428
7281.0,5325.5884
7282.0,15932.224
7283.0,4219.032
7284.0,4679.4966
7285.0,5171.3706
7286.0,4131.5054
7287.0,3935.4749
7288.0,4107.194
7289.0,3331.598
7290.0,5407.943
7291.0,5311.247
7292.0,3145.367
7293.0,6682.18
7294.0,4021.5073
7295.0,3782.9382
7296.0,6211.032
7297.0,5732.953
7298.0,7480.1743
7299.0,4428.208
7300.0,5109.6533
7301.0,3379.259
7302.0,4292.173
7303.0,12340.137
7304.0,7385.2983
7305.0,5169.8813
7306.0,3948.5947
7307.0,3714.3076
7308.0,4566.035
7309.0,3855.2302
7310.0,7607.028
7311.0,4144.4365
7312.0,4656.632
7313.0,5306.062
7314.0,3725.2402
7315.0,5010.484
7316.0,5253.0845
7317.0,5448.4478
7318.0,5123.6167
7319.0,3190.4744
7320.0,4449.6416
7321.0,4897.7603
7322.0,7349.8745
7323.0,6634.416
7324.0,5410.4194
7325.0,3354.035
7326.0,6641.5957
7327.0,4286.8086
7328.0,3697.9563
7329.0,5464.7803
7330.0,5835.9
7331.0,4776.643
7332.0,4446.434
7333.0,5244.9585
7334.0,5739.2617
7335.0,4457.654
7336.0,5785.856
7337.0,5609.0005
7338.0,3645.1165
7339.0,7138.0356
7340.0,4802.946
7341.0,3617.8533
7342.0,9517.555
7343.0,4520.5312
7344.0,3086.2856
7345.0,5808.5327
7346.0,8065.191
7347.0,7027.9316
7348.0,4691.4253
7349.0,4520.6606
7350.0,5183.841
7351.0,5605.1714
7352.0,4664.625
7353.0,6726.63
7354.0,2798.7915
7355.0,4652.2495
7356.0,4555.416
7357.0,4518.436
7358.0,3677.3284
7359.0,5420.11
7360.0,5470.0425
7361.0,4374.8823
7362.0,6278.536
7363.0,4895.948
7364.0,6690.7134
7365.0,3785.8083
7366.0,5005.263
7367.0,4598.432
7368.0,6073.917
7369.0,6571.148
7370.0,2549.4172
7371.0,6855.004
7372.0,5229.502
7373.0,5453.595
7374.0,3967.6091
7375.0,2886.2866
7376.0,5213.047
7377.0,3967.4275
7378.0,6536.76
7379.0,5183.297
7380.0,4211.011
7381.0,6194.3423
7382.0,4795.566
7383.0,4146.0737
7384.0,6262.5728
7385.0,4135.5786
7386.0,6417.0312
7387.0,8124.688
7388.0,6246.525
7389.0,3918.8157
7390.0,4039.732
7391.0,3164.0771
7392.0,2561.1335
7393.0,5910.53
7394.0,4387.2563
7395.0,6802.0586
7396.0,3309.4688
7397.0,5429.341
7398.0,4765.834
7399.0,8526.741
7400.0,4476.9365
7401.0,3815.1665
7402.0,3953.7507
7403.0,6437.2
7404.0,4829.2183
7405.0,6063.723
7406.0,6408.327
7407.0,7768.3887
7408.0,5438.4062
7409.0,5882.392
7410.0,4498.743
7411.0,3659.628
7412.0,4114.484
7413.0,7973.027
7414.0,7224.2275
7415.0,6053.8354
7416.0,13601.725
7417.0,4376.5977
7418.0,3893.9272
7419.0,4674.0493
7420.0,6671.182
7421.0,6128.5854
7422.0,4872.5464
7423.0,6016.286
7424.0,6084.331
7425.0,5570.399
7426.0,4812.2183
7427.0,3859.6494
7428.0,3698.1716
7429.0,3862.2202
7430.0,3083.5457
7431.0,3751.6265
7432.0,6338.5337
7433.0,12146.279
7434.0,5173.6797
7435.0,4273.0913
7436.0,5442.0386
7437.0,3075.1938
7438.0,4970.683
7439.0,3393.1362
7440.0,7613.0522
7441.0,4768.262
7442.0,4850.885
7443.0,10441.439
7444.0,10246.919
7445.0,5028.4385
7446.0,5453.5747
7447.0,3041.7686
7448.0,4445.3696
7449.0,4750.5747
7450.0,6941.982
7451.0,3453.0627
7452.0,3659.785
7453.0,5624.956
7454.0,4970.2944
7455.0,5042.93
7456.0,5419.376
7457.0,4102.5146
7458.0,5667.3345
7459.0,6067.1597
7460.0,5218.0166
7461.0,3299.5796
7462.0,2971.7493
7463.0,5940.5703
7464.0,3502.1238
7465.0,8099.31
7466.0,3561.3337
7467.0,4074.87
7468.0,5227.238
7469.0,4305.677
7470.0,3902.1265
7471.0,5461.034
7472.0,4796.9067
7473.0,7446.4395
7474.0,7264.9062
7475.0,4740.218
7476.0,3375.9724
7477.0,4777.2217
7478.0,6618.0845
7479.0,3793.132
7480.0,4674.549
7481.0,4946.523
7482.0,2811.1558
7483.0,4052.2173
7484.0,4798.257
7485.0,6190.261
7486.0,1200.7249
7487.0,7093.7427
7488.0,4089.5935
7489.0,10546.632
7490.0,4893.6416
7491.0,3965.566
7492.0,106.37278
7493.0,3126.144
7494.0,6302.795
7495.0,14727.223
7496.0,3280.178
7497.0,3568.7578
7498.0,7347.029
7499.0,5441.099
7500.0,5897.5044
7501.0,6157.807
7502.0,4890.935
7503.0,4766.37
7504.0,3681.1084
7505.0,7432.1772
7506.0,4305.9395
7507.0,5951.863
7508.0,6210.778
7509.0,1028.6709
7510.0,6804.226
7511.0,4474.268
7512.0,3059.1592
7513.0,6645.2837
7514.0,6660.2783
7515.0,3458.3572
7516.0,5499.6016
7517.0,5323.5063
7518.0,4087.7644
7519.0,7266.1953
7520.0,4719.8696
7521.0,6346.483
7522.0,3382.7036
7523.0,3734.7334
7524.0,6029.7754
7525.0,2972.7217
7526.0,6305.254
7527.0,3544.7122
7528.0,4887.2275
7529.0,4028.9102
7530.0,4349.0435
7531.0,5383.414
7532.0,5405.901
7533.0,4210.256
7534.0,6005.1924
7535.0,4417.6436
7536.0,6266.445
7537.0,5576.4062
7538.0,6035.259
7539.0,7151.8833
7540.0,6241.927
7541.0,2754.482
7542.0,4928.6963
7543.0,5866.1543
7544.0,4479.696
7545.0,9752.458
7546.0,4331.605
7547.0,5406.8804
7548.0,8109.9624
7549.0,4772.5396
7550.0,2840.1667
7551.0,8302.118
7552.0,8000.2676
7553.0,4577.4214
7554.0,6017.7437
7555.0,7474.3833
7556.0,4744.452
7557.0,4534.9434
7558.0,5671.574
7559.0,4321.065
7560.0,4853.398
7561.0,5520.8037
7562.0,3970.7139
7563.0,5837.431
7564.0,5233.7935
7565.0,5064.792
7566.0,5810.034
7567.0,4703.788
7568.0,4702.2227
7569.0,2934.5403
7570.0,5890.6343
7571.0,5498.054
7572.0,4445.6157
7573.0,5473.2314
7574.0,5069.9736
7575.0,7238.705
7576.0,4363.829
7577.0,4200.4517
7578.0,4687.1846
7579.0,5803.9634
7580.0,5507.523
7581.0,4079.3347
7582.0,2922.393
7583.0,6436.6353
7584.0,6277.3745
7585.0,4484.7153
7586.0,5919.0996
7587.0,5254.177
7588.0,4942.1606
7589.0,3653.1055
7590.0,2913.1975
7591.0,4998.6694
7592.0,5144.297
7593.0,4585.8564
7594.0,7092.741
7595.0,6681.804
7596.0,3837.6619
7597.0,7172.035
7598.0,3288.8228
7599.0,2818.8848
7600.0,5650.569
7601.0,10126.136
7602.0,6116.538
7603.0,5556.2256
7604.0,3108.1355
7605.0,5437.182
7606.0,6683.99
7607.0,4518.4917
7608.0,6190.1846
7609.0,4211.324
7610.0,4078.2493
7611.0,4270.577
7612.0,4037.8208
7613.0,4815.4414
7614.0,3502.077
7615.0,3774.3127
7616.0,3261.9668
7617.0,5531.2666
7618.0,4383.2744
7619.0,3672.6306
7620.0,4953.8516
7621.0,5156.633
7622.0,4120.1235
7623.0,4746.29
7624.0,6062.601
7625.0,6223.777
7626.0,4884.324
7627.0,2935.974
7628.0,9602.032
7629.0,4643.679
7630.0,3651.057
7631.0,6602.6685
7632.0,6101.545
7633.0,5803.626
7634.0,4837.429
7635.0,5910.1353
7636.0,6185.8696
7637.0,9279.951
7638.0,3573.9668
7639.0,3404.2505
7640.0,4040.3562
7641.0,4839.6357
7642.0,4490.04
7643.0,5563.3584
7644.0,6252.3906
7645.0,5202.471
7646.0,3223.0818
7647.0,4864.276
7648.0,6165.712
7649.0,3566.9028
7650.0,5100.591
7651.0,3459.687
7652.0,5766.402
7653.0,6016.6245
7654.0,5974.364
7655.0,7127.429
7656.0,4947.151
7657.0,2912.6875
7658.0,5257.1045
7659.0,5833.2344
7660.0,6299.4233
7661.0,5882.3135
7662.0,5585.8506
7663.0,4319.7915
7664.0,3383.885
7665.0,7490.148
7666.0,3712.0796
7667.0,9105.599
7668.0,3315.9976
7669.0,3378.9238
7670.0,5183.806
7671.0,4950.54
7672.0,5856.7334
7673.0,6114.8755
7674.0,3181.405
7675.0,3463.795
7676.0,5125.0684
7677.0,6553.853
7678.0,8261.958
7679.0,4412.1816
7680.0,4677.6133
7681.0,4318.086
7682.0,5109.804
7683.0,4309.0376
7684.0,8182.5005
7685.0,6569.625
7686.0,10185.736
7687.0,3518.0286
7688.0,4525.95
7689.0,8731.169
7690.0,6676.281
7691.0,3765.685
7692.0,8091.9595
7693.0,5646.399
7694.0,4272.7773
7695.0,3990.5579
7696.0,3508.1523
7697.0,4395.9487
7698.0,4711.2197
7699.0,4166.7383
7700.0,3838.4675
7701.0,6587.8223
7702.0,5548.075
7703.0,17510.777
7704.0,5137.8286
7705.0,3716.87
7706.0,5497.409
7707.0,8502.297
7708.0,4741.742
7709.0,5604.8022
7710.0,4719.4644
7711.0,7209.6963
7712.0,5786.6284
7713.0,3441.2869
7714.0,4647.6055
7715.0,5222.1445
7716.0,6340.112
7717.0,5335.6562
7718.0,7509.29
7719.0,3601.9507
7720.0,3644.3481
7721.0,4395.7812
7722.0,7475.3955
7723.0,8774.2705
7724.0,7615.8994
7725.0,5601.371
7726.0,3548.786
7727.0,4631.713
7728.0,3103.8745
7729.0,6821.212
7730.0,7537.5195
7731.0,6519.8105
7732.0,3850.1106
7733.0,3520.214
7734.0,3685.4053
7735.0,4784.2354
7736.0,8161.635
7737.0,5290.597
7738.0,3590.3076
7739.0,3426.729
7740.0,6757.439
7741.0,3341.178
7742.0,5605.0
7743.0,3074.2817
7744.0,5313.8213
7745.0,5614.369
7746.0,4639.827
7747.0,6552.7217
7748.0,5033.146
7749.0,3980.7869
7750.0,5450.5635
7751.0,4820.6396
7752.0,8479.418
7753.0,4581.558
7754.0,6111.715
7755.0,6270.403
7756.0,7315.6875
7757.0,5033.612
7758.0,5143.247
7759.0,3274.9407
7760.0,4388.257
7761.0,4733.6934
7762.0,4875.28
7763.0,7340.8647
7764.0,5822.939
7765.0,3951.0815
7766.0,5336.3994
7767.0,5511.922
7768.0,6388.511
7769.0,3095.6301
7770.0,10355.81
7771.0,3583.9941
7772.0,5145.8086
7773.0,6380.978
7774.0,4390.8403
7775.0,4291.9805
7776.0,4683.8193
7777.0,5569.9155
7778.0,4072.7715
7779.0,4359.7476
7780.0,6661.8794
7781.0,6388.5903
7782.0,6712.927
7783.0,4046.377
7784.0,6088.8247
7785.0,9616.21
7786.0,5467.862
7787.0,4571.692
7788.0,4976.4233
7789.0,5370.628
7790.0,5185.725
7791.0,5925.8843
7792.0,3282.6917
7793.0,5917.4683
7794.0,6263.427
7795.0,5193.482
7796.0,6241.0635
7797.0,3933.9773
7798.0,3958.2378
7799.0,2989.035
7800.0,6372.3896
7801.0,7610.0176
7802.0,4321.073
7803.0,3705.241
7804.0,5100.197
7805.0,4584.2993
7806.0,4453.353
7807.0,6664.6504
7808.0,5256.5327
7809.0,5862.7476
7810.0,4194.082
7811.0,3785.44
7812.0,4581.497
7813.0,8325.392
7814.0,5964.3027
7815.0,6349.5527
7816.0,6196.647
7817.0,5085.094
7818.0,6346.925
7819.0,4309.6216
7820.0,4986.031
7821.0,6914.076
7822.0,4906.294
7823.0,8164.329
7824.0,6417.466
7825.0,5605.551
7826.0,4614.4614
7827.0,6156.2275
7828.0,5885.945
7829.0,3716.8276
7830.0,3207.5947
7831.0,4835.787
7832.0,6127.8784
7833.0,4932.9434
7834.0,3540.9438
7835.0,6652.5703
7836.0,4919.5044
7837.0,5307.7627
7838.0,4365.032
7839.0,4274.7344
7840.0,5600.4414
7841.0,5563.1406
7842.0,5092.4873
7843.0,4476.7656
7844.0,4313.6025
7845.0,5252.423
7846.0,2999.6729
7847.0,5517.0977
7848.0,3346.6423
7849.0,6563.337
7850.0,6070.355
7851.0,5233.7837
7852.0,8806.003
7853.0,3802.711
7854.0,4130.264
7855.0,8224.8
7856.0,5043.9214
7857.0,6027.544
7858.0,6583.0674
7859.0,3829.2075
7860.0,4909.1123
7861.0,4975.669
7862.0,6397.6943
7863.0,8752.112
7864.0,5190.639
7865.0,2235.8179
7866.0,3768.6248
7867.0,6380.8438
7868.0,7170.0996
7869.0,4373.226
7870.0,5446.5566
7871.0,3733.686
7872.0,4493.1724
7873.0,2654.0789
7874.0,3881.4814
7875.0,5273.548
7876.0,5641.559
7877.0,4728.58
7878.0,3797.118
7879.0,6333.511
7880.0,6264.371
7881.0,6002.764
7882.0,3567.689
7883.0,7717.2104
7884.0,7643.1885
7885.0,4400.245
7886.0,6212.389
7887.0,3570.3345
7888.0,5060.224
7889.0,2782.3347
7890.0,5464.202
7891.0,3641.6548
7892.0,7969.514
7893.0,5209.93
7894.0,4861.984
7895.0,6499.203
7896.0,4481.675
7897.0,6275.74
7898.0,16172.382
7899.0,7596.109
7900.0,4308.372
7901.0,2032.8451
7902.0,4375.479
7903.0,6684.4814
7904.0,3606.4858
7905.0,11059.456
7906.0,15970.166
7907.0,3161.2593
7908.0,4173.3574
7909.0,6368.8105
7910.0,3560.043
7911.0,6974.802
7912.0,4625.02
7913.0,5619.7485
7914.0,3374.7585
7915.0,5461.367
7916.0,5100.8926
7917.0,7759.2954
7918.0,6062.1387
7919.0,4992.87
7920.0,4391.678
7921.0,5434.289
7922.0,3669.2163
7923.0,4086.653
7924.0,6553.697
7925.0,4562.626
7926.0,4606.163
7927.0,5768.5693
7928.0,5125.3374
7929.0,4633.0874
7930.0,6157.854
7931.0,5494.5835
7932.0,5770.171
7933.0,5911.0713
7934.0,5867.3965
7935.0,4692.0205
7936.0,2828.8662
7937.0,4940.2656
7938.0,5948.707
7939.0,4381.1426
7940.0,3679.6548
7941.0,6339.9907
7942.0,5056.48
7943.0,7874.8223
7944.0,6229.9297
7945.0,4305.4097
7946.0,4085.3005
7947.0,4560.568
7948.0,7268.4688
7949.0,3794.7678
7950.0,6624.3745
7951.0,13371.181
7952.0,6400.655
7953.0,5034.313
7954.0,3848.282
7955.0,3622.3013
7956.0,5410.817
7957.0,3201.5662
7958.0,4990.6655
7959.0,10411.557
7960.0,3320.499
7961.0,11984.693
7962.0,10074.981
7963.0,4009.6328
7964.0,5389.4253
7965.0,5010.843
7966.0,5395.1396
7967.0,4210.023
7968.0,8879.997
7969.0,5739.4644
7970.0,6306.7397
7971.0,3976.039
7972.0,5836.5737
7973.0,4419.84
7974.0,8054.8975
7975.0,5023.8696
7976.0,5721.607
7977.0,5604.3584
7978.0,5036.1187
7979.0,7417.4683
7980.0,7926.5615
7981.0,4870.8735
7982.0,7723.757
7983.0,5386.8247
7984.0,7910.6025
7985.0,4107.5347
7986.0,4056.5334
7987.0,4140.098
7988.0,6889.7715
7989.0,5193.4624
7990.0,5646.0166
7991.0,4778.0054
7992.0,6973.8506
7993.0,3859.5354
7994.0,6361.5557
7995.0,5816.949
7996.0,3093.6638
7997.0,11278.776
7998.0,14962.611
7999.0,5294.1865
8000.0,5462.774
8001.0,6527.022
8002.0,8095.7573
8003.0,8774.864
8004.0,4548.49
8005.0,5813.327
8006.0,4425.4844
8007.0,6142.8423
8008.0,3405.186
8009.0,4379.275
8010.0,4324.9414
8011.0,4468.8086
8012.0,6502.0737
8013.0,3891.6584
8014.0,3158.7542
8015.0,5787.0425
8016.0,3102.7673
8017.0,3344.4307
8018.0,4478.064
8019.0,4148.9185
8020.0,6847.6587
8021.0,6792.891
8022.0,6728.677
8023.0,5143.399
8024.0,5006.963
8025.0,8582.059
8026.0,6516.3975
8027.0,3601.8647
8028.0,4041.8018
8029.0,7339.7583
8030.0,3960.946
8031.0,5478.695
8032.0,2718.1274
8033.0,3855.1638
8034.0,5579.998
8035.0,4565.4517
8036.0,4457.318
8037.0,8113.018
8038.0,7501.122
8039.0,9790.081
8040.0,4922.091
8041.0,9049.228
8042.0,2688.1843
8043.0,4105.6626
8044.0,4446.5825
8045.0,2837.2854
8046.0,6309.3813
8047.0,4062.9
8048.0,4494.865
8049.0,7149.176
8050.0,8440.984
8051.0,6078.2754
8052.0,4313.5
8053.0,3963.9849
8054.0,8164.142
8055.0,5943.3813
8056.0,4905.4233
8057.0,4295.4824
8058.0,5019.8223
8059.0,6593.0337
8060.0,3577.5417
8061.0,5092.0063
8062.0,5876.9463
8063.0,5781.63
8064.0,13992.559
8065.0,4649.827
8066.0,11498.485
8067.0,5587.092
8068.0,4720.018
8069.0,2627.22
8070.0,4386.4824
8071.0,4693.2334
8072.0,4490.1387
8073.0,5804.041
8074.0,4118.8936
8075.0,3583.5396
8076.0,5263.9487
8077.0,3172.0134
8078.0,6508.614
8079.0,5182.847
8080.0,6336.1157
8081.0,6625.101
8082.0,3730.7737
8083.0,7863.001
8084.0,5668.0156
8085.0,4331.977
8086.0,5123.5483
8087.0,4227.722
8088.0,7587.311
8089.0,5305.627
8090.0,3706.9343
8091.0,5415.722
8092.0,6354.436
8093.0,5385.0063
8094.0,4696.0503
8095.0,6791.867
8096.0,4859.721
8097.0,5144.979
8098.0,4734.2666
8099.0,6840.308
8100.0,4699.6484
8101.0,4905.62
8102.0,3780.1426
8103.0,4033.1091
8104.0,3228.7134
8105.0,3960.315
8106.0,6206.2534
8107.0,7271.1104
8108.0,7975.339
8109.0,8711.887
8110.0,7188.15
8111.0,5264.6416
8112.0,4642.063
8113.0,9950.083
8114.0,9022.253
8115.0,5435.922
8116.0,6597.9214
8117.0,6826.9595
8118.0,4630.454
8119.0,3637.8147
8120.0,9319.732
8121.0,4624.764
8122.0,5278.691
8123.0,5320.912
8124.0,1816.3689
8125.0,8858.941
8126.0,3305.531
8127.0,6242.159
8128.0,4058.9644
8129.0,4498.546
8130.0,6060.9014
8131.0,6156.0806
8132.0,4930.883
8133.0,4365.9526
8134.0,3311.9763
8135.0,3167.6138
8136.0,2701.284
8137.0,5442.0073
8138.0,16683.871
8139.0,4387.3696
8140.0,4836.8896
8141.0,5153.211
8142.0,4235.8765
8143.0,4115.622
8144.0,4127.46
8145.0,3245.7542
8146.0,5289.3154
8147.0,5399.2017
8148.0,3086.6624
8149.0,6817.0884
8150.0,4010.4666
8151.0,3983.784
8152.0,6446.1826
8153.0,6036.5483
8154.0,7526.8584
8155.0,4571.688
8156.0,5337.489
8157.0,3450.185
8158.0,4234.8784
8159.0,12691.381
8160.0,7769.582
8161.0,5270.3696
8162.0,4141.9546
8163.0,3602.157
8164.0,4519.0996
8165.0,3865.8804
8166.0,7806.6934
8167.0,4036.3499
8168.0,4556.7935
8169.0,5243.6675
8170.0,3763.4263
8171.0,5231.338
8172.0,5252.6685
8173.0,5736.8315
8174.0,5317.5483
8175.0,3275.2656
8176.0,4873.4204
8177.0,4961.2993
8178.0,7580.801
8179.0,6971.4365
8180.0,5552.7974
8181.0,3291.6946
8182.0,6683.085
8183.0,4325.8037
8184.0,3768.7793
8185.0,5666.0156
8186.0,6078.849
8187.0,4912.0444
8188.0,4592.891
8189.0,5432.573
8190.0,5777.8867
8191.0,4620.562
8192.0,6091.7466
8193.0,5713.029
8194.0,3574.3555
8195.0,7277.8755
8196.0,4615.2715
8197.0,3634.7656
8198.0,9411.821
8199.0,4553.522
8200.0,2939.8613
8201.0,6076.5767
8202.0,8120.396
8203.0,7014.183
8204.0,4651.757
8205.0,4736.0645
8206.0,5104.5283
8207.0,5700.297
8208.0,4821.2603
8209.0,6733.8325
8210.0,2812.6084
8211.0,4810.24
8212.0,4691.1167
8213.0,4594.1226
8214.0,3570.8215
8215.0,5653.8687
8216.0,5567.1484
8217.0,4513.456
8218.0,6279.2007
8219.0,4880.3237
8220.0,6830.105
8221.0,3772.9124
8222.0,4890.678
8223.0,4569.957
8224.0,6260.405
8225.0,6697.1685
8226.0,2607.4075
8227.0,6943.611
8228.0,5547.4824
8229.0,5706.7217
8230.0,3971.8389
8231.0,3016.653
8232.0,5259.989
8233.0,3852.3848
8234.0,6589.714
8235.0,5283.6377
8236.0,4329.461
8237.0,6199.3193
8238.0,4813.7607
8239.0,4177.663
8240.0,6300.721
8241.0,4378.9155
8242.0,6507.956
8243.0,8222.047
8244.0,6409.458
8245.0,3959.2346
8246.0,4106.285
8247.0,3134.712
8248.0,2498.3782
8249.0,6264.102
8250.0,4467.994
8251.0,7163.8857
8252.0,3320.2932
8253.0,5479.16
8254.0,4649.6274
8255.0,8034.326
8256.0,4523.089
8257.0,3905.2656
8258.0,3943.4265
8259.0,6738.6704
8260.0,4763.966
8261.0,6021.9526
8262.0,6401.2227
8263.0,7974.6543
8264.0,5636.627
8265.0,6022.8145
8266.0,4675.7974
8267.0,3686.4497
8268.0,4289.14
8269.0,8623.125
8270.0,7250.715
8271.0,6262.1187
8272.0,14074.94
8273.0,4599.4062
8274.0,3983.9663
8275.0,4839.22
8276.0,6838.5796
8277.0,6383.687
8278.0,5041.425
8279.0,6313.9927
8280.0,6172.008
8281.0,5976.541
8282.0,4859.3877
8283.0,3890.8455
8284.0,3733.1233
8285.0,3930.1775
8286.0,3063.8381
8287.0,3735.4744
8288.0,6479.112
8289.0,12015.664
8290.0,5141.2456
8291.0,4325.5723
8292.0,5289.6587
8293.0,3172.961
8294.0,4878.913
8295.0,3081.2402
8296.0,8040.597
8297.0,4914.3643
8298.0,4998.4688
8299.0,10663.547
8300.0,10286.881
8301.0,5078.0615
8302.0,5468.832
8303.0,3090.546
8304.0,4538.0415
8305.0,4918.8384
8306.0,6901.248
8307.0,3453.537
8308.0,3808.6104
8309.0,5605.107
8310.0,4963.9263
8311.0,5038.0024
8312.0,5133.1064
8313.0,4254.305
8314.0,5663.6865
8315.0,6183.5986
8316.0,5152.7534
8317.0,3297.7168
8318.0,2912.8655
8319.0,6358.122
8320.0,3346.2402
8321.0,8301.572
8322.0,3612.3838
8323.0,3944.9165
8324.0,5138.5146
8325.0,4423.0366
8326.0,3971.6533
8327.0,5602.5894
8328.0,4634.82
8329.0,7543.784
8330.0,7246.9536
8331.0,4796.4673
8332.0,3452.7566
8333.0,4738.866
8334.0,6193.232
8335.0,3864.896
8336.0,4780.3667
8337.0,5143.2373
8338.0,2831.0908
8339.0,4223.7153
8340.0,5068.968
8341.0,6201.0166
8342.0,1228.8317
8343.0,7349.727
8344.0,4364.874
8345.0,11001.782
8346.0,4884.5664
8347.0,3970.5244
8348.0,142.5424
8349.0,3260.6165
8350.0,6337.554
8351.0,14430.182
8352.0,3264.3076
8353.0,3478.7527
8354.0,7961.848
8355.0,5434.258
8356.0,5798.458
8357.0,6201.4956
8358.0,4663.415
8359.0,4830.8906
8360.0,3708.077
8361.0,7571.19
8362.0,4229.017
8363.0,6235.191
8364.0,6205.2056
8365.0,1079.2983
8366.0,7095.1025
8367.0,4780.2666
8368.0,3071.2742
8369.0,7125.9136
8370.0,7201.195
8371.0,3392.3918
8372.0,5581.041
8373.0,5483.3843
8374.0,4128.09
8375.0,7541.266
8376.0,4768.453
8377.0,6352.3574
8378.0,3387.1824
8379.0,3994.0881
8380.0,5792.3276
8381.0,3023.7727
8382.0,6072.764
8383.0,3449.9744
8384.0,5217.2104
8385.0,4155.4854
8386.0,4513.2153
8387.0,5349.1855
8388.0,5566.3623
8389.0,4744.004
8390.0,6239.7544
8391.0,4414.657
8392.0,6507.54
8393.0,5367.156
8394.0,5944.107
8395.0,7158.4624
8396.0,6269.637
8397.0,2725.9036
8398.0,4975.427
8399.0,6443.607
8400.0,3785.4617
8401.0,9948.518
8402.0,4397.161
8403.0,5557.4497
8404.0,8285.301
8405.0,5002.7334
8406.0,2819.1794
8407.0,8379.531
8408.0,8197.233
8409.0,4801.8555
8410.0,6379.158
8411.0,8629.625
8412.0,4623.547
8413.0,4400.354
8414.0,6032.905
8415.0,4372.867
8416.0,4334.668
8417.0,5501.396
8418.0,4124.418
8419.0,5997.9453
8420.0,5556.517
8421.0,4801.6587
8422.0,5647.126
8423.0,4827.035
8424.0,4831.582
8425.0,3003.4812
8426.0,5950.404
8427.0,5640.526
8428.0,4611.469
8429.0,5629.502
8430.0,5205.951
8431.0,7762.6636
8432.0,4368.0894
8433.0,4042.4187
8434.0,4825.875
8435.0,5672.7104
8436.0,5550.245
8437.0,4144.2783
8438.0,3391.528
8439.0,6264.168
8440.0,5723.5117
8441.0,4414.4043
8442.0,5766.875
8443.0,5405.3076
8444.0,4928.419
8445.0,3769.9119
8446.0,2984.137
8447.0,5075.7754
8448.0,5223.141
8449.0,4795.31
8450.0,7129.272
8451.0,6636.9287
8452.0,4027.4385
8453.0,7584.6846
8454.0,3071.9275
8455.0,3027.216
8456.0,5738.78
8457.0,10745.775
8458.0,6229.7515
8459.0,5589.8853
8460.0,3076.57
8461.0,5597.483
8462.0,6721.2686
8463.0,4534.4546
8464.0,6424.4414
8465.0,4141.773
8466.0,3985.4146
8467.0,4140.323
8468.0,3833.3337
8469.0,4718.5327
8470.0,3525.5508
8471.0,3774.4746
8472.0,3277.7317
8473.0,5637.1216
8474.0,4702.438
8475.0,3796.2668
8476.0,5143.188
8477.0,5076.245
8478.0,4135.65
8479.0,4537.3276
8480.0,6339.7065
8481.0,6348.8076
8482.0,4926.718
8483.0,3059.8772
8484.0,10222.681
8485.0,4686.7197
8486.0,3733.1448
8487.0,6831.4473
8488.0,6034.3667
8489.0,5986.0513
8490.0,4964.6084
8491.0,5926.0596
8492.0,7333.2295
8493.0,8856.643
8494.0,3647.099
8495.0,3435.0322
8496.0,4091.8958
8497.0,4956.801
8498.0,4571.0117
8499.0,5257.004
8500.0,6478.525
8501.0,5148.538
8502.0,3372.4705
8503.0,4936.9355
8504.0,6875.703
8505.0,3551.0784
8506.0,5164.3267
8507.0,3361.0078
8508.0,6011.5996
8509.0,5819.1357
8510.0,6078.478
8511.0,7233.8047
8512.0,5362.729
8513.0,2944.2202
8514.0,5424.7183
8515.0,5997.367
8516.0,6384.966
8517.0,6006.384
8518.0,5619.979
8519.0,4406.1797
8520.0,3409.649
8521.0,7674.929
8522.0,3547.2864
8523.0,9123.732
8524.0,3406.203
8525.0,3467.6863
8526.0,5182.3086
8527.0,5046.8716
8528.0,5957.2866
8529.0,6347.1
8530.0,3202.1985
8531.0,3453.7612
8532.0,5303.1577
8533.0,6438.5264
8534.0,7627.1597
8535.0,4513.495
8536.0,4947.042
8537.0,4289.795
8538.0,5265.194
8539.0,4367.5645
8540.0,8397.293
8541.0,6655.2295
8542.0,8968.116
8543.0,3709.9097
8544.0,4567.9736
8545.0,8470.64
8546.0,6618.2104
8547.0,3929.8926
8548.0,8389.576
8549.0,5331.8203
8550.0,4305.8125
8551.0,3939.802
8552.0,3499.0247
8553.0,4525.2812
8554.0,4492.9365
8555.0,4368.331
8556.0,3908.5862
8557.0,6463.101
8558.0,5431.874
8559.0,17763.035
8560.0,5226.3105
8561.0,3986.928
8562.0,5579.242
8563.0,8143.4087
8564.0,5029.8203
8565.0,5912.3457
8566.0,5105.97
8567.0,7594.479
8568.0,5683.7974
8569.0,4150.0107
8570.0,4949.218
8571.0,5406.4424
8572.0,6857.1226
8573.0,5655.346
8574.0,9201.458
8575.0,3587.7021
8576.0,4122.876
8577.0,5106.9004
8578.0,8236.215
8579.0,9372.236
8580.0,8302.91
8581.0,6333.2275
8582.0,3749.9197
8583.0,4993.5464
8584.0,3843.5605
8585.0,7680.1064
8586.0,8409.46
8587.0,7417.454
8588.0,4244.5483
8589.0,3862.8909
8590.0,3729.564
8591.0,5463.7173
8592.0,8513.283
8593.0,5659.0645
8594.0,4148.641
8595.0,3686.4568
8596.0,6874.7847
8597.0,3542.9272
8598.0,5895.564
8599.0,3353.3694
8600.0,5671.569
8601.0,6572.2573
8602.0,4969.716
8603.0,6925.1245
8604.0,5893.529
8605.0,4454.1133
8606.0,5783.345
8607.0,5266.324
8608.0,8632.193
8609.0,5082.4175
8610.0,6758.548
8611.0,6916.055
8612.0,7492.47
8613.0,5369.1577
8614.0,5260.395
8615.0,3664.7424
8616.0,4376.627
8617.0,5204.8735
8618.0,5570.176
8619.0,7620.099
8620.0,6203.158
8621.0,4621.0776
8622.0,5843.626
8623.0,6735.13
8624.0,6343.251
8625.0,3427.5496
8626.0,10987.657
8627.0,3902.9304
8628.0,6214.0366
8629.0,7001.1294
8630.0,4784.6685
8631.0,4743.253
8632.0,4774.5293
8633.0,6100.7476
8634.0,4360.2754
8635.0,4473.052
8636.0,7449.0396
8637.0,6979.8066
8638.0,7342.5103
8639.0,4576.051
8640.0,6476.9307
8641.0,10590.408
8642.0,5967.091
8643.0,4651.14
8644.0,5311.1714
8645.0,5562.7
8646.0,5923.115
8647.0,6531.836
8648.0,3825.6624
8649.0,6462.2876
8650.0,6934.0874
8651.0,5943.3926
8652.0,6769.7354
8653.0,3887.08
8654.0,4536.2935
8655.0,3200.4792
8656.0,7100.1055
8657.0,8249.808
8658.0,4344.437
8659.0,4283.776
8660.0,5690.871
8661.0,4943.9663
8662.0,4678.711
8663.0,7661.1504
8664.0,6151.3086
8665.0,6611.699
8666.0,4502.0015
8667.0,4087.4407
8668.0,5289.9966
8669.0,8833.048
8670.0,7013.4873
8671.0,6824.316
8672.0,6590.4746
8673.0,5671.0117
8674.0,6947.7847
8675.0,4708.4253
8676.0,5442.246
8677.0,7772.1836
8678.0,5702.853
8679.0,8169.688
8680.0,6817.719
8681.0,6162.6255
8682.0,4935.9136
8683.0,6502.0303
8684.0,6089.806
8685.0,4052.7083
8686.0,3665.1863
8687.0,4696.4043
8688.0,6517.373
8689.0,5470.4756
8690.0,3865.7402
8691.0,7136.96
8692.0,5756.065
8693.0,5235.896
8694.0,4634.329
8695.0,4598.1123
8696.0,5786.104
8697.0,6311.825
8698.0,5342.307
8699.0,4612.7363
8700.0,4767.712
8701.0,5815.59
8702.0,3409.083
8703.0,5633.751
8704.0,3526.4927
8705.0,7170.4893
8706.0,6779.1626
8707.0,6206.6025
8708.0,9902.576
8709.0,4359.3813
8710.0,4455.49
8711.0,8793.062
8712.0,5392.032
8713.0,6712.1133
8714.0,7412.023
8715.0,4217.994
8716.0,5525.4873
8717.0,5591.837
8718.0,6439.699
8719.0,9456.613
8720.0,5336.486
8721.0,2389.6858
8722.0,3910.5442
8723.0,6480.2246
8724.0,7798.2173
8725.0,5272.8335
8726.0,6064.0703
8727.0,4063.241
8728.0,4940.61
8729.0,2911.5957
8730.0,4065.6023
8731.0,5754.446
8732.0,5887.747
8733.0,4991.946
8734.0,4101.9043
8735.0,6665.299
8736.0,6611.384
8737.0,6545.17
8738.0,4062.187
8739.0,8400.377
8740.0,8635.627
8741.0,4753.3125
8742.0,6713.439
8743.0,3806.0608
8744.0,5210.0493
8745.0,3051.9448
8746.0,6114.5664
8747.0,3727.789
8748.0,8455.408
8749.0,5688.4453
8750.0,5349.1396
8751.0,6606.902
8752.0,4910.915
8753.0,6934.7554
8754.0,16595.586
8755.0,7894.488
8756.0,4430.0796
8757.0,2209.2112
8758.0,4590.7847
8759.0,6726.1294
8760.0,3860.4302
8761.0,11026.595
8762.0,17673.844
8763.0,3535.955
8764.0,4390.363
8765.0,6717.3076
8766.0,3808.0544
8767.0,7878.894
8768.0,4902.224
8769.0,5907.3003
8770.0,3480.087
8771.0,6154.4956
8772.0,5759.778
8773.0,8417.573
8774.0,6607.1475
8775.0,5603.097
8776.0,4893.88
8777.0,6135.587
8778.0,4235.832
8779.0,4379.3247
8780.0,7411.33
8781.0,5002.7383
8782.0,5048.826
8783.0,6421.948
8784.0,5541.8447
8785.0,5199.6035
8786.0,6614.178
8787.0,6407.8813
8788.0,6745.011
8789.0,7301.857
8790.0,6165.965
8791.0,5000.3477
8792.0,2994.2834
8793.0,5118.644
8794.0,6403.72
8795.0,4912.5786
8796.0,4113.091
8797.0,6419.3574
8798.0,5483.735
8799.0,8274.276
8800.0,6673.9697
8801.0,4607.688
8802.0,4445.3228
8803.0,4686.671
8804.0,7949.2827
8805.0,4366.2314
8806.0,6702.9966
8807.0,13220.218
8808.0,6788.629
8809.0,5180.302
8810.0,4061.0942
8811.0,4283.992
8812.0,5720.035
8813.0,3340.8433
8814.0,4978.4365
8815.0,11329.232
8816.0,3547.8787
8817.0,11723.951
8818.0,10692.419
8819.0,4437.828
8820.0,5519.5767
8821.0,5144.4097
8822.0,5555.992
8823.0,4466.477
8824.0,9919.118
8825.0,5839.9536
8826.0,6526.655
8827.0,4534.874
8828.0,5986.3257
8829.0,4712.5728
8830.0,8042.223
8831.0,5328.0273
8832.0,5955.8267
8833.0,6185.5156
8834.0,5197.3574
8835.0,8294.037
8836.0,8336.182
8837.0,5135.7217
8838.0,8462.702
8839.0,5922.4546
8840.0,8530.8
8841.0,3593.0864
8842.0,4492.139
8843.0,4172.3345
8844.0,7624.0103
8845.0,5440.087
8846.0,6263.989
8847.0,5398.5938
8848.0,7426.99
8849.0,4010.283
8850.0,6236.1724
8851.0,5877.922
8852.0,3453.0068
8853.0,12595.551
8854.0,15826.409
8855.0,5811.9907
8856.0,5674.1064
8857.0,7039.5244
8858.0,8558.737
8859.0,9308.051
8860.0,4727.574
8861.0,6357.54
8862.0,4643.9272
8863.0,6522.012
8864.0,3871.416
8865.0,4403.155
8866.0,4355.275
8867.0,5233.8735
8868.0,7075.261
8869.0,4219.165
8870.0,3371.483
8871.0,5975.7427
8872.0,3421.3003
8873.0,3711.4812
8874.0,4427.6294
8875.0,4618.5835
8876.0,7412.9985
8877.0,7914.5723
8878.0,7661.9907
8879.0,5684.4585
8880.0,5470.716
8881.0,8958.61
8882.0,6903.019
8883.0,3785.0464
8884.0,4414.2275
8885.0,7708.618
8886.0,4159.6694
8887.0,5756.653
8888.0,2921.7073
8889.0,4176.687
8890.0,6503.7983
8891.0,5804.013
8892.0,4659.6265
8893.0,8322.231
8894.0,8193.435
8895.0,10693.0205
8896.0,5305.262
8897.0,8778.715
8898.0,2869.8315
8899.0,4732.3613
8900.0,4674.4956
8901.0,3220.0823
8902.0,6695.827
8903.0,4142.559
8904.0,4912.733
8905.0,7648.271
8906.0,8830.082
8907.0,7311.544
8908.0,4669.669
8909.0,4147.6006
8910.0,8438.844
8911.0,6742.779
8912.0,5124.4277
8913.0,4331.58
8914.0,5614.5835
8915.0,6868.355
8916.0,3821.8032
8917.0,5493.174
8918.0,6339.646
8919.0,5989.2153
8920.0,11331.718
8921.0,4877.5547
8922.0,12199.674
8923.0,6933.1216
8924.0,5284.056
8925.0,2874.6145
8926.0,4720.2295
8927.0,5210.9688
8928.0,4701.635
8929.0,6026.09
8930.0,4425.1763
8931.0,3711.297
8932.0,5357.6216
8933.0,3342.6157
8934.0,7435.134
8935.0,5823.1167
8936.0,7291.8276
8937.0,6931.6074
8938.0,4234.119
8939.0,8234.117
8940.0,6493.4155
8941.0,4692.168
8942.0,5105.4927
8943.0,4600.494
8944.0,8290.818
8945.0,5674.956
8946.0,4233.687
8947.0,5987.919
8948.0,6788.001
8949.0,5597.157
8950.0,5018.965
8951.0,7104.346
8952.0,5327.6157
8953.0,5340.1416
8954.0,4885.354
8955.0,7358.9023
8956.0,5144.326
8957.0,5132.7344
8958.0,4219.588
8959.0,4485.276
8960.0,3354.515
8961.0,4280.5938
8962.0,6779.0527
8963.0,7824.9873
8964.0,8651.102
8965.0,8414.233
8966.0,7754.834
8967.0,5405.1323
8968.0,4910.044
8969.0,10501.994
8970.0,10190.838
8971.0,6816.0938
8972.0,7318.451
8973.0,6960.938
8974.0,5009.5713
8975.0,4049.721
8976.0,10593.338
8977.0,4651.0825
8978.0,5697.7363
8979.0,5628.3423
8980.0,1894.471
8981.0,9349.701
8982.0,4126.7827
8983.0,7004.2886
8984.0,4254.037
8985.0,5019.2715
8986.0,6188.213
8987.0,6573.0225
8988.0,5840.895
8989.0,4611.9575
8990.0,3770.1602
8991.0,3349.0984
8992.0,3051.4382
8993.0,5754.056
8994.0,17259.896
8995.0,4797.5107
8996.0,4897.223
8997.0,5498.054
8998.0,4466.3066
8999.0,4191.858
9000.0,4310.962
9001.0,3391.1172
9002.0,6432.4004
9003.0,5650.4614
9004.0,3310.6624
9005.0,7646.0903
9006.0,4294.5566
9007.0,4111.757
9008.0,6863.103
9009.0,6287.8135
9010.0,7961.2256
9011.0,4821.527
9012.0,5720.4663
9013.0,3669.5105
9014.0,4361.0244
9015.0,13179.555
9016.0,9042.386
9017.0,5636.417
9018.0,4264.9385
9019.0,3993.8823
9020.0,5011.6216
9021.0,4262.1123
9022.0,8552.748
9023.0,4298.11
9024.0,5253.375
9025.0,5846.67
9026.0,3911.6113
9027.0,5494.4
9028.0,5744.8755
9029.0,6183.3037
9030.0,5249.4077
9031.0,3617.5635
9032.0,5316.3765
9033.0,5637.686
9034.0,8603.113
9035.0,7282.3613
9036.0,5931.969
9037.0,3887.896
9038.0,7623.952
9039.0,4773.1997
9040.0,4003.2847
9041.0,5930.9565
9042.0,6513.8184
9043.0,5171.006
9044.0,5021.7427
9045.0,5676.088
9046.0,7017.9375
9047.0,5083.62
9048.0,6847.169
9049.0,5935.45
9050.0,3762.5613
9051.0,8034.8857
9052.0,4803.01
9053.0,3739.1858
9054.0,10855.41
9055.0,4810.883
9056.0,2923.369
9057.0,6326.803
9058.0,8147.7515
9059.0,8098.9937
9060.0,5279.089
9061.0,4937.7734
9062.0,5672.4346
9063.0,6475.986
9064.0,4944.834
9065.0,7576.3335
9066.0,2672.972
9067.0,5250.189
9068.0,4847.8735
9069.0,4753.326
9070.0,3982.5034
9071.0,5981.069
9072.0,5938.61
9073.0,4911.4116
9074.0,6710.379
9075.0,5294.091
9076.0,7563.828
9077.0,3781.524
9078.0,5746.3716
9079.0,5029.158
9080.0,6629.5137
9081.0,7291.508
9082.0,2775.6975
9083.0,7092.4707
9084.0,6571.618
9085.0,6295.591
9086.0,4299.5083
9087.0,3152.712
9088.0,5752.6294
9089.0,4034.4214
9090.0,7266.3545
9091.0,5524.8916
9092.0,4860.6255
9093.0,6454.8643
9094.0,5422.2197
9095.0,4373.318
9096.0,6955.934
9097.0,4680.0454
9098.0,6812.779
9099.0,9119.305
9100.0,6443.589
9101.0,3945.2476
9102.0,4455.635
9103.0,3566.7395
9104.0,2608.2969
9105.0,6702.5874
9106.0,5598.7485
9107.0,7688.6084
9108.0,3745.3652
9109.0,5668.1777
9110.0,5238.6934
9111.0,8253.594
9112.0,4779.628
9113.0,4633.4277
9114.0,4119.0664
9115.0,7367.119
9116.0,5059.592
9117.0,6095.7744
9118.0,6878.7397
9119.0,8569.512
9120.0,5811.8857
9121.0,6452.193
9122.0,4951.277
9123.0,4040.7224
9124.0,4480.5933
9125.0,8901.459
9126.0,6816.503
9127.0,7225.613
9128.0,14243.593
9129.0,4787.8145
9130.0,4383.182
9131.0,5346.7065
9132.0,7308.1973
9133.0,7155.739
9134.0,5157.927
9135.0,6685.9863
9136.0,6848.756
9137.0,6538.0005
9138.0,5341.242
9139.0,4180.27
9140.0,4213.193
9141.0,4424.2476
9142.0,3390.247
9143.0,3918.8567
9144.0,7396.7754
9145.0,12533.106
9146.0,5865.964
9147.0,4797.085
9148.0,5569.9795
9149.0,3461.704
9150.0,5433.693
9151.0,3443.8289
9152.0,8815.079
9153.0,5442.407
9154.0,5250.5293
9155.0,11239.355
9156.0,10401.294
9157.0,5585.0566
9158.0,5812.3623
9159.0,3235.9753
9160.0,5003.263
9161.0,5202.873
9162.0,7643.196
9163.0,3626.8618
9164.0,4042.4033
9165.0,5561.9683
9166.0,5008.6587
9167.0,5296.3887
9168.0,5590.557
9169.0,4374.3525
9170.0,6209.2437
9171.0,6499.0356
9172.0,5393.195
9173.0,3657.234
9174.0,3140.0303
9175.0,6788.817
9176.0,3813.751
9177.0,8711.347
9178.0,3973.567
9179.0,4471.546
9180.0,5303.0312
9181.0,4975.5977
9182.0,4105.3843
9183.0,6099.2466
9184.0,5373.2617
9185.0,8201.761
9186.0,7695.49
9187.0,5227.6914
9188.0,3599.3232
9189.0,5183.124
9190.0,7093.878
9191.0,4176.2407
9192.0,5496.2715
9193.0,5347.1963
9194.0,3061.1912
9195.0,4848.0723
9196.0,5358.8325
9197.0,6264.305
9198.0,1380.6515
9199.0,8039.125
9200.0,4656.032
9201.0,11426.889
9202.0,5391.4355
9203.0,4473.329
9204.0,161.92499
9205.0,3260.3118
9206.0,6801.65
9207.0,15959.462
9208.0,3478.4607
9209.0,3519.9053
9210.0,7978.8086
9211.0,5577.71
9212.0,6402.285
9213.0,6541.9116
9214.0,4727.899
9215.0,4820.7773
9216.0,3791.562
9217.0,7826.9507
9218.0,5038.098
9219.0,6972.2275
9220.0,6591.5244
9221.0,1247.5818
9222.0,7470.5415
9223.0,4905.138
9224.0,3136.429
9225.0,7068.9004
9226.0,7363.248
9227.0,3812.4233
9228.0,6019.0874
9229.0,5712.56
9230.0,4620.7866
9231.0,8435.447
9232.0,5037.142
9233.0,7271.346
9234.0,3974.492
9235.0,3985.198
9236.0,5830.9644
9237.0,3298.2705
9238.0,6791.524
9239.0,3502.0134
9240.0,5659.831
9241.0,4633.419
9242.0,5097.814
9243.0,5753.617
9244.0,5764.7686
9245.0,4923.1753
9246.0,6099.0605
9247.0,4913.291
9248.0,6791.8413
9249.0,5939.25
9250.0,6108.259
9251.0,7964.286
9252.0,6598.3623
9253.0,2888.325
9254.0,5445.6943
9255.0,6899.0107
9256.0,4624.76
9257.0,13660.292
9258.0,4810.0615
9259.0,5871.086
9260.0,8812.011
9261.0,4932.6846
9262.0,3034.7803
9263.0,9478.701
9264.0,8573.82
9265.0,5117.897
9266.0,6673.2437
9267.0,8847.195
9268.0,5079.0737
9269.0,4836.6265
9270.0,6311.9814
9271.0,5092.774
9272.0,4889.6943
9273.0,5930.906
9274.0,4171.085
9275.0,6182.1064
9276.0,5840.5107
9277.0,5341.3594
9278.0,5856.3535
9279.0,5185.1665
9280.0,5338.726
9281.0,3182.9988
9282.0,5909.7856
9283.0,5918.4956
9284.0,5301.448
9285.0,6076.484
9286.0,5343.6064
9287.0,8478.642
9288.0,4681.153
9289.0,4459.5254
9290.0,4869.1733
9291.0,5842.946
9292.0,6177.2495
9293.0,4339.67
9294.0,3544.6143
9295.0,7054.9507
9296.0,5868.001
9297.0,4851.699
9298.0,5941.5903
9299.0,6068.5835
9300.0,5317.4873
9301.0,3962.3403
9302.0,3267.632
9303.0,5194.7505
9304.0,5402.8594
9305.0,5127.865
9306.0,8033.024
9307.0,6926.8354
9308.0,4606.0444
9309.0,7911.4707
9310.0,3273.8413
9311.0,3081.2197
9312.0,5860.975
9313.0,12225.334
9314.0,6266.899
9315.0,5935.677
9316.0,3378.7175
9317.0,6000.383
9318.0,6873.362
9319.0,4673.6753
9320.0,6542.2114
9321.0,4424.463
9322.0,4485.066
9323.0,4933.847
9324.0,4183.094
9325.0,5336.5776
9326.0,3837.047
9327.0,4237.5938
9328.0,3638.8977
9329.0,6330.0566
9330.0,4817.1094
9331.0,3964.9153
9332.0,5386.496
9333.0,5150.2085
9334.0,4311.813
9335.0,5229.9707
9336.0,6845.3403
9337.0,6333.9224
9338.0,5656.733
9339.0,3265.435
9340.0,9771.488
9341.0,5159.0684
9342.0,4015.2285
9343.0,7805.4204
9344.0,6820.015
9345.0,6412.5464
9346.0,5163.2627
9347.0,6341.7324
9348.0,8127.5635
9349.0,9811.3
9350.0,3576.4907
9351.0,3714.3289
9352.0,3947.6833
9353.0,5214.315
9354.0,5108.742
9355.0,5822.356
9356.0,6872.877
9357.0,5797.988
9358.0,3518.8645
9359.0,5379.1436
9360.0,7303.048
9361.0,3930.7512
9362.0,5559.9844
9363.0,3693.0986
9364.0,6668.084
9365.0,6350.5703
9366.0,6272.6104
9367.0,7913.2666
9368.0,5277.2915
9369.0,3022.1663
9370.0,5949.8193
9371.0,6364.05
9372.0,6874.759
9373.0,6284.6416
9374.0,6017.055
9375.0,4872.89
9376.0,3818.3667
9377.0,8004.7783
9378.0,3962.9944
9379.0,10048.945
9380.0,3924.704
9381.0,3576.1565
9382.0,5322.689
9383.0,5263.5522
9384.0,6297.3203
9385.0,6363.425
9386.0,3663.0962
9387.0,3753.674
9388.0,5599.1865
9389.0,6550.516
9390.0,8941.887
9391.0,4477.786
9392.0,5346.018
9393.0,4607.5825
9394.0,5791.7197
9395.0,4427.2744
9396.0,8821.21
9397.0,7140.3374
9398.0,10487.33
9399.0,4059.971
9400.0,4835.224
9401.0,8212.156
9402.0,7133.421
9403.0,3923.2217
9404.0,9015.362
9405.0,6193.6865
9406.0,4727.8584
9407.0,4584.3735
9408.0,3614.2246
9409.0,4580.907
9410.0,4843.3394
9411.0,4870.678
9412.0,4260.653
9413.0,6392.278
9414.0,5439.6147
9415.0,19330.71
9416.0,5516.6978
9417.0,3631.5632
9418.0,3547.6216
9419.0,3519.3914
9420.0,2479.8918
9421.0,3229.4683
9422.0,3506.2854
9423.0,3802.2866
9424.0,2443.3865
9425.0,3008.996
9426.0,2737.365
9427.0,2206.838
9428.0,2475.4016
9429.0,2016.019
9430.0,3667.5508
9431.0,2963.2632
9432.0,2420.628
9433.0,3624.2783
9434.0,2912.8293
9435.0,5529.5786
9436.0,5515.672
9437.0,3369.155
9438.0,2995.875
9439.0,2970.7556
9440.0,1962.8275
9441.0,4449.107
9442.0,4090.2256
9443.0,4048.0564
9444.0,4428.2925
9445.0,2292.3657
9446.0,3376.0981
9447.0,2901.9675
9448.0,5260.6357
9449.0,3227.9219
9450.0,3876.4788
9451.0,3167.647
9452.0,4924.312
9453.0,2543.7976
9454.0,4518.656
9455.0,3693.6165
9456.0,3557.239
9457.0,2364.1318
9458.0,2320.6587
9459.0,4250.03
9460.0,3279.574
9461.0,2723.7524
9462.0,2536.1086
9463.0,2768.7087
9464.0,7562.9478
9465.0,4143.2705
9466.0,3052.629
9467.0,5721.465
9468.0,3254.5598
9469.0,2489.046
9470.0,4772.8716
9471.0,1806.5519
9472.0,1659.7518
9473.0,3241.5552
9474.0,3430.366
9475.0,4681.3003
9476.0,3276.7815
9477.0,2640.2256
9478.0,5346.2524
9479.0,5023.098
9480.0,5248.2915
9481.0,2047.6584
9482.0,5759.421
9483.0,2944.4463
9484.0,2891.134
9485.0,5244.493
9486.0,2808.3787
9487.0,3886.9355
9488.0,3075.9978
9489.0,3937.2097
9490.0,3015.0679
9491.0,2869.8208
9492.0,8549.796
9493.0,3360.809
9494.0,3745.7583
9495.0,1773.3175
9496.0,5094.217
9497.0,5729.5093
9498.0,2494.4543
9499.0,1702.8468
9500.0,3006.6204
9501.0,4204.3003
9502.0,3817.0957
9503.0,4174.8706
9504.0,1823.7054
9505.0,3796.3862
9506.0,2397.8606
9507.0,3370.1804
9508.0,2824.8276
9509.0,2229.8264
9510.0,3419.9788
9511.0,3032.9136
9512.0,4094.9453
9513.0,4635.404
9514.0,2749.9722
9515.0,3247.1975
9516.0,3304.8372
9517.0,4256.578
9518.0,2760.7656
9519.0,4194.646
9520.0,3294.7954
9521.0,3686.7944
9522.0,2309.5981
9523.0,2468.6553
9524.0,4340.4355
9525.0,4737.727
9526.0,4548.373
9527.0,3796.6072
9528.0,3773.3335
9529.0,2907.6223
9530.0,3716.395
9531.0,2389.8293
9532.0,3365.0886
9533.0,5659.469
9534.0,4965.338
9535.0,3896.982
9536.0,5337.2393
9537.0,5524.839
9538.0,3165.5957
9539.0,3246.293
9540.0,3256.5132
9541.0,2472.1436
9542.0,2428.56
9543.0,4084.7864
9544.0,3665.7283
9545.0,3162.5803
9546.0,2372.7705
9547.0,3724.9382
9548.0,3677.6475
9549.0,5733.3853
9550.0,3763.8967
9551.0,2014.303
9552.0,2958.5686
9553.0,5355.7515
9554.0,3082.0547
9555.0,2877.5916
9556.0,2135.9885
9557.0,2756.205
9558.0,2724.2969
9559.0,3101.5806
9560.0,3211.2412
9561.0,5070.003
9562.0,4083.8083
9563.0,4838.306
9564.0,6357.8613
9565.0,2889.408
9566.0,3852.7559
9567.0,7075.14
9568.0,3945.9778
9569.0,4331.9976
9570.0,4863.793
9571.0,5003.454
9572.0,3061.4802
9573.0,3458.5618
9574.0,2860.6882
9575.0,5641.1396
9576.0,2312.9233
9577.0,2267.1545
9578.0,1931.7222
9579.0,3538.121
9580.0,6060.8784
9581.0,3813.2961
9582.0,4146.8887
9583.0,2707.3572
9584.0,1316.9089
9585.0,1623.0754
9586.0,2370.8687
9587.0,3494.2615
9588.0,3548.4778
9589.0,3641.693
9590.0,2752.802
9591.0,3288.5183
9592.0,2648.518
9593.0,3083.6663
9594.0,1990.9722
9595.0,4844.795
9596.0,6356.618
9597.0,2940.25
9598.0,4019.2905
9599.0,2575.4233
9600.0,3224.561
9601.0,2078.3093
9602.0,3562.7507
9603.0,3378.6982
9604.0,4221.8223
9605.0,3907.3
9606.0,4782.967
9607.0,3214.6772
9608.0,2963.218
9609.0,5636.7505
9610.0,12001.062
9611.0,4537.7256
9612.0,2409.1946
9613.0,2377.0994
9614.0,2211.607
9615.0,4264.235
9616.0,2826.6514
9617.0,15815.831
9618.0,24552.465
9619.0,2198.6582
9620.0,1628.8885
9621.0,7567.4287
9622.0,2446.0244
9623.0,4659.284
9624.0,2952.794
9625.0,2609.4082
9626.0,6576.3774
9627.0,3932.135
9628.0,2471.0564
9629.0,2663.0842
9630.0,4497.6616
9631.0,3525.7964
9632.0,2624.3892
9633.0,3794.3408
9634.0,3422.7822
9635.0,3903.8167
9636.0,7116.8794
9637.0,3254.7957
9638.0,3505.9844
9639.0,2907.4849
9640.0,2601.3137
9641.0,3810.242
9642.0,2502.078
9643.0,3373.9377
9644.0,6613.118
9645.0,3552.5999
9646.0,4723.504
9647.0,1950.4655
9648.0,2031.7087
9649.0,3788.6875
9650.0,3713.5068
9651.0,2921.9233
9652.0,1766.5502
9653.0,3256.364
9654.0,3662.345
9655.0,2880.2268
9656.0,2136.8926
9657.0,3291.5784
9658.0,2251.5842
9659.0,1174.7002
9660.0,5565.683
9661.0,3642.8257
9662.0,3023.1265
9663.0,8776.027
9664.0,3820.48
9665.0,2171.7725
9666.0,3610.5854
9667.0,1791.7228
9668.0,2513.1067
9669.0,2225.6433
9670.0,1774.9572
9671.0,3904.044
9672.0,1580.2216
9673.0,7536.959
9674.0,6795.872
9675.0,2615.749
9676.0,2839.224
9677.0,2325.353
9678.0,2322.6602
9679.0,3274.7407
9680.0,8277.031
9681.0,5122.566
9682.0,3113.5752
9683.0,2386.5835
9684.0,2594.3123
9685.0,2509.7295
9686.0,8611.216
9687.0,4358.4375
9688.0,4544.2534
9689.0,3368.3452
9690.0,7926.9395
9691.0,3885.7864
9692.0,2755.9038
9693.0,2924.782
9694.0,5731.0396
9695.0,3097.8486
9696.0,5755.055
9697.0,2669.3125
9698.0,3801.5105
9699.0,1563.1298
9700.0,3516.475
9701.0,2596.9236
9702.0,4433.1445
9703.0,2823.0146
9704.0,3626.374
9705.0,2578.557
9706.0,4544.5786
9707.0,2155.1885
9708.0,2055.0618
9709.0,7263.3335
9710.0,10869.5205
9711.0,4221.7217
9712.0,2930.822
9713.0,4460.725
9714.0,4532.452
9715.0,2708.5974
9716.0,1817.0085
9717.0,2858.5588
9718.0,2120.8137
9719.0,5439.091
9720.0,1891.2876
9721.0,2904.3245
9722.0,3035.5417
9723.0,3428.763
9724.0,3337.7246
9725.0,1646.211
9726.0,2052.4702
9727.0,3213.8953
9728.0,2244.865
9729.0,3188.165
9730.0,2742.9265
9731.0,3367.9758
9732.0,4049.7327
9733.0,4070.4917
9734.0,2168.36
9735.0,3812.4744
9736.0,2484.947
9737.0,2986.5522
9738.0,2827.2622
9739.0,1792.2999
9740.0,3325.736
9741.0,5959.685
9742.0,1937.6339
9743.0,2679.9976
9744.0,1166.1406
9745.0,2589.1704
9746.0,4440.856
9747.0,3932.5327
9748.0,3302.0264
9749.0,3685.9785
9750.0,3695.6958
9751.0,4672.828
9752.0,1519.0942
9753.0,9800.357
9754.0,1434.4207
9755.0,2529.063
9756.0,4568.806
9757.0,3231.8535
9758.0,7333.831
9759.0,1790.517
9760.0,2116.289
9761.0,1780.4999
9762.0,5452.2275
9763.0,5747.7534
9764.0,3141.082
9765.0,1087.4442
9766.0,4347.878
9767.0,3140.6116
9768.0,3293.014
9769.0,3862.6992
9770.0,5618.623
9771.0,3945.925
9772.0,2548.1663
9773.0,2480.1982
9774.0,2853.732
9775.0,1702.2733
9776.0,6897.695
9777.0,2437.6946
9778.0,10506.191
9779.0,4583.053
9780.0,1670.5425
9781.0,1478.5176
9782.0,4321.4155
9783.0,3966.8145
9784.0,2703.1968
9785.0,4264.8247
9786.0,2773.9067
9787.0,1761.0903
9788.0,3383.969
9789.0,1403.9962
9790.0,5910.857
9791.0,3222.4116
9792.0,4090.167
9793.0,3048.165
9794.0,3037.5405
9795.0,3376.7102
9796.0,4419.296
9797.0,2760.7947
9798.0,3132.5146
9799.0,1652.2765
9800.0,6719.1914
9801.0,2896.7676
9802.0,2408.2878
9803.0,2945.2485
9804.0,2978.3594
9805.0,2293.1785
9806.0,2594.3284
9807.0,2406.7834
9808.0,3612.0186
9809.0,7020.729
9810.0,2703.5579
9811.0,3802.8816
9812.0,3171.602
9813.0,2393.712
9814.0,2193.0173
9815.0,2748.628
9816.0,1662.0469
9817.0,4599.7705
9818.0,2403.8792
9819.0,2025.6444
9820.0,4229.271
9821.0,5783.77
9822.0,2626.7375
9823.0,4285.149
9824.0,1692.454
9825.0,3487.5112
9826.0,3178.2441
9827.0,4668.2974
9828.0,3330.327
9829.0,2616.2021
9830.0,3137.9373
9831.0,1825.2026
9832.0,7524.253
9833.0,3036.173
9834.0,2230.9712
9835.0,3345.203
9836.0,892.37787
9837.0,3846.4434
9838.0,2365.7112
9839.0,2819.9487
9840.0,1557.4086
9841.0,3851.1099
9842.0,1724.0824
9843.0,2991.5652
9844.0,5859.9688
9845.0,1819.0122
9846.0,2808.5127
9847.0,2408.2615
9848.0,1869.034
9849.0,4848.3867
9850.0,18168.764
9851.0,3216.7266
9852.0,2880.507
9853.0,3557.6257
9854.0,2518.2393
9855.0,2140.0571
9856.0,2899.748
9857.0,1987.0948
9858.0,5903.155
9859.0,2270.227
9860.0,2061.5073
9861.0,4951.9805
9862.0,1870.6406
9863.0,2050.3591
9864.0,5965.5205
9865.0,5881.04
9866.0,5013.7637
9867.0,1641.426
9868.0,3408.2603
9869.0,2773.3655
9870.0,1757.2504
9871.0,10137.616
9872.0,4617.2
9873.0,2401.864
9874.0,1578.8182
9875.0,2170.0574
9876.0,2133.297
9877.0,1529.0052
9878.0,3325.698
9879.0,2938.1482
9880.0,3649.6746
9881.0,2528.8833
9882.0,3149.162
9883.0,2730.0156
9884.0,3760.7275
9885.0,4192.8096
9886.0,3954.5505
9887.0,1823.9352
9888.0,3370.531
9889.0,1879.2208
9890.0,5853.2266
9891.0,1771.2872
9892.0,2528.5552
9893.0,1949.9333
9894.0,4152.985
9895.0,3115.985
9896.0,1857.795
9897.0,2955.7207
9898.0,1422.2664
9899.0,2773.203
9900.0,2213.5312
9901.0,1590.4097
9902.0,3044.5525
9903.0,2441.336
9904.0,4652.933
9905.0,4841.1914
9906.0,2717.4922
9907.0,2885.3752
9908.0,3799.0671
9909.0,1788.3229
9910.0,4112.4434
9911.0,1766.09
9912.0,1548.7812
9913.0,3630.4133
9914.0,5675.573
9915.0,5972.0107
9916.0,2725.4734
9917.0,1716.3822
9918.0,3818.9497
9919.0,4473.2437
9920.0,1553.544
9921.0,3667.2603
9922.0,1853.2228
9923.0,2687.361
9924.0,1653.9526
9925.0,2849.7476
9926.0,1594.0016
9927.0,2403.6028
9928.0,4448.2583
9929.0,1679.5823
9930.0,3246.2466
9931.0,3717.764
9932.0,2371.0745
9933.0,4105.204
9934.0,3089.2695
9935.0,1676.0759
9936.0,5377.43
9937.0,3112.4468
9938.0,1165.0342
9939.0,11603.021
9940.0,4432.5903
9941.0,4230.3203
9942.0,3569.6567
9943.0,1500.0105
9944.0,4216.546
9945.0,1791.163
9946.0,3192.4958
9947.0,4435.7163
9948.0,2958.2864
9949.0,3181.842
9950.0,2593.6045
9951.0,2808.601
9952.0,3475.8733
9953.0,1721.4119
9954.0,2559.994
9955.0,6505.697
9956.0,4605.179
9957.0,1369.272
9958.0,3295.6726
9959.0,2419.7078
9960.0,1604.1781
9961.0,2963.293
9962.0,3571.0564
9963.0,1499.0195
9964.0,2699.6982
9965.0,4745.719
9966.0,3171.3691
9967.0,5870.873
9968.0,2679.2283
9969.0,3305.5278
9970.0,2060.2585
9971.0,3796.321
9972.0,2401.6797
9973.0,4016.125
9974.0,3371.4282
9975.0,5922.155
9976.0,3417.9893
9977.0,2255.6545
9978.0,2020.5155
9979.0,1728.6183
9980.0,5026.367
9981.0,2479.7332
9982.0,5949.7
9983.0,3242.9995
9984.0,15566.085
9985.0,2211.0078
9986.0,1938.4763
9987.0,2787.5396
9988.0,2061.7925
9989.0,2343.7273
9990.0,4393.597
9991.0,3354.6077
9992.0,2801.8757
9993.0,4105.8506
9994.0,2399.1663
9995.0,3114.838
9996.0,1418.3518
9997.0,3349.9067
9998.0,2146.3892
9999.0,1901.075
10000.0,2152.2336
10001.0,10907.395
10002.0,2026.4119
10003.0,1745.2596
10004.0,2825.4907
10005.0,2336.809
10006.0,2392.5054
10007.0,1370.9058
10008.0,2243.8542
10009.0,2323.5488
10010.0,2185.2256
10011.0,3119.4292
10012.0,11209.295
10013.0,3011.8337
10014.0,4044.5015
10015.0,1902.5975
10016.0,2597.678
10017.0,1527.2494
10018.0,2382.576
10019.0,2139.3386
10020.0,2118.0715
10021.0,3236.0122
10022.0,2365.403
10023.0,2307.6333
10024.0,3094.2395
10025.0,985.8781
10026.0,2223.5803
10027.0,4011.0825
10028.0,3764.7227
10029.0,2529.1606
10030.0,2502.972
10031.0,1393.571
10032.0,2876.7092
10033.0,3568.7817
10034.0,2677.456
10035.0,2893.714
10036.0,2336.2039
10037.0,3257.175
10038.0,3198.0771
10039.0,3795.0754
10040.0,3677.1704
10041.0,5501.6426
10042.0,4317.732
10043.0,1732.8438
10044.0,2328.0579
10045.0,2776.1516
10046.0,4179.696
10047.0,1563.1156
10048.0,3044.7676
10049.0,1634.5603
10050.0,5139.5933
10051.0,1924.6003
10052.0,1838.1501
10053.0,5240.8174
10054.0,3311.689
10055.0,2016.0613
10056.0,3524.327
10057.0,5504.9546
10058.0,4238.4956
10059.0,1759.1562
10060.0,1667.1338
10061.0,1104.8589
10062.0,2536.935
10063.0,5755.9717
10064.0,1222.5076
10065.0,2628.3682
10066.0,2334.6797
10067.0,4258.3613
10068.0,1896.6875
10069.0,3165.5867
10070.0,3540.9778
10071.0,3065.8203
10072.0,1798.2922
10073.0,7167.0435
10074.0,2511.4216
10075.0,4124.0913
10076.0,4846.718
10077.0,2016.2844
10078.0,6347.0215
10079.0,1993.6696
10080.0,1789.6561
10081.0,1971.6187
10082.0,2187.996
10083.0,1813.2804
10084.0,3176.3286
10085.0,4573.5415
10086.0,1746.21
10087.0,3447.7273
10088.0,3007.8167
10089.0,2623.2815
10090.0,2660.4534
10091.0,2076.3638
10092.0,2818.9856
10093.0,2191.294
10094.0,2330.26
10095.0,1710.0392
10096.0,3950.0942
10097.0,1847.7164
10098.0,1939.7557
10099.0,2965.2527
10100.0,1957.9249
10101.0,5459.6953
10102.0,4987.6387
10103.0,2818.3308
10104.0,3877.7065
10105.0,3740.3916
10106.0,4033.2554
10107.0,3431.135
10108.0,4602.97
10109.0,1850.2384
10110.0,2708.8027
10111.0,2018.3229
10112.0,3056.35
10113.0,4005.6455
10114.0,1927.6576
10115.0,3707.5674
10116.0,5696.5737
10117.0,4151.511
10118.0,1210.425
10119.0,3722.9985
10120.0,4773.96
10121.0,1958.3967
10122.0,4789.623
10123.0,2907.7456
10124.0,3369.1582
10125.0,3488.493
10126.0,2880.4563
10127.0,2082.1946
10128.0,3455.5144
10129.0,4160.1494
10130.0,1850.4706
10131.0,4896.191
10132.0,2150.7053
10133.0,2926.55
10134.0,3672.403
10135.0,1681.659
10136.0,4398.0586
10137.0,1460.5432
10138.0,4411.811
10139.0,2243.6465
10140.0,1539.5
10141.0,3738.3406
10142.0,5062.691
10143.0,4608.0923
10144.0,4694.7827
10145.0,2863.3435
10146.0,2479.4092
10147.0,4030.5747
10148.0,5008.181
10149.0,1465.7368
10150.0,1896.9247
10151.0,6154.7773
10152.0,10014.262
10153.0,2635.6765
10154.0,3198.1475
10155.0,2696.4214
10156.0,4138.906
10157.0,2428.5264
10158.0,1281.0208
10159.0,4306.56
10160.0,2670.9949
10161.0,3520.5532
10162.0,7164.002
10163.0,5006.877
10164.0,2134.5574
10165.0,3325.6377
10166.0,1625.0941
10167.0,861.22375
10168.0,3104.757
10169.0,5973.1787
10170.0,2572.7932
10171.0,3104.132
10172.0,1894.1492
10173.0,3441.7334
10174.0,5476.636
10175.0,4411.626
10176.0,3000.749
10177.0,2387.0298
10178.0,3542.373
10179.0,2320.6753
10180.0,4445.641
10181.0,2327.2373
10182.0,1777.8336
10183.0,1620.788
10184.0,2149.2366
10185.0,3294.346
10186.0,2820.4573
10187.0,2739.3936
10188.0,3722.0361
10189.0,2978.5796
10190.0,3183.1445
10191.0,2247.5352
10192.0,2844.9832
10193.0,2564.1726
10194.0,2612.866
10195.0,1570.208
10196.0,3853.0793
10197.0,2032.5085
10198.0,2171.2017
10199.0,2916.145
10200.0,6383.7354
10201.0,3549.2192
10202.0,2527.4795
10203.0,3921.6501
10204.0,5065.464
10205.0,7952.4526
10206.0,2242.3872
10207.0,2677.248
10208.0,2903.9214
10209.0,4206.117
10210.0,4858.9844
10211.0,4419.0596
10212.0,4662.979
10213.0,4677.332
10214.0,1994.2708
10215.0,4624.857
10216.0,2990.11
10217.0,2588.2097
10218.0,2741.2747
10219.0,2378.3098
10220.0,3639.8699
10221.0,3420.23
10222.0,3034.8035
10223.0,4769.427
10224.0,2999.3408
10225.0,2737.0596
10226.0,2504.336
10227.0,3801.7898
10228.0,5893.658
10229.0,3180.9802
10230.0,3489.8276
10231.0,3466.8826
10232.0,1582.0155
10233.0,4534.58
10234.0,2096.271
10235.0,7295.598
10236.0,2434.7415
10237.0,2728.8933
10238.0,2968.5076
10239.0,3479.9907
10240.0,1837.4048
10241.0,3043.8381
10242.0,2048.8113
10243.0,2095.1143
10244.0,2485.9453
10245.0,5916.035
10246.0,7025.9277
10247.0,3182.7012
10248.0,3879.0164
10249.0,2488.7158
10250.0,2234.159
10251.0,2014.0377
10252.0,6955.5425
10253.0,2831.604
10254.0,8525.236
10255.0,3961.0366
10256.0,3115.985
10257.0,11775.5
10258.0,3682.081
10259.0,2321.5789
10260.0,3014.8347
10261.0,4325.461
10262.0,2455.2058
10263.0,3759.9526
10264.0,2087.186
10265.0,1403.826
10266.0,4183.4653
10267.0,2433.8555
10268.0,2210.837
10269.0,2820.122
10270.0,2524.3792
10271.0,5986.754
10272.0,4358.8657
10273.0,4715.284
10274.0,3973.8438
10275.0,6353.109
10276.0,3418.087
10277.0,6197.067
10278.0,4503.101
10279.0,6615.7305
10280.0,5859.7676
10281.0,4375.7627
10282.0,3441.3132
10283.0,5234.0083
10284.0,5250.374
10285.0,4349.1846
10286.0,5170.695
10287.0,4941.1846
10288.0,3240.4668
10289.0,4970.337
10290.0,7042.3047
10291.0,7481.9795
10292.0,7245.613
10293.0,6684.8193
10294.0,4403.961
10295.0,5039.8335
10296.0,2290.4387
10297.0,7736.3647
10298.0,7477.4062
10299.0,7943.1514
10300.0,5543.753
10301.0,2803.135
10302.0,4543.473
10303.0,5507.323
10304.0,7695.8794
10305.0,4576.701
10306.0,4561.699
10307.0,4333.6426
10308.0,6190.8813
10309.0,2629.8367
10310.0,7062.842
10311.0,4069.8044
10312.0,6965.2617
10313.0,5907.2725
10314.0,3726.829
10315.0,7943.6133
10316.0,5872.57
10317.0,4738.3555
10318.0,3664.1445
10319.0,5843.3247
10320.0,10542.679
10321.0,5834.6865
10322.0,5367.9136
10323.0,9562.823
10324.0,7787.6846
10325.0,4937.2603
10326.0,5021.8574
10327.0,2255.8374
10328.0,2604.4712
10329.0,4564.2803
10330.0,5210.621
10331.0,7887.2173
10332.0,6628.2617
10333.0,3784.837
10334.0,7540.7915
10335.0,7562.111
10336.0,5359.2007
10337.0,2912.978
10338.0,10738.43
10339.0,3401.6567
10340.0,4409.005
10341.0,6619.6753
10342.0,3891.2761
10343.0,5402.5967
10344.0,3038.3667
10345.0,5312.833
10346.0,4561.2686
10347.0,5241.3726
10348.0,8077.917
10349.0,6552.7905
10350.0,6016.705
10351.0,3481.176
10352.0,6488.2275
10353.0,10789.905
10354.0,5234.333
10355.0,3178.5535
10356.0,6209.2554
10357.0,5318.649
10358.0,6282.7896
10359.0,7924.9517
10360.0,2389.9993
10361.0,6943.9023
10362.0,5304.8423
10363.0,5367.463
10364.0,6885.4814
10365.0,2532.4734
10366.0,4992.156
10367.0,4006.5894
10368.0,7185.771
10369.0,6656.728
10370.0,3760.089
10371.0,4273.4824
10372.0,6139.755
10373.0,6011.181
10374.0,5118.7417
10375.0,6501.8384
10376.0,3954.5015
10377.0,6121.1953
10378.0,3954.7166
10379.0,2962.517
10380.0,5165.588
10381.0,6390.437
10382.0,6453.3315
10383.0,6847.469
10384.0,7669.529
10385.0,3772.599
10386.0,6507.9126
10387.0,3142.6765
10388.0,3473.7686
10389.0,7670.8896
10390.0,7248.0044
10391.0,7500.2637
10392.0,9385.171
10393.0,6555.6665
10394.0,5051.423
10395.0,6821.0625
10396.0,7170.8726
10397.0,3074.7861
10398.0,2840.2236
10399.0,5667.053
10400.0,4468.5737
10401.0,4979.5527
10402.0,3232.9883
10403.0,5399.897
10404.0,5916.9434
10405.0,5680.789
10406.0,5391.6978
10407.0,2899.7231
10408.0,5700.944
10409.0,6617.895
10410.0,3575.5525
10411.0,5407.515
10412.0,2902.203
10413.0,5251.381
10414.0,3865.6887
10415.0,3882.0037
10416.0,4405.129
10417.0,7069.116
10418.0,5984.7725
10419.0,6674.0205
10420.0,12334.241
10421.0,3819.7585
10422.0,4656.876
10423.0,9869.038
10424.0,4996.4575
10425.0,7862.3335
10426.0,6399.318
10427.0,5351.2017
10428.0,5623.518
10429.0,5074.517
10430.0,4697.2686
10431.0,7834.0234
10432.0,4712.325
10433.0,2643.956
10434.0,3227.7927
10435.0,7518.8936
10436.0,9374.855
10437.0,5562.074
10438.0,5796.08
10439.0,3850.3347
10440.0,2336.3943
10441.0,1949.2961
10442.0,3109.307
10443.0,5145.7007
10444.0,6529.843
10445.0,5091.127
10446.0,3944.3784
10447.0,7916.369
10448.0,5469.526
10449.0,5980.858
10450.0,4747.055
10451.0,7227.453
10452.0,8741.192
10453.0,3859.2334
10454.0,5728.3726
10455.0,4842.2305
10456.0,6123.3794
10457.0,2803.7568
10458.0,5044.075
10459.0,4178.6675
10460.0,8232.154
10461.0,5262.3574
10462.0,5905.3853
10463.0,6248.73
10464.0,4549.1978
10465.0,7789.2817
10466.0,17388.094
10467.0,8594.8545
10468.0,3589.0544
10469.0,3053.867
10470.0,5614.9155
10471.0,8472.692
10472.0,3306.7988
10473.0,9346.456
10474.0,16132.636
10475.0,4535.5576
10476.0,2451.0679
10477.0,9858.538
10478.0,3225.8994
10479.0,6232.872
10480.0,3074.308
10481.0,5486.8535
10482.0,3340.5884
10483.0,5268.2734
10484.0,5318.72
10485.0,5902.941
10486.0,8612.892
10487.0,5531.177
10488.0,5427.2334
10489.0,6924.8276
10490.0,5293.1313
10491.0,5661.8936
10492.0,9909.436
10493.0,5029.024
10494.0,4954.565
10495.0,3964.2156
10496.0,3546.5015
10497.0,5404.777
10498.0,3699.5054
10499.0,4842.194
10500.0,7050.7397
10501.0,6422.003
10502.0,6972.1016
10503.0,4319.252
10504.0,3656.4734
10505.0,4106.2266
10506.0,5343.882
10507.0,5682.7563
10508.0,2501.0874
10509.0,5244.1777
10510.0,5244.048
10511.0,7857.9556
10512.0,5965.708
10513.0,4316.06
10514.0,3218.4883
10515.0,2889.4685
10516.0,7699.5947
10517.0,5288.569
10518.0,5750.868
10519.0,11927.859
10520.0,7403.9893
10521.0,4397.8403
10522.0,5235.5464
10523.0,2544.1023
10524.0,3794.6702
10525.0,3944.4197
10526.0,3382.3938
10527.0,9702.016
10528.0,3431.3281
10529.0,8454.465
10530.0,10065.723
10531.0,5506.026
10532.0,5586.943
10533.0,4618.2837
10534.0,4882.144
10535.0,4524.4653
10536.0,11181.811
10537.0,5938.1626
10538.0,6000.457
10539.0,3281.2358
10540.0,5238.4585
10541.0,5047.478
10542.0,7647.578
10543.0,6285.235
10544.0,5638.423
10545.0,6601.831
10546.0,4453.047
10547.0,11188.456
10548.0,7826.234
10549.0,5991.7466
10550.0,8656.0205
10551.0,6292.3853
10552.0,7875.19
10553.0,3322.8154
10554.0,5184.123
10555.0,4464.1304
10556.0,8181.3613
10557.0,6085.0854
10558.0,6235.3457
10559.0,6102.8022
10560.0,7511.89
10561.0,5075.093
10562.0,6250.977
10563.0,6148.575
10564.0,3045.395
10565.0,13433.802
10566.0,15610.493
10567.0,6106.8203
10568.0,6157.508
10569.0,6750.514
10570.0,7587.5786
10571.0,8139.0215
10572.0,2587.6738
10573.0,4118.1865
10574.0,5246.6543
10575.0,7698.4487
10576.0,2542.5215
10577.0,4281.39
10578.0,4731.6167
10579.0,4624.398
10580.0,4588.407
10581.0,2855.859
10582.0,2987.96
10583.0,6504.1084
10584.0,3180.8467
10585.0,4375.884
10586.0,4986.2637
10587.0,4461.827
10588.0,8572.814
10589.0,9993.882
10590.0,6051.9473
10591.0,6848.8477
10592.0,6087.9243
10593.0,8766.649
10594.0,5648.004
10595.0,2581.4243
10596.0,5127.8896
10597.0,11581.241
10598.0,4068.1782
10599.0,7126.1987
10600.0,2060.6035
10601.0,3667.3582
10602.0,6491.558
10603.0,6484.497
10604.0,5289.5728
10605.0,9617.503
10606.0,7924.7173
10607.0,6746.6196
10608.0,3850.0923
10609.0,12112.558
10610.0,1873.4827
10611.0,3614.0486
10612.0,6945.9624
10613.0,4387.378
10614.0,10302.267
10615.0,2572.2766
10616.0,5087.8403
10617.0,5360.724
10618.0,7805.13
10619.0,8940.258
10620.0,4511.9194
10621.0,2803.2542
10622.0,8062.6455
10623.0,9057.983
10624.0,4719.748
10625.0,4784.2534
10626.0,8207.896
10627.0,5693.6187
10628.0,4643.604
10629.0,3659.2578
10630.0,7147.758
10631.0,4151.7095
10632.0,14836.708
10633.0,6703.4507
10634.0,15107.598
10635.0,6576.9546
10636.0,4670.257
10637.0,2110.7576
10638.0,6190.3735
10639.0,5604.909
10640.0,4769.859
10641.0,8251.122
10642.0,5256.7583
10643.0,2624.9326
10644.0,6521.1353
10645.0,3251.227
10646.0,8810.347
10647.0,6630.9365
10648.0,6174.428
10649.0,7711.346
10650.0,4426.633
10651.0,7289.2686
10652.0,7201.978
10653.0,4731.188
10654.0,6391.571
10655.0,4140.272
10656.0,10022.05
10657.0,5361.2866
10658.0,3414.007
10659.0,4723.441
10660.0,7498.053
10661.0,5828.4346
10662.0,3692.1511
10663.0,5185.1714
10664.0,5194.3936
10665.0,4747.4897
10666.0,4702.662
10667.0,9299.337
10668.0,4777.527
10669.0,3552.0374
10670.0,6024.8887
10671.0,5069.853
10672.0,2872.3364
10673.0,5300.6846
10674.0,7085.3574
10675.0,7078.981
10676.0,10405.769
10677.0,8929.921
10678.0,7005.9927
10679.0,5458.9976
10680.0,4097.1646
10681.0,9546.011
10682.0,7860.924
10683.0,6848.3965
10684.0,4944.8623
10685.0,5284.757
10686.0,4409.3667
10687.0,2477.944
10688.0,11699.31
10689.0,6029.5566
10690.0,5959.276
10691.0,4829.057
10692.0,1495.8671
10693.0,8693.882
10694.0,6244.97
10695.0,5700.21
10696.0,3725.1584
10697.0,5221.861
10698.0,4943.49
10699.0,4329.0605
10700.0,8560.656
10701.0,3721.667
10702.0,3799.4658
10703.0,3504.4229
10704.0,2601.248
10705.0,5027.758
10706.0,13285.908
10707.0,4815.2993
10708.0,5542.3467
10709.0,5293.101
10710.0,3808.4722
10711.0,2848.2107
10712.0,5642.092
10713.0,2779.3755
10714.0,7990.369
10715.0,5729.859
10716.0,2732.7922
10717.0,7925.148
10718.0,2687.9072
10719.0,3748.3962
10720.0,7610.8813
10721.0,7265.634
10722.0,8265.654
10723.0,2398.5837
10724.0,4992.865
10725.0,4110.5845
10726.0,3917.3916
10727.0,16230.124
10728.0,9594.333
10729.0,4879.1924
10730.0,2949.4998
10731.0,5008.2144
10732.0,4162.4956
10733.0,2419.9167
10734.0,7652.343
10735.0,4366.4604
10736.0,5324.6284
10737.0,6451.657
10738.0,4630.697
10739.0,3997.2976
10740.0,5642.232
10741.0,5980.2817
10742.0,5597.499
10743.0,2692.337
10744.0,5970.8374
10745.0,5695.2046
10746.0,8059.8853
10747.0,5952.652
10748.0,6182.578
10749.0,2654.208
10750.0,8552.952
10751.0,4631.837
10752.0,2735.2297
10753.0,4595.262
10754.0,4607.218
10755.0,4201.742
10756.0,5887.449
10757.0,3883.0627
10758.0,5244.663
10759.0,4694.2407
10760.0,7490.948
10761.0,7077.833
10762.0,3841.2988
10763.0,7250.307
10764.0,5479.8604
10765.0,2755.8435
10766.0,10041.951
10767.0,3705.7358
10768.0,3086.4504
10769.0,5692.234
10770.0,9637.943
10771.0,8713.914
10772.0,4002.502
10773.0,4510.0176
10774.0,6494.481
10775.0,6553.0654
10776.0,4684.436
10777.0,7792.113
10778.0,2682.3188
10779.0,4470.079
10780.0,3939.46
10781.0,3751.648
10782.0,2657.6897
10783.0,7610.932
10784.0,6638.841
10785.0,5590.2476
10786.0,4994.518
10787.0,7116.16
10788.0,7564.463
10789.0,4255.8394
10790.0,4732.7183
10791.0,4824.453
10792.0,6903.961
10793.0,4967.773
10794.0,1668.688
10795.0,5470.658
10796.0,6789.1016
10797.0,6012.7925
10798.0,5018.285
10799.0,2770.0496
10800.0,7743.37
10801.0,2704.7961
10802.0,8220.7295
10803.0,4871.9004
10804.0,4331.5474
10805.0,7939.8105
10806.0,3722.8635
10807.0,4400.287
10808.0,8159.261
10809.0,2498.6594
10810.0,5810.694
10811.0,9869.404
10812.0,6544.758
10813.0,2538.837
10814.0,4898.214
10815.0,3573.9568
10816.0,2362.4238
10817.0,4524.996
10818.0,5982.6323
10819.0,4975.265
10820.0,4065.8079
10821.0,5237.389
10822.0,4738.265
10823.0,9932.258
10824.0,5017.931
10825.0,4865.227
10826.0,4314.4873
10827.0,5502.944
10828.0,5862.7476
10829.0,6111.546
10830.0,7379.6865
10831.0,8526.1875
10832.0,7789.1187
10833.0,5507.46
10834.0,4608.4307
10835.0,2572.5344
10836.0,5010.5605
10837.0,7587.13
10838.0,6214.665
10839.0,6214.2856
10840.0,12967.105
10841.0,3192.3499
10842.0,4065.3657
10843.0,4288.7026
10844.0,6696.2104
10845.0,8041.7783
10846.0,6356.4907
10847.0,6913.832
10848.0,6897.517
10849.0,7169.7715
10850.0,5913.248
10851.0,4705.996
10852.0,2057.908
10853.0,5104.358
10854.0,2999.8901
10855.0,2727.1262
10856.0,6304.9956
10857.0,16185.034
10858.0,5016.156
10859.0,3569.694
10860.0,4276.7695
10861.0,4014.2175
10862.0,5206.7407
10863.0,1877.9768
10864.0,6115.7676
10865.0,5540.523
10866.0,3662.6628
10867.0,9741.804
10868.0,11088.205
10869.0,3961.7961
10870.0,4564.89
10871.0,3316.3962
10872.0,3699.2195
10873.0,4226.0327
10874.0,8246.913
10875.0,3121.6052
10876.0,4244.6494
10877.0,5253.004
10878.0,4761.24
10879.0,4107.523
10880.0,6450.1685
10881.0,3253.4236
10882.0,7331.453
10883.0,5876.9463
10884.0,4603.251
10885.0,4092.6921
10886.0,3842.2554
10887.0,4441.1226
10888.0,4315.3105
10889.0,9023.639
10890.0,4320.818
10891.0,3635.3933
10892.0,5748.241
10893.0,5158.5566
10894.0,5176.1133
10895.0,5404.1377
10896.0,5559.7827
10897.0,8440.091
10898.0,6028.6885
10899.0,5288.781
10900.0,3355.8047
10901.0,4297.1094
10902.0,7290.0337
10903.0,3282.225
10904.0,4536.6177
10905.0,4684.1543
10906.0,12533.704
10907.0,5066.614
10908.0,4431.711
10909.0,5261.9355
10910.0,5222.02
10911.0,6802.98
10912.0,4987.353
10913.0,8657.985
10914.0,6053.275
10915.0,5006.939
10916.0,2699.6648
10917.0,1848.5743
10918.0,3991.3115
10919.0,17159.97
10920.0,2012.0402
10921.0,4108.7417
10922.0,6289.781
10923.0,6288.431
10924.0,6252.8496
10925.0,7040.8945
10926.0,5200.819
10927.0,6385.989
10928.0,2648.326
10929.0,7057.5957
10930.0,3815.6687
10931.0,6272.64
10932.0,7389.5405
10933.0,3182.3127
10934.0,6887.6426
10935.0,5037.219
10936.0,2939.9429
10937.0,5308.6895
10938.0,6210.6416
10939.0,2422.1829
10940.0,8064.6987
10941.0,6685.068
10942.0,4079.58
10943.0,7650.212
10944.0,7196.5396
10945.0,6713.029
10946.0,4020.2607
10947.0,3177.3376
10948.0,5193.4526
10949.0,3276.9158
10950.0,5798.7456
10951.0,2768.3535
10952.0,5717.537
10953.0,2950.5059
10954.0,4657.067
10955.0,4661.538
10956.0,4575.6274
10957.0,5240.3325
10958.0,7807.133
10959.0,4265.1504
10960.0,7243.913
10961.0,5370.172
10962.0,5842.7397
10963.0,8488.327
10964.0,6872.7065
10965.0,3648.3345
10966.0,4615.756
10967.0,5083.795
10968.0,4475.903
10969.0,10533.302
10970.0,5005.96
10971.0,5600.6553
10972.0,8936.319
10973.0,5955.2583
10974.0,1946.0347
10975.0,8590.109
10976.0,7855.2427
10977.0,5420.927
10978.0,6885.6455
10979.0,6296.5215
10980.0,6856.3965
10981.0,5111.1255
10982.0,4383.7007
10983.0,3177.462
10984.0,5434.009
10985.0,6197.6226
10986.0,2798.5205
10987.0,7609.3716
10988.0,6291.869
10989.0,4208.8423
10990.0,6727.7466
10991.0,4349.1226
10992.0,6424.1045
10993.0,2613.4055
10994.0,4394.5024
10995.0,4610.053
10996.0,3421.2153
10997.0,5479.2227
10998.0,6992.894
10999.0,7375.0703
11000.0,5649.642
11001.0,3658.689
11002.0,5453.3975
11003.0,6597.1035
11004.0,6323.443
11005.0,3308.629
11006.0,2697.9487
11007.0,7854.7856
11008.0,5529.605
11009.0,3732.6604
11010.0,6913.3247
11011.0,6224.9346
11012.0,6152.5
11013.0,4727.6377
11014.0,1737.9308
11015.0,5583.203
11016.0,5643.5073
11017.0,4527.5566
11018.0,8963.208
11019.0,6270.714
11020.0,3080.7495
11021.0,6363.4854
11022.0,2917.6016
11023.0,1127.9639
11024.0,5561.3896
11025.0,8955.116
11026.0,5305.06
11027.0,4118.705
11028.0,2654.8755
11029.0,4934.407
11030.0,8603.827
11031.0,5351.809
11032.0,7138.764
11033.0,3833.4873
11034.0,4729.392
11035.0,3291.2644
11036.0,5262.4575
11037.0,3323.9028
11038.0,2404.119
11039.0,3906.0667
11040.0,2957.1958
11041.0,7347.379
11042.0,3469.6917
11043.0,4633.065
11044.0,4833.518
11045.0,6999.34
11046.0,4499.357
11047.0,3488.383
11048.0,7374.4233
11049.0,6467.4673
11050.0,6689.0034
11051.0,1983.4229
11052.0,5250.92
11053.0,4438.819
11054.0,3664.6096
11055.0,7852.3965
11056.0,8081.6313
11057.0,6139.1636
11058.0,5542.7275
11059.0,5316.681
11060.0,7308.316
11061.0,11570.278
11062.0,2889.5059
11063.0,3289.5664
11064.0,4975.5024
11065.0,5363.4863
11066.0,5241.932
11067.0,8500.553
11068.0,6637.783
11069.0,6271.581
11070.0,2681.6653
11071.0,5288.423
11072.0,5790.4604
11073.0,3396.7798
11074.0,5539.9736
11075.0,2971.3792
11076.0,6510.781
11077.0,4909.0933
11078.0,5065.0625
11079.0,6240.1885
11080.0,3817.868
11081.0,4692.6113
11082.0,6561.3213
11083.0,4752.4463
11084.0,7935.889
11085.0,5361.5527
11086.0,7361.247
11087.0,4309.909
11088.0,3388.8372
11089.0,7973.6885
11090.0,2780.577
11091.0,10074.309
11092.0,5529.9214
11093.0,4629.8975
11094.0,5415.7686
11095.0,4336.053
11096.0,3727.6006
11097.0,5294.2725
11098.0,2609.661
11099.0,2905.8184
11100.0,5423.0107
11101.0,5904.839
11102.0,9513.625
11103.0,5416.487
11104.0,4892.148
11105.0,3439.4065
11106.0,6093.9023
11107.0,2860.0225
11108.0,10026.467
11109.0,6591.1597
11110.0,12106.933
11111.0,5621.2817
11112.0,4826.3403
11113.0,6539.042
11114.0,6599.004
11115.0,2997.8848
11116.0,7829.4146
11117.0,6082.213
11118.0,4723.878
11119.0,5250.975
11120.0,4168.9326
11121.0,2719.9976
11122.0,5243.843
11123.0,3552.9116
11124.0,2805.6218
11125.0,6942.472
11126.0,5560.5146
11127.0,20791.299
11128.0,7096.9097
11129.0,4047.1838
11130.0,7475.7593
11131.0,9950.738
11132.0,5710.0103
11133.0,7622.745
11134.0,5795.6323
11135.0,8296.846
11136.0,7607.3545
11137.0,6062.9077
11138.0,5711.8896
11139.0,7297.944
11140.0,7716.2905
11141.0,7289.547
11142.0,974.7151
11143.0,5356.753
11144.0,4761.481
11145.0,6386.0557
11146.0,10211.27
11147.0,10049.559
11148.0,9970.679
11149.0,7427.8896
11150.0,4805.9565
11151.0,6643.6104
11152.0,4520.6562
11153.0,8320.716
11154.0,11750.135
11155.0,9477.634
11156.0,6087.1987
11157.0,4554.404
11158.0,4564.6113
11159.0,3357.1465
11160.0,10023.11
11161.0,7282.542
11162.0,4988.3096
11163.0,5588.1577
11164.0,8439.238
11165.0,4014.091
11166.0,7415.6997
11167.0,1206.1947
11168.0,7018.754
11169.0,7379.4614
11170.0,5929.282
11171.0,8675.974
11172.0,6299.411
11173.0,4366.165
11174.0,6535.694
11175.0,7338.8135
11176.0,12532.114
11177.0,6028.993
11178.0,8018.143
11179.0,7662.656
11180.0,9083.8955
11181.0,6662.7246
11182.0,8846.191
11183.0,1169.6968
11184.0,4619.015
11185.0,6293.7837
11186.0,6351.9756
11187.0,8878.27
11188.0,1326.7794
11189.0,5707.7124
11190.0,7746.761
11191.0,7043.4062
11192.0,9614.953
11193.0,4079.907
11194.0,12808.923
11195.0,4955.8364
11196.0,6663.455
11197.0,8642.475
11198.0,5268.972
11199.0,6565.065
11200.0,6691.135
11201.0,7500.099
11202.0,5715.116
11203.0,5957.599
11204.0,7954.334
11205.0,7934.421
11206.0,8744.979
11207.0,5096.243
11208.0,7138.7437
11209.0,11868.555
11210.0,7102.7266
11211.0,4825.272
11212.0,7202.9053
11213.0,5967.7856
11214.0,6150.663
11215.0,7678.8833
11216.0,4379.8135
11217.0,8417.268
11218.0,6184.035
11219.0,8039.309
11220.0,7304.7197
11221.0,4934.9956
11222.0,6627.5913
11223.0,5601.323
11224.0,7642.4155
11225.0,9050.772
11226.0,4793.65
11227.0,5229.507
11228.0,6683.1553
11229.0,6167.8945
11230.0,5920.7656
11231.0,9184.167
11232.0,6742.985
11233.0,7058.767
11234.0,5473.6963
11235.0,4729.0493
11236.0,6829.5903
11237.0,8284.392
11238.0,7796.0454
11239.0,8527.399
11240.0,8570.436
11241.0,6371.393
11242.0,8595.371
11243.0,5930.736
11244.0,8080.6294
11245.0,9205.426
11246.0,7094.6494
11247.0,9745.261
11248.0,8367.225
11249.0,7823.1216
11250.0,6473.7686
11251.0,7721.407
11252.0,8437.846
11253.0,5540.756
11254.0,4194.542
11255.0,5640.6714
11256.0,7782.5317
11257.0,6573.994
11258.0,5151.7754
11259.0,8845.542
11260.0,7299.733
11261.0,5668.2373
11262.0,6018.4673
11263.0,5530.333
11264.0,7399.1675
11265.0,7415.261
11266.0,7009.916
11267.0,6011.1353
11268.0,5183.999
11269.0,6854.7944
11270.0,4257.1265
11271.0,7050.2285
11272.0,5078.604
11273.0,9230.412
11274.0,7486.848
11275.0,6521.4336
11276.0,11291.757
11277.0,5091.5645
11278.0,5294.368
11279.0,10650.374
11280.0,7747.9507
11281.0,9264.599
11282.0,8356.609
11283.0,6243.529
11284.0,6322.5747
11285.0,6711.5435
11286.0,7867.4873
11287.0,11267.519
11288.0,6671.2964
11289.0,3112.5447
11290.0,5148.6367
11291.0,8877.151
11292.0,10161.265
11293.0,6989.913
11294.0,7250.5557
11295.0,4877.722
11296.0,5187.175
11297.0,3472.0557
11298.0,5067.31
11299.0,6871.979
11300.0,6905.904
11301.0,6811.655
11302.0,6522.074
11303.0,8339.49
11304.0,8131.898
11305.0,7749.5547
11306.0,4790.162
11307.0,9148.07
11308.0,11883.019
11309.0,6330.703
11310.0,8003.618
11311.0,5410.435
11312.0,7071.935
11313.0,4462.704
11314.0,6754.7393
11315.0,5531.1084
11316.0,8751.879
11317.0,7099.9634
11318.0,8774.932
11319.0,7836.5566
11320.0,6075.348
11321.0,9090.777
11322.0,18450.303
11323.0,10670.709
11324.0,5586.8843
11325.0,3506.9446
11326.0,6176.2305
11327.0,9579.191
11328.0,5229.3975
11329.0,11946.463
11330.0,22122.412
11331.0,3956.7542
11332.0,4851.0605
11333.0,8265.387
11334.0,5049.53
11335.0,8800.73
11336.0,6078.7217
11337.0,7306.845
11338.0,3657.7642
11339.0,6993.281
11340.0,6729.152
11341.0,8138.268
11342.0,9046.268
11343.0,6662.5083
11344.0,6402.6943
11345.0,6839.545
11346.0,5510.492
11347.0,5080.0186
11348.0,2116.4424
11349.0,6789.3154
11350.0,6071.8315
11351.0,8043.8804
11352.0,6269.5234
11353.0,5996.429
11354.0,7037.2554
11355.0,7360.8535
11356.0,2428.8162
11357.0,6537.458
11358.0,1934.1262
11359.0,6363.6675
11360.0,4130.355
11361.0,6242.0103
11362.0,7955.373
11363.0,6102.884
11364.0,4330.626
11365.0,7623.683
11366.0,7668.944
11367.0,10192.559
11368.0,6525.2417
11369.0,6118.831
11370.0,5247.275
11371.0,5008.6924
11372.0,10740.611
11373.0,5207.8335
11374.0,8271.767
11375.0,14473.889
11376.0,7324.205
11377.0,6222.6074
11378.0,5660.549
11379.0,5179.012
11380.0,7719.949
11381.0,4385.8843
11382.0,4444.1484
11383.0,11272.151
11384.0,4749.0435
11385.0,14822.508
11386.0,11826.791
11387.0,5343.428
11388.0,7156.797
11389.0,6712.2095
11390.0,6863.4893
11391.0,5638.9067
11392.0,10811.899
11393.0,8512.253
11394.0,8066.1914
11395.0,4955.4536
11396.0,7233.1978
11397.0,5266.5806
11398.0,8317.796
11399.0,7024.929
11400.0,6966.1255
11401.0,7203.2075
11402.0,5374.9272
11403.0,10226.913
11404.0,9908.178
11405.0,5717.3843
11406.0,10410.464
11407.0,7182.4067
11408.0,9319.741
11409.0,6095.635
11410.0,5347.186
11411.0,5913.378
11412.0,10393.162
11413.0,6744.7603
11414.0,8294.654
11415.0,1299.3549
11416.0,9113.053
11417.0,5081.6665
11418.0,8075.76
11419.0,6308.7314
11420.0,4275.766
11421.0,15942.24
11422.0,16929.107
11423.0,7899.165
11424.0,7214.8765
11425.0,10044.547
11426.0,10687.24
11427.0,10550.988
11428.0,5992.9756
11429.0,7375.8584
11430.0,6223.076
11431.0,8991.936
11432.0,4817.4263
11433.0,5915.3916
11434.0,5878.6953
11435.0,5279.8037
11436.0,8246.229
11437.0,4970.389
11438.0,4802.1255
11439.0,6766.7915
11440.0,4179.5283
11441.0,4369.1396
11442.0,5699.204
11443.0,6563.4746
11444.0,9435.433
11445.0,8750.318
11446.0,7592.581
11447.0,6915.237
11448.0,7396.909
11449.0,10310.681
11450.0,7753.111
11451.0,6451.3433
11452.0,5244.823
11453.0,8781.663
11454.0,4832.7114
11455.0,6921.1494
11456.0,3474.2854
11457.0,5314.014
11458.0,8464.712
11459.0,8018.097
11460.0,6042.9775
11461.0,9029.277
11462.0,9752.364
11463.0,10518.213
11464.0,5889.8535
11465.0,11322.071
11466.0,3326.212
11467.0,4851.107
11468.0,7110.841
11469.0,4424.2056
11470.0,8891.633
11471.0,5450.449
11472.0,4907.9087
11473.0,9130.262
11474.0,10064.177
11475.0,8040.605
11476.0,1353.539
11477.0,4924.547
11478.0,8755.068
11479.0,8039.0405
11480.0,6106.226
11481.0,5473.1636
11482.0,7814.106
11483.0,9716.156
11484.0,4622.7397
11485.0,6024.6704
11486.0,8829.451
11487.0,7794.4473
11488.0,11322.222
11489.0,6371.1743
11490.0,14076.538
11491.0,6992.814
11492.0,5963.319
11493.0,3558.6135
11494.0,5865.41
11495.0,6294.45
11496.0,6032.5537
11497.0,8837.801
11498.0,5256.0415
11499.0,4791.8853
11500.0,7257.516
11501.0,3857.349
11502.0,7761.8267
11503.0,7889.5947
11504.0,8023.177
11505.0,8935.688
11506.0,5583.8525
11507.0,9837.846
11508.0,6698.5293
11509.0,5223.166
11510.0,6316.125
11511.0,5303.1577
11512.0,9042.196
11513.0,6528.9087
11514.0,4633.432
11515.0,7156.551
11516.0,9184.982
11517.0,7551.091
11518.0,6190.0664
11519.0,8915.811
11520.0,5659.8687
11521.0,5542.722
11522.0,5724.4946
11523.0,9930.591
11524.0,6631.196
11525.0,6331.24
11526.0,5985.4404
11527.0,5356.2573
11528.0,4141.271
11529.0,5972.945
11530.0,7958.0825
11531.0,9272.439
11532.0,11224.957
11533.0,11718.451
11534.0,9406.203
11535.0,5912.616
11536.0,5000.181
11537.0,11835.593
11538.0,11581.285
11539.0,2192.03
11540.0,8674.798
11541.0,9285.626
11542.0,5639.359
11543.0,3912.2717
11544.0,10925.198
11545.0,6362.314
11546.0,6741.4673
11547.0,6278.2305
11548.0,3063.1074
11549.0,11384.322
11550.0,440.87616
11551.0,33.987774
11552.0,5126.858
11553.0,6422.1626
11554.0,6597.997
11555.0,7881.0435
11556.0,6728.1123
11557.0,4640.8057
11558.0,4206.1855
11559.0,4025.1917
11560.0,3441.6743
11561.0,7999.8247
11562.0,19234.457
11563.0,5057.1216
11564.0,6308.641
11565.0,6827.9883
11566.0,5674.4097
11567.0,5375.025
11568.0,5192.0557
11569.0,3935.0544
11570.0,7474.219
11571.0,7837.484
11572.0,4263.6655
11573.0,9286.361
11574.0,5786.8823
11575.0,5133.8164
11576.0,8878.642
11577.0,8274.876
11578.0,8422.143
11579.0,5444.136
11580.0,7206.417
11581.0,4979.595
11582.0,5777.666
11583.0,13715.422
11584.0,10421.859
11585.0,7282.6597
11586.0,5734.873
11587.0,4576.592
11588.0,6686.133
11589.0,4902.5513
11590.0,9281.402
11591.0,5172.0366
11592.0,5252.1323
11593.0,7567.862
11594.0,4927.023
11595.0,6968.6377
11596.0,6652.399
11597.0,7497.4385
11598.0,7517.481
11599.0,4479.944
11600.0,5612.9985
11601.0,6812.4277
11602.0,9789.054
11603.0,9566.391
11604.0,7338.3794
11605.0,4506.5903
11606.0,8163.5737
11607.0,6019.288
11608.0,5158.9106
11609.0,7089.454
11610.0,7951.588
11611.0,6478.395
11612.0,1663.6764
11613.0,6664.8916
11614.0,6592.6313
11615.0,5813.6484
11616.0,6776.208
11617.0,7171.4883
11618.0,5812.473
11619.0,8725.773
11620.0,6413.2617
11621.0,5177.59
11622.0,12166.453
11623.0,6272.8135
11624.0,3464.39
11625.0,7829.2056
11626.0,8420.962
11627.0,9611.479
11628.0,4688.495
11629.0,6508.3345
11630.0,6852.422
11631.0,7200.4326
11632.0,6206.4785
11633.0,8427.606
11634.0,918.31024
11635.0,7018.172
11636.0,6511.9297
11637.0,5145.2046
11638.0,4689.64
11639.0,6051.6416
11640.0,8498.315
11641.0,5846.6475
11642.0,8444.568
11643.0,8129.083
11644.0,9454.792
11645.0,4818.6123
11646.0,6317.577
11647.0,6163.801
11648.0,7912.6025
11649.0,8760.915
11650.0,4299.1553
11651.0,7530.118
11652.0,7920.9087
11653.0,7525.279
11654.0,4653.075
11655.0,3929.578
11656.0,7858.885
11657.0,6624.223
11658.0,8883.402
11659.0,6901.9
11660.0,5493.2
11661.0,9151.212
11662.0,6770.8135
11663.0,6616.456
11664.0,8046.589
11665.0,5948.401
11666.0,8149.3213
11667.0,11400.349
11668.0,8365.987
11669.0,4741.905
11670.0,6280.5967
11671.0,4472.1943
11672.0,3676.2937
11673.0,8512.756
11674.0,6741.5635
11675.0,9561.684
11676.0,5321.455
11677.0,7915.3804
11678.0,5989.7295
11679.0,9285.112
11680.0,5840.171
11681.0,5963.8247
11682.0,5972.751
11683.0,7563.936
11684.0,5503.4165
11685.0,8340.27
11686.0,8143.284
11687.0,9551.685
11688.0,7937.804
11689.0,7426.289
11690.0,6380.162
11691.0,4713.211
11692.0,5221.208
11693.0,11243.944
11694.0,9565.515
11695.0,7281.9517
11696.0,15714.686
11697.0,6714.617
11698.0,5375.8506
11699.0,6385.1484
11700.0,9125.961
11701.0,9333.663
11702.0,6693.3813
11703.0,8178.178
11704.0,8781.956
11705.0,7732.7275
11706.0,7398.9697
11707.0,6336.043
11708.0,5214.34
11709.0,5814.2974
11710.0,4151.408
11711.0,5550.3564
11712.0,9484.904
11713.0,16826.041
11714.0,6230.4053
11715.0,5211.262
11716.0,7852.763
11717.0,4559.9854
11718.0,6723.2305
11719.0,4660.3867
11720.0,8786.773
11721.0,6466.6836
11722.0,6587.609
11723.0,13645.851
11724.0,11486.746
11725.0,6165.965
11726.0,6632.7456
11727.0,3720.2756
11728.0,5518.2344
11729.0,5427.0215
11730.0,9386.325
11731.0,4633.1626
11732.0,5120.0503
11733.0,6220.1626
11734.0,5721.9834
11735.0,7281.854
11736.0,7485.284
11737.0,3575.5117
11738.0,7666.0913
11739.0,8036.5645
11740.0,7959.297
11741.0,5440.1807
11742.0,5106.277
11743.0,8224.439
11744.0,4439.458
11745.0,10221.657
11746.0,5002.1416
11747.0,5564.1436
11748.0,7112.36
11749.0,7789.6016
11750.0,4735.175
11751.0,7607.964
11752.0,6987.7534
11753.0,8886.69
11754.0,9760.907
11755.0,6295.5967
11756.0,3928.2322
11757.0,5251.7866
11758.0,7668.527
11759.0,5148.9756
11760.0,6791.0186
11761.0,6013.3887
11762.0,11989.553
11763.0,8178.857
11764.0,6518.517
11765.0,7635.778
11766.0,5700.025
11767.0,8913.311
11768.0,5916.656
11769.0,12912.286
11770.0,6160.739
11771.0,6130.316
11772.0,5098.947
11773.0,4820.52
11774.0,7831.513
11775.0,21125.479
11776.0,4328.693
11777.0,5450.4907
11778.0,10346.549
11779.0,6982.177
11780.0,6940.307
11781.0,8062.584
11782.0,6607.3115
11783.0,8110.1943
11784.0,4644.8843
11785.0,9593.519
11786.0,6030.845
11787.0,7547.829
11788.0,8540.292
11789.0,4811.53
11790.0,8087.3374
11791.0,5973.2183
11792.0,4078.2842
11793.0,8013.6396
11794.0,9227.076
11795.0,3981.1438
11796.0,8263.778
11797.0,7838.5303
11798.0,5189.8076
11799.0,9769.243
11800.0,6581.0083
11801.0,8713.315
11802.0,4990.651
11803.0,4880.9336
11804.0,6148.27
11805.0,4107.0923
11806.0,7445.978
11807.0,4514.5156
11808.0,6048.2715
11809.0,5242.222
11810.0,5974.7285
11811.0,6229.2285
11812.0,7108.8535
11813.0,7291.48
11814.0,9323.974
11815.0,5701.1997
11816.0,8264.157
11817.0,6468.843
11818.0,9288.895
11819.0,8778.975
11820.0,7309.278
11821.0,4006.5894
11822.0,6038.414
11823.0,7519.9194
11824.0,4959.052
11825.0,12267.124
11826.0,6098.723
11827.0,6838.5405
11828.0,11177.374
11829.0,6498.583
11830.0,4155.6357
11831.0,11100.543
11832.0,10390.129
11833.0,5684.3394
11834.0,8546.7295
11835.0,10005.145
11836.0,7259.0254
11837.0,5907.588
11838.0,7811.14
11839.0,5389.852
11840.0,5984.5386
11841.0,7502.3027
11842.0,5149.398
11843.0,7171.2485
11844.0,8081.5156
11845.0,6561.841
11846.0,8364.208
11847.0,6153.157
11848.0,6232.337
11849.0,3804.7356
11850.0,7631.235
11851.0,7648.7236
11852.0,6231.974
11853.0,6604.917
11854.0,7135.115
11855.0,9660.759
11856.0,6604.117
11857.0,5234.6675
11858.0,6390.345
11859.0,7432.39
11860.0,6836.297
11861.0,5063.614
11862.0,3971.8352
11863.0,7809.0317
11864.0,7134.033
11865.0,5525.2446
11866.0,8344.503
11867.0,7266.701
11868.0,6988.353
11869.0,5771.778
11870.0,3490.8132
11871.0,6757.89
11872.0,7319.4077
11873.0,6642.2227
11874.0,9846.688
11875.0,8580.242
11876.0,5275.4546
11877.0,8627.971
11878.0,3425.095
11879.0,3255.2148
11880.0,7787.5215
11881.0,13333.867
11882.0,8453.513
11883.0,7307.577
11884.0,4747.295
11885.0,7315.6807
11886.0,9546.147
11887.0,6008.223
11888.0,7256.748
11889.0,5556.3
11890.0,4886.398
11891.0,5215.9814
11892.0,5914.393
11893.0,5836.902
11894.0,5384.6465
11895.0,5129.426
11896.0,4562.887
11897.0,1949.7379
11898.0,8105.029
11899.0,6261.169
11900.0,6189.3105
11901.0,7447.7964
11902.0,6292.4873
11903.0,5108.0015
11904.0,9523.53
11905.0,7973.285
11906.0,6544.458
11907.0,4546.4995
11908.0,14618.685
11909.0,7183.4546
11910.0,5814.597
11911.0,8520.92
11912.0,8316.288
11913.0,7925.9795
11914.0,6623.3765
11915.0,1957.7605
11916.0,11160.107
11917.0,13749.697
11918.0,5210.442
11919.0,4850.4683
11920.0,5727.488
11921.0,6512.9297
11922.0,6319.572
11923.0,7281.1943
11924.0,9659.238
11925.0,6177.668
11926.0,4590.732
11927.0,6110.6074
11928.0,7517.8467
11929.0,5461.8467
11930.0,7367.119
11931.0,4158.7725
11932.0,8330.515
11933.0,7629.1313
11934.0,7857.2886
11935.0,9083.981
11936.0,6467.819
11937.0,4356.401
11938.0,7647.7314
11939.0,8334.592
11940.0,8597.289
11941.0,7813.2935
11942.0,7739.8853
11943.0,6657.052
11944.0,4492.8335
11945.0,9359.872
11946.0,4785.819
11947.0,12109.496
11948.0,1214.2284
11949.0,4472.352
11950.0,6850.0693
11951.0,6356.4062
11952.0,7520.608
11953.0,7464.0674
11954.0,4308.8403
11955.0,5124.604
11956.0,7416.2515
11957.0,8631.922
11958.0,10233.606
11959.0,5933.82
11960.0,5649.308
11961.0,6464.482
11962.0,7342.328
11963.0,5643.987
11964.0,11923.549
11965.0,8697.184
11966.0,10702.9795
11967.0,5248.041
11968.0,6799.73
11969.0,8498.559
11970.0,7767.5073
11971.0,6000.314
11972.0,10109.77
11973.0,6644.9033
11974.0,5414.519
11975.0,5944.822
11976.0,5119.435
11977.0,4979.0303
11978.0,6666.373
11979.0,5793.8745
11980.0,5296.0757
11981.0,8805.995
11982.0,6833.109
11983.0,19338.215
11984.0,8174.6924
11985.0,4567.277
11986.0,7796.789
11987.0,9851.62
11988.0,6678.4336
11989.0,7212.7847
11990.0,6015.2817
11991.0,8751.762
11992.0,8009.0933
11993.0,6155.828
11994.0,6007.7476
11995.0,7029.956
11996.0,8285.767
11997.0,7255.9106
11998.0,4010.8684
11999.0,5518.1606
12000.0,4932.9624
12001.0,6945.903
12002.0,9616.87
12003.0,10688.024
12004.0,10754.08
12005.0,7579.434
12006.0,6019.282
12007.0,6545.6255
12008.0,4736.6787
12009.0,8237.967
12010.0,11741.52
12011.0,10041.405
12012.0,6123.449
12013.0,5065.614
12014.0,5049.645
12015.0,3642.0059
12016.0,11276.27
12017.0,7367.7935
12018.0,5101.6763
12019.0,5451.0835
12020.0,9746.441
12021.0,3916.6257
12022.0,7922.76
12023.0,4838.9614
12024.0,6869.0234
12025.0,8022.396
12026.0,5902.952
12027.0,8297.028
12028.0,6692.1494
12029.0,5051.7695
12030.0,7096.023
12031.0,7028.924
12032.0,13276.877
12033.0,6122.2056
12034.0,9176.34
12035.0,7713.2734
12036.0,9735.729
12037.0,6799.8467
12038.0,11175.882
12039.0,4915.419
12040.0,4947.755
12041.0,6831.2715
12042.0,5836.273
12043.0,8953.263
12044.0,5300.543
12045.0,5827.7563
12046.0,7548.2393
12047.0,7044.4346
12048.0,10306.601
12049.0,4145.0693
12050.0,13239.233
12051.0,5387.318
12052.0,6765.572
12053.0,9068.391
12054.0,5615.9814
12055.0,6936.568
12056.0,6645.201
12057.0,7812.176
12058.0,5895.8115
12059.0,5706.3735
12060.0,7871.3228
12061.0,7797.6147
12062.0,8054.1216
12063.0,4784.623
12064.0,7629.204
12065.0,12420.618
12066.0,7207.2764
12067.0,5381.6685
12068.0,7363.3604
12069.0,6343.015
12070.0,6294.546
12071.0,7531.7344
12072.0,4470.655
12073.0,8396.797
12074.0,6691.339
12075.0,8254.042
12076.0,7388.3423
12077.0,4198.0244
12078.0,6546.1187
12079.0,5799.8184
12080.0,7835.4507
12081.0,9713.941
12082.0,5149.0737
12083.0,5842.5
12084.0,7187.9575
12085.0,5975.167
12086.0,6425.3667
12087.0,8844.825
12088.0,7544.2373
12089.0,7191.654
12090.0,5566.267
12091.0,4748.7124
12092.0,7209.999
12093.0,8385.432
12094.0,8600.996
12095.0,8350.067
12096.0,8746.496
12097.0,6718.057
12098.0,8997.967
12099.0,6085.457
12100.0,8649.203
12101.0,9568.973
12102.0,7171.2964
12103.0,10044.25
12104.0,8535.806
12105.0,8085.6406
12106.0,6803.0967
12107.0,7443.1733
12108.0,8646.333
12109.0,6091.642
12110.0,4613.6475
12111.0,6336.134
12112.0,8076.584
12113.0,6466.172
12114.0,5297.49
12115.0,9120.549
12116.0,7212.124
12117.0,5857.9233
12118.0,6191.1113
12119.0,5803.4487
12120.0,8164.3213
12121.0,7640.7246
12122.0,7735.3687
12123.0,5872.189
12124.0,5172.017
12125.0,6971.4033
12126.0,4476.33
12127.0,6611.0938
12128.0,5313.3857
12129.0,9286.742
12130.0,7748.8228
12131.0,6512.4824
12132.0,11267.486
12133.0,5728.6406
12134.0,5561.973
12135.0,11182.61
12136.0,7432.688
12137.0,9940.863
12138.0,8099.318
12139.0,5749.4805
12140.0,6565.591
12141.0,6022.0273
12142.0,8701.714
12143.0,11961.409
12144.0,6930.715
12145.0,3261.08
12146.0,5225.1294
12147.0,9129.626
12148.0,9082.656
12149.0,7019.102
12150.0,7823.01
12151.0,5280.917
12152.0,5567.7217
12153.0,3658.6262
12154.0,5557.5083
12155.0,6708.3374
12156.0,7273.6284
12157.0,7272.1924
12158.0,6388.231
12159.0,8282.164
12160.0,8637.514
12161.0,8064.799
12162.0,4932.0356
12163.0,9523.403
12164.0,11800.088
12165.0,6652.5767
12166.0,8306.355
12167.0,5479.735
12168.0,7112.957
12169.0,4401.076
12170.0,7543.8203
12171.0,5560.297
12172.0,9353.59
12173.0,7306.7686
12174.0,8943.96
12175.0,8682.397
12176.0,6178.405
12177.0,9484.145
12178.0,19767.947
12179.0,11305.453
12180.0,6118.761
12181.0,3412.9421
12182.0,6250.25
12183.0,10011.664
12184.0,5169.536
12185.0,12400.898
12186.0,21740.053
12187.0,3899.875
12188.0,4875.6704
12189.0,9560.407
12190.0,5295.7573
12191.0,9491.701
12192.0,6837.1445
12193.0,7519.6035
12194.0,3782.9707
12195.0,6596.1533
12196.0,6735.811
12197.0,8565.802
12198.0,9685.789
12199.0,6320.832
12200.0,6259.36
12201.0,7005.1504
12202.0,5603.231
12203.0,4961.2803
12204.0,7713.774
12205.0,6578.4917
12206.0,6260.375
12207.0,7855.423
12208.0,6772.8354
12209.0,6460.6787
12210.0,6990.88
12211.0,7741.7754
12212.0,9447.004
12213.0,6274.782
12214.0,7983.4976
12215.0,6245.5776
12216.0,3824.0168
12217.0,6731.283
12218.0,8477.842
12219.0,5550.3247
12220.0,4485.832
12221.0,8033.2534
12222.0,7786.578
12223.0,10557.803
12224.0,7665.4043
12225.0,6089.446
12226.0,5412.1387
12227.0,5239.508
12228.0,10743.47
12229.0,5205.618
12230.0,7857.1387
12231.0,15827.798
12232.0,7512.7715
12233.0,8559.604
12234.0,5592.4023
12235.0,5221.796
12236.0,6817.446
12237.0,4302.064
12238.0,4727.412
12239.0,11816.384
12240.0,5569.666
12241.0,17115.154
12242.0,12639.523
12243.0,4798.6777
12244.0,7918.0156
12245.0,6456.8594
12246.0,7126.8516
12247.0,6027.659
12248.0,10659.835
12249.0,8047.8633
12250.0,9243.583
12251.0,5368.19
12252.0,7421.651
12253.0,4963.5664
12254.0,8669.744
12255.0,7402.958
12256.0,7147.3486
12257.0,6703.348
12258.0,5635.186
12259.0,9655.766
12260.0,10447.576
12261.0,5738.3364
12262.0,10544.127
12263.0,7530.305
12264.0,10566.185
12265.0,5831.977
12266.0,5542.6533
12267.0,6037.395
12268.0,11492.96
12269.0,7144.261
12270.0,8453.23
12271.0,5062.923
12272.0,9003.307
12273.0,4853.7314
12274.0,8618.34
12275.0,7048.85
12276.0,4239.191
12277.0,18751.793
12278.0,18960.184
12279.0,8348.181
12280.0,7252.9766
12281.0,10151.82
12282.0,10869.4375
12283.0,11278.109
12284.0,6346.059
12285.0,7854.254
12286.0,6129.328
12287.0,8773.049
12288.0,4908.8545
12289.0,6346.174
12290.0,6210.677
12291.0,6113.6274
12292.0,8221.216
12293.0,5270.2993
12294.0,4737.1533
12295.0,7281.2847
12296.0,4152.8857
12297.0,4634.7007
12298.0,6075.0586
12299.0,6560.821
12300.0,9722.812
12301.0,9284.723
12302.0,8670.216
12303.0,6845.3403
12304.0,7691.946
12305.0,10705.552
12306.0,8211.663
12307.0,6179.536
12308.0,5808.217
12309.0,8944.062
12310.0,4743.2124
12311.0,7223.683
12312.0,3772.5273
12313.0,5784.0127
12314.0,9070.009
12315.0,7556.7393
12316.0,5611.3657
12317.0,9683.545
12318.0,10123.239
12319.0,11637.479
12320.0,6202.306
12321.0,10114.794
12322.0,3524.478
12323.0,5348.237
12324.0,6887.13
12325.0,4874.0757
12326.0,8428.974
12327.0,5628.858
12328.0,5319.8057
12329.0,9357.918
12330.0,11316.662
12331.0,9759.455
12332.0,5391.2764
12333.0,5477.4097
12334.0,9215.221
12335.0,8140.9077
12336.0,6927.2583
12337.0,5369.9463
12338.0,7675.4272
12339.0,11181.287
12340.0,5045.8657
12341.0,6766.604
12342.0,8747.873
12343.0,7636.776
12344.0,12827.897
12345.0,6343.13
12346.0,15341.484
12347.0,7241.82
12348.0,6417.5454
12349.0,4064.3535
12350.0,6335.88
12351.0,6735.8433
12352.0,6175.3
12353.0,8536.88
12354.0,5324.7554
12355.0,4907.82
12356.0,7628.2217
12357.0,4066.599
12358.0,8011.637
12359.0,7007.469
12360.0,8890.802
12361.0,8877.634
12362.0,5770.38
12363.0,10345.7
12364.0,6821.459
12365.0,5814.9077
12366.0,6395.565
12367.0,5984.1104
12368.0,10122.939
12369.0,6904.415
12370.0,5151.756
12371.0,7744.9214
12372.0,9268.611
12373.0,7713.0234
12374.0,7122.706
12375.0,8888.241
12376.0,5887.635
12377.0,5262.618
12378.0,6311.566
12379.0,9183.782
12380.0,7091.388
12381.0,6590.4746
12382.0,6222.619
12383.0,5060.1084
12384.0,3791.9272
12385.0,5754.045
12386.0,8638.815
12387.0,9652.782
12388.0,10697.325
12389.0,12346.658
12390.0,8936.95
12391.0,6178.811
12392.0,5304.6753
12393.0,11852.684
12394.0,11649.505
12395.0,8131.8125
12396.0,8990.041
12397.0,8752.279
12398.0,5819.197
12399.0,4462.5977
12400.0,11708.206
12401.0,6817.251
12402.0,6843.591
12403.0,7147.035
12404.0,3379.6912
12405.0,11756.008
12406.0,4598.1777
12407.0,1161.3582
12408.0,4910.812
12409.0,7130.074
12410.0,7402.718
12411.0,9548.041
12412.0,6665.5083
12413.0,5063.831
12414.0,4402.55
12415.0,4535.151
12416.0,3730.838
12417.0,7926.01
12418.0,20186.04
12419.0,5515.188
12420.0,6178.269
12421.0,7084.31
12422.0,5710.0103
12423.0,5905.492
12424.0,5336.776
12425.0,4368.944
12426.0,7509.3115
12427.0,7635.8945
12428.0,4779.674
12429.0,9523.666
12430.0,6643.344
12431.0,5061.8267
12432.0,8818.955
12433.0,8544.162
12434.0,9963.359
12435.0,6155.112
12436.0,8020.0703
12437.0,4907.567
12438.0,6130.5674
12439.0,15134.999
12440.0,11339.989
12441.0,7038.0273
12442.0,6658.1377
12443.0,4720.869
12444.0,6076.4375
12445.0,5592.514
12446.0,11418.761
12447.0,5383.486
12448.0,5730.2144
12449.0,7534.594
12450.0,5245.879
12451.0,6808.881
12452.0,7567.299
12453.0,7942.0225
12454.0,7147.894
12455.0,4394.1753
12456.0,5180.5933
12457.0,6924.484
12458.0,10204.036
12459.0,9597.179
12460.0,7351.382
12461.0,4788.1704
12462.0,7929.1475
12463.0,6710.302
12464.0,5026.832
12465.0,7424.433
12466.0,7960.952
12467.0,6564.8457
12468.0,6538.6553
12469.0,7149.5166
12470.0,6293.94
12471.0,5713.1704
12472.0,7555.0244
12473.0,6968.259
12474.0,6539.2417
12475.0,9185.228
12476.0,6119.765
12477.0,5278.4395
12478.0,13067.931
12479.0,6757.0913
12480.0,3625.921
12481.0,8223.537
12482.0,8623.973
12483.0,10672.837
12484.0,4888.1226
12485.0,6358.298
12486.0,6885.908
12487.0,7790.7754
12488.0,6146.3994
12489.0,8516.914
12490.0,3452.819
12491.0,8090.9404
12492.0,7029.5205
12493.0,5744.5522
12494.0,4822.1616
12495.0,6875.939
12496.0,8547.284
12497.0,4278.112
12498.0,9298.033
12499.0,7410.5454
12500.0,9661.846
12501.0,4818.18
12502.0,7006.8677
12503.0,7252.4233
12504.0,8426.401
12505.0,8740.009
12506.0,5659.5337
12507.0,8001.458
12508.0,8465.261
12509.0,7946.7505
12510.0,4826.727
12511.0,4314.858
12512.0,7926.826
12513.0,6749.265
12514.0,9016.334
12515.0,7070.222
12516.0,6112.3677
12517.0,9128.973
12518.0,7100.681
12519.0,7387.2925
12520.0,8261.162
12521.0,6098.694
12522.0,8722.612
12523.0,11579.85
12524.0,8781.63
12525.0,5325.0044
12526.0,6414.1367
12527.0,4541.961
12528.0,3759.3037
12529.0,9099.521
12530.0,5895.159
12531.0,9586.055
12532.0,5349.16
12533.0,7653.43
12534.0,6686.7515
12535.0,10373.326
12536.0,5934.08
12537.0,5725.45
12538.0,6351.9756
12539.0,8090.254
12540.0,5608.2837
12541.0,8426.859
12542.0,7137.464
12543.0,10326.417
12544.0,8184.2334
12545.0,7335.958
12546.0,6260.0825
12547.0,4913.436
12548.0,5230.7593
12549.0,11319.08
12550.0,9974.96
12551.0,7693.0684
12552.0,16370.349
12553.0,7138.812
12554.0,5723.239
12555.0,6859.0327
12556.0,8868.57
12557.0,9813.284
12558.0,6881.923
12559.0,8339.848
12560.0,8415.526
12561.0,7733.1333
12562.0,7280.354
12563.0,6107.251
12564.0,5048.181
12565.0,5891.348
12566.0,4164.7993
12567.0,5790.2505
12568.0,9623.936
12569.0,17406.062
12570.0,6618.785
12571.0,5774.658
12572.0,8071.255
12573.0,4312.2695
12574.0,6751.454
12575.0,4206.7314
12576.0,9695.041
12577.0,6472.0894
12578.0,6582.873
12579.0,14042.947
12580.0,11196.003
12581.0,6469.67
12582.0,7338.1133
12583.0,3903.597
12584.0,5836.9077
12585.0,5448.5
12586.0,9701.812
12587.0,4938.7583
12588.0,4592.068
12589.0,6152.083
12590.0,5894.9736
12591.0,7326.092
12592.0,7617.5195
12593.0,3834.9026
12594.0,7475.4453
12595.0,8138.012
12596.0,7984.526
12597.0,5315.961
12598.0,4948.0566
12599.0,8399.128
12600.0,4642.258
12601.0,10330.703
12602.0,5266.741
12603.0,5629.271
12604.0,7174.6284
12605.0,6251.818
12606.0,4929.4863
12607.0,7129.1904
12608.0,7543.532
12609.0,9255.942
12610.0,10209.975
12611.0,6345.1694
12612.0,4060.1067
12613.0,5562.106
12614.0,7795.072
12615.0,5406.0195
12616.0,6903.7173
12617.0,6168.347
12618.0,12968.182
12619.0,8116.0366
12620.0,6399.3667
12621.0,8183.5854
12622.0,5884.2773
12623.0,9149.5625
12624.0,6272.227
12625.0,13607.369
12626.0,6432.204
12627.0,5281.723
12628.0,1208.6102
12629.0,4845.6636
12630.0,8057.748
12631.0,20014.373
12632.0,4627.6016
12633.0,4836.507
12634.0,10696.846
12635.0,7168.5063
12636.0,6106.0747
12637.0,8232.279
12638.0,6502.055
12639.0,5670.3896
12640.0,5185.532
12641.0,9836.288
12642.0,6263.845
12643.0,7723.153
12644.0,7834.21
12645.0,4666.7925
12646.0,8070.893
12647.0,5923.9346
12648.0,4010.834
12649.0,8240.591
12650.0,8262.446
12651.0,4157.646
12652.0,8061.661
12653.0,7672.492
12654.0,4881.5063
12655.0,10341.487
12656.0,6232.081
12657.0,8036.7407
12658.0,4813.7056
12659.0,5039.127
12660.0,6531.8857
12661.0,4571.099
12662.0,8228.833
12663.0,4203.9873
12664.0,6092.531
12665.0,5287.893
12666.0,5891.9326
12667.0,6386.4214
12668.0,6837.0205
12669.0,7550.738
12670.0,8966.714
12671.0,6047.8677
12672.0,8697.631
12673.0,7295.2715
12674.0,8904.524
12675.0,9412.728
12676.0,7297.944
12677.0,3664.8613
12678.0,6419.6025
12679.0,7644.034
12680.0,5067.977
12681.0,12293.876
12682.0,6587.791
12683.0,7335.265
12684.0,11535.701
12685.0,6814.117
12686.0,4370.661
12687.0,12273.725
12688.0,10430.222
12689.0,5859.6
12690.0,9393.141
12691.0,10644.728
12692.0,6667.95
12693.0,6059.7974
12694.0,7381.6787
12695.0,6040.229
12696.0,5954.77
12697.0,7406.228
12698.0,5360.5864
12699.0,4684.606
12700.0,7897.425
12701.0,6689.718
12702.0,8549.877
12703.0,6244.315
12704.0,6713.682
12705.0,4064.846
12706.0,8139.7974
12707.0,7349.748
12708.0,6457.0996
12709.0,6727.7207
12710.0,7250.2725
12711.0,9874.725
12712.0,6352.648
12713.0,5534.095
12714.0,6464.9507
12715.0,7488.905
12716.0,7160.798
12717.0,5282.3125
12718.0,3604.281
12719.0,8225.177
12720.0,6932.6255
12721.0,5579.439
12722.0,8494.28
12723.0,7239.1265
12724.0,7527.5474
12725.0,5335.524
12726.0,4143.4404
12727.0,7072.178
12728.0,6859.9224
12729.0,7124.2554
12730.0,11135.748
12731.0,9812.572
12732.0,5189.9263
12733.0,9192.59
12734.0,3823.309
12735.0,3909.2202
12736.0,8412.6045
12737.0,14307.243
12738.0,8616.622
12739.0,7747.559
12740.0,5138.8774
12741.0,7270.653
12742.0,10657.202
12743.0,6524.1836
12744.0,5969.0435
12745.0,5534.491
12746.0,5601.948
12747.0,5522.9263
12748.0,5648.193
12749.0,5962.005
12750.0,5333.794
12751.0,5373.0156
12752.0,4621.602
12753.0,7512.4136
12754.0,7825.8755
12755.0,5918.219
12756.0,6346.761
12757.0,7119.541
12758.0,6410.8154
12759.0,5407.7163
12760.0,8816.508
12761.0,8300.732
12762.0,6737.5586
12763.0,4442.597
12764.0,15566.917
12765.0,7269.058
12766.0,5882.504
12767.0,9036.617
12768.0,8341.288
12769.0,8139.6577
12770.0,6479.446
12771.0,7803.6265
12772.0,9498.23
12773.0,12746.065
12774.0,5566.4795
12775.0,4881.376
12776.0,5577.715
12777.0,6815.5083
12778.0,6431.296
12779.0,6954.083
12780.0,10093.958
12781.0,6238.915
12782.0,4746.693
12783.0,6574.4204
12784.0,7804.572
12785.0,5194.3145
12786.0,7638.7573
12787.0,4413.764
12788.0,7668.0586
12789.0,8138.307
12790.0,7998.993
12791.0,9490.887
12792.0,6546.587
12793.0,4363.6416
12794.0,7363.1357
12795.0,7894.7363
12796.0,9026.677
12797.0,8036.9707
12798.0,7837.678
12799.0,6968.3784
12800.0,4520.0913
12801.0,9698.953
12802.0,4477.987
12803.0,11933.002
12804.0,4447.6343
12805.0,4609.618
12806.0,5657.2075
12807.0,6261.904
12808.0,7394.0103
12809.0,7851.43
12810.0,4633.7104
12811.0,4778.8896
12812.0,8324.534
12813.0,9160.861
12814.0,10088.665
12815.0,5650.3643
12816.0,6400.6426
12817.0,7091.679
12818.0,6931.581
12819.0,6100.0845
12820.0,11783.713
12821.0,8746.947
12822.0,11263.006
12823.0,5042.1465
12824.0,6506.7085
12825.0,8764.727
12826.0,8282.512
12827.0,6482.4746
12828.0,10000.107
12829.0,6801.17
12830.0,5717.8643
12831.0,6374.055
12832.0,4243.536
12833.0,4896.597
12834.0,6942.5845
12835.0,5997.093
12836.0,5387.8267
12837.0,8956.038
12838.0,7226.6675
12839.0,19726.174
12840.0,6959.4443
12841.0,5170.0835
12842.0,7674.8926
12843.0,11000.208
12844.0,7187.1143
12845.0,8431.152
12846.0,6281.777
12847.0,10059.657
12848.0,9456.758
12849.0,6504.4434
12850.0,6816.412
12851.0,7775.5054
12852.0,9168.291
12853.0,8153.0923
12854.0,4134.6675
12855.0,5162.9033
12856.0,5392.351
12857.0,7492.97
12858.0,11033.201
12859.0,12867.353
12860.0,11799.334
12861.0,9751.128
12862.0,5444.5205
12863.0,7199.787
12864.0,4868.254
12865.0,9218.701
12866.0,12904.074
12867.0,10503.576
12868.0,7342.377
12869.0,5593.4854
12870.0,5069.945
12871.0,3757.2244
12872.0,12444.345
12873.0,8304.494
12874.0,5459.05
12875.0,5867.1504
12876.0,10290.619
12877.0,4752.383
12878.0,8616.992
12879.0,5078.807
12880.0,6969.1895
12881.0,8303.227
12882.0,6567.683
12883.0,7935.533
12884.0,7086.4185
12885.0,5974.66
12886.0,8011.8667
12887.0,7854.0815
12888.0,12566.285
12889.0,5971.071
12890.0,9505.209
12891.0,8548.711
12892.0,10898.576
12893.0,7484.5776
12894.0,11081.059
12895.0,5281.436
12896.0,6079.0464
12897.0,7591.408
12898.0,7018.774
12899.0,10074.28
12900.0,5243.9526
12901.0,6364.7236
12902.0,7823.965
12903.0,7515.4595
12904.0,10897.828
12905.0,4686.1206
12906.0,15603.468
12907.0,6288.881
12908.0,7471.696
12909.0,10460.099
12910.0,6078.304
12911.0,6874.031
12912.0,6884.68
12913.0,8849.668
12914.0,6191.0703
12915.0,5755.143
12916.0,8451.974
12917.0,8421.941
12918.0,8866.075
12919.0,4758.6475
12920.0,7867.54
12921.0,13803.622
12922.0,8017.271
12923.0,6152.535
12924.0,7553.2734
12925.0,6746.42
12926.0,6906.042
12927.0,5624.119
12928.0,4965.9297
12929.0,9470.18
12930.0,7962.5166
12931.0,8334.139
12932.0,8758.342
12933.0,5263.9688
12934.0,7251.8906
12935.0,6397.4136
12936.0,8135.234
12937.0,10250.027
12938.0,5708.7417
12939.0,5682.469
12940.0,7047.0483
12941.0,6048.237
12942.0,6754.7456
12943.0,9267.957
12944.0,7658.8926
12945.0,7944.583
12946.0,5762.8057
12947.0,5908.918
12948.0,8381.89
12949.0,9526.383
12950.0,9027.185
12951.0,9388.922
12952.0,10375.681
12953.0,7005.892
12954.0,9492.325
12955.0,7545.9863
12956.0,9515.113
12957.0,10907.155
12958.0,7901.275
12959.0,11793.225
12960.0,9779.078
12961.0,8954.902
12962.0,7108.664
12963.0,8825.14
12964.0,9375.249
12965.0,6860.7275
12966.0,4985.6504
12967.0,7043.104
12968.0,9302.238
12969.0,7244.6523
12970.0,6195.991
12971.0,10674.689
12972.0,7239.0093
12973.0,6362.484
12974.0,6649.1323
12975.0,6882.1724
12976.0,9358.936
12977.0,8547.504
12978.0,7678.18
12979.0,6501.3237
12980.0,5753.562
12981.0,8153.4033
12982.0,4882.428
12983.0,7363.2554
12984.0,6010.086
12985.0,10408.578
12986.0,8942.851
12987.0,7553.151
12988.0,11137.798
12989.0,6818.493
12990.0,5343.994
12991.0,12494.211
12992.0,8901.2295
12993.0,9338.053
12994.0,8879.065
12995.0,5616.41
12996.0,7548.16
12997.0,7003.527
12998.0,9001.169
12999.0,14285.986
13000.0,7008.3184
13001.0,3302.8486
13002.0,6155.458
13003.0,10140.179
13004.0,10185.027
13005.0,7256.838
13006.0,8077.5317
13007.0,5635.7397
13008.0,5821.8228
13009.0,3953.8528
13010.0,5873.018
13011.0,7470.214
13012.0,7371.231
13013.0,7935.503
13014.0,7375.4995
13015.0,9818.377
13016.0,8927.162
13017.0,8899.295
13018.0,5313.6543
13019.0,10585.804
13020.0,14242.751
13021.0,7242.4
13022.0,9015.732
13023.0,5975.5317
13024.0,7905.8354
13025.0,4566.096
13026.0,8051.564
13027.0,6318.059
13028.0,10097.213
13029.0,8399.016
13030.0,9095.053
13031.0,9443.913
13032.0,6798.5044
13033.0,10536.326
13034.0,21388.56
13035.0,12763.12
13036.0,6867.2285
13037.0,3743.1472
13038.0,6860.4263
13039.0,10146.738
13040.0,5666.843
13041.0,11381.282
13042.0,21593.771
13043.0,4396.4814
13044.0,4872.0073
13045.0,9284.812
13046.0,6192.5996
13047.0,11155.031
13048.0,7145.91
13049.0,8816.643
13050.0,4037.9404
13051.0,7761.257
13052.0,7422.5996
13053.0,9949.429
13054.0,10905.241
13055.0,6144.219
13056.0,6611.68
13057.0,8191.629
13058.0,6552.9404
13059.0,5516.0664
13060.0,8333.519
13061.0,7325.4907
13062.0,7157.6978
13063.0,9121.68
13064.0,7077.4414
13065.0,6420.9927
13066.0,7520.1704
13067.0,8237.291
13068.0,10184.949
13069.0,7268.774
13070.0,8039.8457
13071.0,7124.1875
13072.0,4384.395
13073.0,7336.546
13074.0,9284.245
13075.0,5804.744
13076.0,3555.97
13077.0,9447.923
13078.0,8675.469
13079.0,11758.9795
13080.0,8277.67
13081.0,6647.2173
13082.0,5996.006
13083.0,5871.125
13084.0,11838.866
13085.0,5704.1694
13086.0,8096.2593
13087.0,16609.742
13088.0,7945.9927
13089.0,7567.4287
13090.0,5394.445
13091.0,5812.512
13092.0,7648.198
13093.0,4600.8193
13094.0,5371.2886
13095.0,13711.185
13096.0,5919.1055
13097.0,16917.02
13098.0,14506.006
13099.0,5292.702
13100.0,7376.0977
13101.0,6847.293
13102.0,8177.11
13103.0,6464.1494
13104.0,11130.704
13105.0,8476.572
13106.0,10232.504
13107.0,5753.5674
13108.0,8659.39
13109.0,4864.1177
13110.0,9078.707
13111.0,7811.602
13112.0,8119.645
13113.0,7242.469
13114.0,6053.7314
13115.0,10530.438
13116.0,11336.961
13117.0,6032.088
13118.0,12977.857
13119.0,7859.5073
13120.0,10672.785
13121.0,5955.264
13122.0,6114.059
13123.0,6743.3965
13124.0,11922.002
13125.0,8115.8276
13126.0,9160.669
13127.0,6008.59
13128.0,10191.499
13129.0,5063.3384
13130.0,9319.92
13131.0,8017.6074
13132.0,4457.1777
13133.0,18886.729
13134.0,18274.93
13135.0,9225.932
13136.0,8121.1396
13137.0,11437.192
13138.0,12456.362
13139.0,12660.4795
13140.0,7290.6943
13141.0,9236.269
13142.0,7067.1206
13143.0,9333.922
13144.0,5706.395
13145.0,7034.1885
13146.0,6757.4907
13147.0,6638.5684
13148.0,9353.59
13149.0,5710.0923
13150.0,5419.65
13151.0,7599.203
13152.0,4422.8174
13153.0,4883.6626
13154.0,6290.291
13155.0,7829.9297
13156.0,10394.49
13157.0,9767.631
13158.0,9363.149
13159.0,6851.5195
13160.0,8463.259
13161.0,12460.901
13162.0,9047.233
13163.0,6966.81
13164.0,6140.6978
13165.0,9454.007
13166.0,5318.786
13167.0,8226.863
13168.0,4326.4146
13169.0,6878.1035
13170.0,9525.201
13171.0,7213.5967
13172.0,5836.913
13173.0,10931.661
13174.0,10924.573
13175.0,12506.896
13176.0,6959.279
13177.0,10921.886
13178.0,3968.332
13179.0,5600.6553
13180.0,7509.97
13181.0,4790.619
13182.0,9359.569
13183.0,6276.716
13184.0,5888.236
13185.0,10519.086
13186.0,11638.633
13187.0,9183.344
13188.0,5855.0522
13189.0,6132.93
13190.0,12003.2705
13191.0,9128.555
13192.0,7663.262
13193.0,5670.26
13194.0,8175.3784
13195.0,11996.873
13196.0,5548.271
13197.0,7762.8706
13198.0,9720.309
13199.0,9348.462
13200.0,14757.621
13201.0,7406.101
13202.0,16873.947
13203.0,7414.7734
13204.0,7553.072
13205.0,4286.817
13206.0,7063.0977
13207.0,6482.3203
13208.0,6879.2188
13209.0,9360.203
13210.0,5539.2974
13211.0,5479.8237
13212.0,8168.2153
13213.0,4590.7363
13214.0,8946.271
13215.0,7256.4434
13216.0,9252.271
13217.0,10214.406
13218.0,6157.819
13219.0,9959.331
13220.0,7772.7393
13221.0,6062.017
13222.0,6533.631
13223.0,7398.638
13224.0,10722.1875
13225.0,7480.388
13226.0,5413.424
13227.0,8661.058
13228.0,9651.015
13229.0,8481.643
13230.0,7614.5195
13231.0,10617.392
13232.0,6201.809
13233.0,5577.1406
13234.0,6618.4253
13235.0,10643.307
13236.0,7418.176
13237.0,7391.514
13238.0,6762.8877
13239.0,6029.9595
13240.0,4354.145
13241.0,5476.647
13242.0,8715.543
13243.0,10544.51
13244.0,12821.83
13245.0,12241.797
13246.0,10001.939
13247.0,7182.139
13248.0,5878.7236
13249.0,13202.149
13250.0,12738.688
13251.0,8253.326
13252.0,10279.24
13253.0,10119.967
13254.0,6256.3335
13255.0,5121.0806
13256.0,12033.233
13257.0,7631.9336
13258.0,7765.5366
13259.0,7647.899
13260.0,3346.438
13261.0,13209.605
13262.0,4839.1416
13263.0,1275.4856
13264.0,5573.0405
13265.0,7329.5234
13266.0,8785.659
13267.0,10356.135
13268.0,6731.816
13269.0,5487.3506
13270.0,4887.941
13271.0,5702.14
13272.0,4050.996
13273.0,8911.449
13274.0,17922.28
13275.0,6302.759
13276.0,6785.6772
13277.0,7692.0415
13278.0,6160.551
13279.0,6723.8716
13280.0,5427.508
13281.0,4945.4995
13282.0,8002.3354
13283.0,8630.028
13284.0,5565.2637
13285.0,10307.072
13286.0,7609.5967
13287.0,5755.4834
13288.0,9975.292
13289.0,9355.356
13290.0,10854.137
13291.0,6963.262
13292.0,8417.693
13293.0,5712.6255
13294.0,6564.151
13295.0,16031.666
13296.0,12648.061
13297.0,7937.2666
13298.0,6811.518
13299.0,4884.296
13300.0,6377.266
13301.0,5623.8613
13302.0,11198.128
13303.0,5275.555
13304.0,6410.131
13305.0,8208.39
13306.0,5594.4937
13307.0,7521.2896
13308.0,8167.8184
13309.0,8601.145
13310.0,7646.141
13311.0,5072.91
13312.0,6218.4956
13313.0,6784.8877
13314.0,10914.492
13315.0,9803.77
13316.0,8075.267
13317.0,4965.8447
13318.0,8760.498
13319.0,7221.4375
13320.0,5144.6846
13321.0,8242.25
13322.0,8853.324
13323.0,7156.135
13324.0,7042.439
13325.0,8135.195
13326.0,7036.6245
13327.0,6465.0186
13328.0,8439.068
13329.0,7368.588
13330.0,7303.9463
13331.0,10203.082
13332.0,6361.5254
13333.0,5925.042
13334.0,14998.216
13335.0,7237.1934
13336.0,4284.9116
13337.0,9002.448
13338.0,9191.081
13339.0,11638.233
13340.0,5457.852
13341.0,7403.6147
13342.0,7623.916
13343.0,8681.776
13344.0,6374.694
13345.0,9653.004
13346.0,3938.622
13347.0,8875.128
13348.0,7739.848
13349.0,6109.9487
13350.0,5492.1206
13351.0,7937.562
13352.0,9777.008
13353.0,4728.9453
13354.0,9515.857
13355.0,8093.858
13356.0,10808.868
13357.0,5024.258
13358.0,7318.521
13359.0,7853.909
13360.0,8245.914
13361.0,10138.729
13362.0,5177.9453
13363.0,8301.968
13364.0,8207.779
13365.0,8769.058
13366.0,5314.541
13367.0,4658.5864
13368.0,8464.381
13369.0,7614.207
13370.0,10434.919
13371.0,7649.5186
13372.0,6920.2056
13373.0,9959.018
13374.0,7687.5454
13375.0,8069.0537
13376.0,8898.242
13377.0,6930.0474
13378.0,9404.965
13379.0,12586.473
13380.0,9132.9795
13381.0,5686.6606
13382.0,6587.866
13383.0,4839.2617
13384.0,4093.0708
13385.0,10377.947
13386.0,6025.7046
13387.0,10878.762
13388.0,5494.185
13389.0,8060.2847
13390.0,7153.091
13391.0,12451.243
13392.0,5984.681
13393.0,6058.237
13394.0,7201.4766
13395.0,8530.523
13396.0,5732.773
13397.0,8523.797
13398.0,7426.2466
13399.0,11346.794
13400.0,8377.166
13401.0,8306.276
13402.0,6812.8306
13403.0,5452.763
13404.0,5657.0024
13405.0,12424.7295
13406.0,11061.017
13407.0,8776.003
13408.0,15794.155
13409.0,7864.944
13410.0,6075.7363
13411.0,7845.95
13412.0,9908.178
13413.0,10476.793
13414.0,7551.559
13415.0,9285.706
13416.0,9645.576
13417.0,8855.815
13418.0,7332.8237
13419.0,6733.794
13420.0,5229.572
13421.0,6076.2
13422.0,4666.3384
13423.0,6602.675
13424.0,9453.655
13425.0,17565.826
13426.0,7022.122
13427.0,6288.857
13428.0,9538.192
13429.0,4088.907
13430.0,7641.679
13431.0,4354.0913
13432.0,9712.589
13433.0,7092.227
13434.0,7649.847
13435.0,15920.27
13436.0,12801.033
13437.0,7372.6934
13438.0,7341.922
13439.0,4756.5234
13440.0,6398.781
13441.0,6249.2603
13442.0,10024.898
13443.0,5947.669
13444.0,4622.14
13445.0,7113.1606
13446.0,6446.226
13447.0,8464.841
13448.0,7981.99
13449.0,4318.164
13450.0,8007.856
13451.0,9288.416
13452.0,8951.538
13453.0,5784.101
13454.0,5969.7954
13455.0,9511.421
13456.0,5237.429
13457.0,11656.952
13458.0,5630.0337
13459.0,6129.4155
13460.0,8087.353
13461.0,6650.4766
13462.0,4861.0522
13463.0,7749.584
13464.0,8485.228
13465.0,10204.542
13466.0,12623.38
13467.0,6437.2676
13468.0,4403.1675
13469.0,5960.2593
13470.0,8495.423
13471.0,6135.189
13472.0,7594.87
13473.0,7095.644
13474.0,14179.32
13475.0,8255.586
13476.0,7030.305
13477.0,8837.834
13478.0,6324.6855
13479.0,10579.062
13480.0,6598.3623
13481.0,15203.908
13482.0,6800.6445
13483.0,5804.323
13484.0,1392.2623
13485.0,5174.9434
13486.0,9018.175
13487.0,22118.846
13488.0,5432.164
13489.0,5390.546
13490.0,11001.751
13491.0,7978.466
13492.0,6994.902
13493.0,9582.124
13494.0,7201.0024
13495.0,6255.6177
13496.0,5555.9233
13497.0,10848.331
13498.0,6425.14
13499.0,8732.135
13500.0,8641.181
13501.0,5549.615
13502.0,8843.525
13503.0,7007.71
13504.0,4121.865
13505.0,9489.846
13506.0,8977.796
13507.0,4509.329
13508.0,8856.01
13509.0,7917.721
13510.0,5586.7134
13511.0,10496.526
13512.0,6884.897
13513.0,8180.1753
13514.0,4915.058
13515.0,5666.5127
13516.0,8646.968
13517.0,4383.843
13518.0,8786.3545
13519.0,5824.7056
13520.0,7081.1284
13521.0,5914.3086
13522.0,6551.372
13523.0,6905.37
13524.0,8002.9463
13525.0,7674.234
13526.0,9511.529
13527.0,6682.078
13528.0,9712.432
13529.0,7381.355
13530.0,9774.07
13531.0,10036.551
13532.0,8118.576
13533.0,4113.581
13534.0,7405.4653
13535.0,8744.103
13536.0,6037.2915
13537.0,13156.646
13538.0,6878.609
13539.0,8120.326
13540.0,11848.875
13541.0,7361.135
13542.0,4927.7188
13543.0,13270.433
13544.0,12128.614
13545.0,6614.096
13546.0,10041.176
13547.0,10707.615
13548.0,7025.881
13549.0,6766.217
13550.0,8580.651
13551.0,6586.547
13552.0,6617.0933
13553.0,7938.6143
13554.0,5878.152
13555.0,6790.099
13556.0,9377.422
13557.0,8259.87
13558.0,9961.031
13559.0,7397.5654
13560.0,7647.8115
13561.0,4375.888
13562.0,7714.863
13563.0,8408.417
13564.0,6679.2744
13565.0,7902.9785
13566.0,7817.766
13567.0,10944.837
13568.0,6818.2783
13569.0,6068.5547
13570.0,6803.5513
13571.0,8738.392
13572.0,8174.162
13573.0,6181.222
13574.0,4274.4365
13575.0,9257.709
13576.0,7229.101
13577.0,6272.4185
13578.0,9055.53
13579.0,8086.265
13580.0,8866.109
13581.0,5674.745
13582.0,4700.9893
13583.0,7745.52
13584.0,8200.447
13585.0,7813.7407
13586.0,11427.858
13587.0,11542.249
13588.0,5909.4814
13589.0,9749.946
13590.0,4108.6006
13591.0,4303.2827
13592.0,9085.221
13593.0,14428.447
13594.0,9485.683
13595.0,8953.98
13596.0,5618.923
13597.0,8571.09
13598.0,11923.901
13599.0,7349.4395
13600.0,8073.457
13601.0,6730.3267
13602.0,6076.304
13603.0,6012.9243
13604.0,6183.557
13605.0,7018.245
13606.0,6061.098
13607.0,5896.8574
13608.0,4767.2886
13609.0,8433.983
13610.0,8880.683
13611.0,6246.4536
13612.0,7098.4126
13613.0,8474.729
13614.0,6790.067
13615.0,5623.3735
13616.0,10441.29
13617.0,9559.012
13618.0,6801.105
13619.0,5101.1216
13620.0,15903.046
13621.0,6830.2227
13622.0,6777.152
13623.0,10002.588
13624.0,8900.619
13625.0,9163.553
13626.0,7391.803
13627.0,8638.091
13628.0,10330.141
13629.0,13994.453
13630.0,6196.4287
13631.0,5546.53
13632.0,6061.925
13633.0,7810.246
13634.0,6044.8857
13635.0,7607.057
13636.0,10862.132
13637.0,7075.626
13638.0,5036.3735
13639.0,6145.139
13640.0,8382.825
13641.0,5660.3003
13642.0,8484.563
13643.0,4543.9717
13644.0,7953.712
13645.0,9318.648
13646.0,9104.487
13647.0,10180.481
13648.0,7439.3477
13649.0,4724.9507
13650.0,7687.721
13651.0,8700.485
13652.0,9505.7705
13653.0,9149.37
13654.0,8437.427
13655.0,7035.148
13656.0,5211.814
13657.0,10759.076
13658.0,4677.9927
13659.0,12975.407
13660.0,4923.2646
13661.0,5084.43
13662.0,7629.008
13663.0,6256.459
13664.0,8549.836
13665.0,8924.565
13666.0,4957.567
13667.0,5397.291
13668.0,8848.63
13669.0,9961.905
13670.0,11415.951
13671.0,6593.4673
13672.0,6674.0205
13673.0,7483.6924
13674.0,7072.6772
13675.0,6664.415
13676.0,12229.124
13677.0,10076.279
13678.0,12422.68
13679.0,5514.2407
13680.0,7118.441
13681.0,8626.729
13682.0,8726.781
13683.0,7115.9766
13684.0,10915.241
13685.0,7101.785
13686.0,5817.8203
13687.0,6008.653
13688.0,5771.8276
13689.0,5831.037
13690.0,7239.237
13691.0,6222.8804
13692.0,6179.672
13693.0,10386.008
13694.0,7786.3105
13695.0,21012.531
13696.0,7350.155
13697.0,4812.5947
13698.0,9262.134
13699.0,13267.561
13700.0,7657.658
13701.0,9023.784
13702.0,6397.432
13703.0,10699.285
13704.0,9366.275
13705.0,2035.0546
13706.0,7129.4487
13707.0,8439.922
13708.0,9513.398
13709.0,7646.389
13710.0,4418.0947
13711.0,5747.5396
13712.0,5489.9526
13713.0,7763.4185
13714.0,11601.859
13715.0,13558.905
13716.0,12275.762
13717.0,10230.776
13718.0,7155.875
13719.0,7447.228
13720.0,5098.169
13721.0,9636.712
13722.0,15058.142
13723.0,10588.298
13724.0,7682.275
13725.0,6205.2827
13726.0,6345.127
13727.0,6081.7607
13728.0,11484.008
13729.0,8430.686
13730.0,5601.4297
13731.0,6309.8867
13732.0,10442.863
13733.0,5372.5903
13734.0,8680.36
13735.0,5692.429
13736.0,7433.489
13737.0,7693.824
13738.0,6995.282
13739.0,8572.684
13740.0,7752.4453
13741.0,6205.4897
13742.0,8782.567
13743.0,8452.828
13744.0,12795.517
13745.0,6375.083
13746.0,10253.811
13747.0,7565.3574
13748.0,11250.456
13749.0,8116.0444
13750.0,10202.684
13751.0,6207.3013
13752.0,6450.808
13753.0,8670.083
13754.0,7088.2573
13755.0,10788.701
13756.0,5707.375
13757.0,6757.4067
13758.0,8451.659
13759.0,7683.2056
13760.0,11472.031
13761.0,5027.599
13762.0,17026.941
13763.0,6419.1924
13764.0,7837.2896
13765.0,11719.3
13766.0,6723.968
13767.0,7998.4136
13768.0,7296.482
13769.0,9280.969
13770.0,6472.151
13771.0,6541.687
13772.0,8417.155
13773.0,7959.2817
13774.0,8937.444
13775.0,5125.655
13776.0,8572.725
13777.0,14144.567
13778.0,8868.164
13779.0,6795.036
13780.0,7666.223
13781.0,6701.7886
13782.0,6917.9883
13783.0,5801.2847
13784.0,5358.4087
13785.0,9980.907
13786.0,8614.567
13787.0,8373.611
13788.0,8854.473
13789.0,5965.2417
13790.0,7612.755
13791.0,6333.989
13792.0,9637.999
13793.0,11201.344
13794.0,5442.9053
13795.0,5870.5425
13796.0,7198.0566
13797.0,6258.918
13798.0,7396.4507
13799.0,10102.694
13800.0,8305.017
13801.0,8631.049
13802.0,5823.8887
13803.0,6212.964
13804.0,8810.624
13805.0,8832.475
13806.0,9800.479
13807.0,9634.111
13808.0,10815.942
13809.0,7359.702
13810.0,7346.44
13811.0,8440.542
13812.0,11289.237
13813.0,11038.232
13814.0,7934.511
13815.0,13241.229
13816.0,9551.466
13817.0,9445.985
13818.0,7701.46
13819.0,9622.191
13820.0,9874.725
13821.0,7686.277
13822.0,5374.2456
13823.0,7233.867
13824.0,9569.265
13825.0,6977.969
13826.0,6350.3887
13827.0,11764.264
13828.0,7084.0806
13829.0,5995.7256
13830.0,7046.5107
13831.0,7543.007
13832.0,10235.979
13833.0,9032.094
13834.0,9257.461
13835.0,6253.9473
13836.0,6223.1294
13837.0,8702.004
13838.0,5109.322
13839.0,8709.402
13840.0,6422.922
13841.0,10192.188
13842.0,8753.173
13843.0,6837.1772
13844.0,11006.852
13845.0,6651.073
13846.0,5543.2085
13847.0,13789.2
13848.0,8915.428
13849.0,8840.329
13850.0,10704.47
13851.0,5660.036
13852.0,7582.6084
13853.0,6995.1753
13854.0,9502.644
13855.0,14958.815
13856.0,7215.255
13857.0,3211.1924
13858.0,6313.7817
13859.0,10782.334
13860.0,11138.148
13861.0,8090.8555
13862.0,8940.224
13863.0,5886.5117
13864.0,5932.535
13865.0,4093.6604
13866.0,6336.7925
13867.0,7576.312
13868.0,7383.4463
13869.0,8275.696
13870.0,7826.413
13871.0,9822.133
13872.0,9982.345
13873.0,9503.514
13874.0,5650.5312
13875.0,11468.17
13876.0,15208.563
13877.0,7975.9854
13878.0,10260.698
13879.0,5900.5596
13880.0,7714.186
13881.0,5139.0933
13882.0,8668.744
13883.0,7072.394
13884.0,10521.624
13885.0,8833.511
13886.0,10190.799
13887.0,10068.469
13888.0,6841.646
13889.0,10838.495
13890.0,23893.549
13891.0,14645.297
13892.0,7981.2744
13893.0,3514.101
13894.0,6952.883
13895.0,11889.73
13896.0,5632.1714
13897.0,12310.807
13898.0,20896.66
13899.0,4299.668
13900.0,6100.707
13901.0,9509.752
13902.0,6297.8613
13903.0,12811.5625
13904.0,8128.889
13905.0,9348.685
13906.0,3988.9214
13907.0,8384.225
13908.0,7811.244
13909.0,10572.071
13910.0,11061.069
13911.0,6206.993
13912.0,6496.916
13913.0,8280.031
13914.0,6180.6445
13915.0,5675.9634
13916.0,8825.948
13917.0,7190.584
13918.0,7973.323
13919.0,10161.197
13920.0,7928.6562
13921.0,6775.6074
13922.0,8656.673
13923.0,8755.394
13924.0,9266.86
13925.0,7142.9463
13926.0,9159.524
13927.0,7242.1997
13928.0,4145.872
13929.0,8329.609
13930.0,9722.571
13931.0,6252.5215
13932.0,3851.9658
13933.0,9664.288
13934.0,9317.209
13935.0,11698.316
13936.0,8923.901
13937.0,7051.264
13938.0,6608.2
13939.0,6290.981
13940.0,12606.428
13941.0,5901.0493
13942.0,7885.134
13943.0,20623.236
13944.0,8356.043
13945.0,8342.815
13946.0,5389.744
13947.0,6484.59
13948.0,7331.306
13949.0,4612.3096
13950.0,6147.895
13951.0,14570.439
13952.0,5817.2207
13953.0,19340.854
13954.0,15253.305
13955.0,5306.9277
13956.0,8052.7236
13957.0,6837.5166
13958.0,8613.056
13959.0,7549.276
13960.0,11034.874
13961.0,9401.485
13962.0,11560.461
13963.0,5812.035
13964.0,8798.305
13965.0,4572.861
13966.0,9880.82
13967.0,8248.51
13968.0,7988.091
13969.0,6998.272
13970.0,5818.1533
13971.0,12359.843
13972.0,12899.411
13973.0,5905.8975
13974.0,13734.7295
13975.0,7914.8066
13976.0,11390.035
13977.0,6572.3516
13978.0,6376.877
13979.0,7198.153
13980.0,13722.265
13981.0,8016.3154
13982.0,9433.552
13983.0,6122.083
13984.0,11186.557
13985.0,5225.9565
13986.0,11513.531
13987.0,8950.667
13988.0,5104.767
13989.0,17481.193
13990.0,18045.771
13991.0,9164.453
13992.0,8639.384
13993.0,12167.486
13994.0,13966.786
13995.0,13641.258
13996.0,8334.949
13997.0,9986.84
13998.0,7700.2773
13999.0,9720.086
14000.0,6051.4277
14001.0,7949.055
14002.0,6991.1665
14003.0,7040.7466
14004.0,10130.898
14005.0,5962.909
14006.0,5726.8374
14007.0,7752.053
14008.0,4811.53
14009.0,4780.294
14010.0,6454.4395
14011.0,7444.032
14012.0,10652.802
14013.0,10090.792
14014.0,9266.729
14015.0,6430.0815
14016.0,8589.626
14017.0,14807.7
14018.0,10002.178
14019.0,7061.2993
14020.0,6152.9165
14021.0,9208.842
14022.0,5562.684
14023.0,8892.091
14024.0,4182.456
14025.0,7117.572
14026.0,10492.732
14027.0,7358.6216
14028.0,6498.9673
14029.0,11348.699
14030.0,11355.281
14031.0,12087.515
14032.0,7768.404
14033.0,11376.931
14034.0,3948.6023
14035.0,6097.996
14036.0,7778.4424
14037.0,4799.877
14038.0,9346.554
14039.0,6624.6904
14040.0,6233.3296
14041.0,11530.19
14042.0,12929.44
14043.0,8961.695
14044.0,6620.3823
14045.0,6999.787
14046.0,11581.12
14047.0,8656.351
14048.0,8155.6978
14049.0,5827.1895
14050.0,8455.077
14051.0,13446.352
14052.0,5583.0967
14053.0,8280.008
14054.0,10210.529
14055.0,10163.193
14056.0,16859.084
14057.0,7593.856
14058.0,18157.54
14059.0,8005.267
14060.0,7853.8643
14061.0,4505.649
14062.0,8067.1143
14063.0,6801.1636
14064.0,6549.379
14065.0,9279.792
14066.0,6108.4165
14067.0,5764.389
14068.0,9106.649
14069.0,5229.372
14070.0,9305.876
14071.0,7507.249
14072.0,9852.024
14073.0,10459.211
14074.0,6563.0615
14075.0,11256.681
14076.0,7552.8413
14077.0,6046.2583
14078.0,6514.918
14079.0,6792.904
14080.0,11463.992
14081.0,8089.0503
14082.0,5809.5024
14083.0,8851.162
14084.0,9873.84
14085.0,9054.641
14086.0,8123.7583
14087.0,10964.888
14088.0,6308.448
14089.0,5434.149
14090.0,7256.7686
14091.0,10777.902
14092.0,7667.0273
14093.0,8190.2305
14094.0,6879.849
14095.0,6873.69
14096.0,4633.083
14097.0,5605.941
14098.0,9017.572
14099.0,11174.891
14100.0,13313.472
14101.0,13526.859
14102.0,10249.704
14103.0,7149.0874
14104.0,6167.218
14105.0,14721.381
14106.0,13194.924
14107.0,8695.807
14108.0,11067.581
14109.0,11833.426
14110.0,6837.2295
14111.0,5082.3306
14112.0,10784.309
14113.0,7250.1616
14114.0,8940.028
14115.0,7959.5703
14116.0,3615.6418
14117.0,14888.291
14118.0,4768.608
14119.0,1457.6713
14120.0,5843.698
14121.0,7209.868
14122.0,10161.885
14123.0,10958.28
14124.0,6658.5884
14125.0,5978.3027
14126.0,4982.85
14127.0,5685.5757
14128.0,4217.137
14129.0,9286.725
14130.0,18783.527
14131.0,6925.99
14132.0,6842.4487
14133.0,8666.024
14134.0,6721.4604
14135.0,7224.303
14136.0,5264.898
14137.0,5557.466
14138.0,7794.105
14139.0,8819.057
14140.0,5617.1655
14141.0,11054.046
14142.0,7957.2173
14143.0,6130.1465
14144.0,10348.75
14145.0,10691.206
14146.0,11740.086
14147.0,7874.619
14148.0,8793.48
14149.0,5199.7227
14150.0,7045.4287
14151.0,17651.76
14152.0,14226.283
14153.0,6195.3057
14154.0,6961.9473
14155.0,5193.0464
14156.0,6287.2974
14157.0,6352.321
14158.0,9228.035
14159.0,6246.4595
14160.0,7402.393
14161.0,6235.286
14162.0,5787.363
14163.0,7715.9004
14164.0,8772.027
14165.0,8827.3545
14166.0,7843.7134
14167.0,5654.424
14168.0,6561.0522
14169.0,7240.473
14170.0,10965.505
14171.0,8586.169
14172.0,8551.565
14173.0,5401.834
14174.0,9255.299
14175.0,7876.798
14176.0,5251.6313
14177.0,9372.71
14178.0,9422.4375
14179.0,7677.411
14180.0,7477.977
14181.0,8777.007
14182.0,6761.759
14183.0,6785.418
14184.0,8845.255
14185.0,7707.9785
14186.0,7603.241
14187.0,10457.984
14188.0,7228.756
14189.0,6832.7896
14190.0,15901.878
14191.0,7763.1963
14192.0,4527.3276
14193.0,9463.073
14194.0,8763.64
14195.0,13294.351
14196.0,6183.009
14197.0,7716.408
14198.0,7111.268
14199.0,9006.725
14200.0,7049.5225
14201.0,11057.694
14202.0,4354.0205
14203.0,8999.967
14204.0,8078.2637
14205.0,6274.16
14206.0,5619.4697
14207.0,8462.6455
14208.0,10880.691
14209.0,5275.9478
14210.0,10466.525
14211.0,8132.604
14212.0,11796.779
14213.0,5250.6846
14214.0,7881.141
14215.0,7932.2866
14216.0,9037.609
14217.0,10407.118
14218.0,6087.483
14219.0,7540.0005
14220.0,8335.395
14221.0,9346.884
14222.0,5315.611
14223.0,5130.1353
14224.0,9504.9
14225.0,8017.5464
14226.0,10955.124
14227.0,8517.052
14228.0,7110.359
14229.0,9948.195
14230.0,9492.435
14231.0,8965.466
14232.0,9031.043
14233.0,7832.955
14234.0,10622.72
14235.0,13350.728
14236.0,9702.719
14237.0,6204.809
14238.0,6933.32
14239.0,5488.35
14240.0,4916.5444
14241.0,11064.657
14242.0,6428.046
14243.0,12522.413
14244.0,5560.218
14245.0,8332.835
14246.0,7593.2476
14247.0,13296.684
14248.0,6180.9688
14249.0,5942.582
14250.0,7922.314
14251.0,8844.698
14252.0,5865.5386
14253.0,9109.421
14254.0,7291.772
14255.0,12005.32
14256.0,8381.026
14257.0,8696.735
14258.0,7106.5757
14259.0,5882.2124
14260.0,5553.9575
14261.0,13666.678
14262.0,11268.046
14263.0,9282.58
14264.0,15126.672
14265.0,8129.556
14266.0,6301.238
14267.0,8549.901
14268.0,10712.304
14269.0,10855.948
14270.0,7836.101
14271.0,10285.625
14272.0,10447.406
14273.0,8516.224
14274.0,7345.7324
14275.0,7057.7104
14276.0,6748.5825
14277.0,6663.22
14278.0,5533.979
14279.0,6986.4473
14280.0,9061.578
14281.0,18540.725
14282.0,7301.223
14283.0,5950.7954
14284.0,9756.439
14285.0,4257.2036
14286.0,5832.628
14287.0,4171.6855
14288.0,10464.988
14289.0,7358.018
14290.0,7989.8125
14291.0,16781.328
14292.0,12131.171
14293.0,8581.191
14294.0,7400.3955
14295.0,4549.94
14296.0,6583.3438
14297.0,7338.6035
14298.0,10539.029
14299.0,6434.131
14300.0,4787.6406
14301.0,7771.776
14302.0,6667.1997
14303.0,8987.485
14304.0,8782.961
14305.0,5291.9297
14306.0,8557.889
14307.0,10645.986
14308.0,9382.074
14309.0,6920.3574
14310.0,5395.865
14311.0,10344.782
14312.0,5033.6504
14313.0,12351.229
14314.0,5587.95
14315.0,6435.2905
14316.0,8390.712
14317.0,7318.514
14318.0,5351.2017
14319.0,7156.3667
14320.0,8942.731
14321.0,11175.818
14322.0,13170.356
14323.0,6785.9165
14324.0,4967.0713
14325.0,6448.071
14326.0,9198.834
14327.0,6380.631
14328.0,7791.7563
14329.0,7213.032
14330.0,13344.961
14331.0,8523.627
14332.0,7358.888
14333.0,8995.281
14334.0,6808.6924
14335.0,10996.285
14336.0,6639.398
14337.0,14326.496
14338.0,7403.537
14339.0,5728.881
14340.0,1408.3159
14341.0,6150.2056
14342.0,9217.356
14343.0,24217.578
14344.0,5812.562
14345.0,5408.041
14346.0,11619.102
14347.0,8885.97
14348.0,7651.584
14349.0,9961.041
14350.0,7819.3096
14351.0,5801.1797
14352.0,5704.028
14353.0,11635.159
14354.0,6796.4424
14355.0,9080.863
14356.0,9005.686
14357.0,5700.982
14358.0,9113.931
14359.0,7092.4707
14360.0,4150.185
14361.0,10257.655
14362.0,9831.898
14363.0,4958.0586
14364.0,9244.711
14365.0,8110.6587
14366.0,5720.8154
14367.0,10450.436
14368.0,6991.473
14369.0,8706.77
14370.0,5304.6704
14371.0,6277.0093
14372.0,8531.288
14373.0,4415.192
14374.0,9067.682
14375.0,5942.316
14376.0,7583.708
14377.0,6972.64
14378.0,6819.072
14379.0,7055.9937
14380.0,8463.469
14381.0,8817.021
14382.0,9248.972
14383.0,6930.292
14384.0,9588.332
14385.0,7208.1147
14386.0,11235.6045
14387.0,10509.96
14388.0,8744.762
14389.0,4029.183
14390.0,8101.4736
14391.0,9762.443
14392.0,5732.7017
14393.0,13882.11
14394.0,7183.0435
14395.0,8736.274
14396.0,12366.682
14397.0,7733.775
14398.0,5722.5894
14399.0,14717.085
14400.0,12369.749
14401.0,6749.2393
14402.0,10546.782
14403.0,11013.635
14404.0,7083.803
14405.0,7122.1694
14406.0,9449.338
14407.0,7047.4653
14408.0,6786.894
14409.0,8446.082
14410.0,6219.6816
14411.0,7338.533
14412.0,9870.177
14413.0,8824.323
14414.0,10826.088
14415.0,7812.265
14416.0,8256.404
14417.0,4628.7935
14418.0,8673.599
14419.0,8072.8643
14420.0,5408.2524
14421.0,7872.4487
14422.0,8535.455
14423.0,11678.206
14424.0,7181.715
14425.0,6386.111
14426.0,7208.3003
14427.0,8641.098
14428.0,8814.928
14429.0,6409.4644
14430.0,5164.0854
14431.0,9142.479
14432.0,6467.048
14433.0,6697.2065
14434.0,9663.302
14435.0,8430.356
14436.0,8999.976
14437.0,5964.8945
14438.0,4985.498
14439.0,8569.274
14440.0,8407.0625
14441.0,9204.258
14442.0,12669.262
14443.0,12300.619
14444.0,6209.694
14445.0,10412.729
14446.0,4405.146
14447.0,4461.2866
14448.0,9505.472
14449.0,14153.636
14450.0,9951.726
14451.0,9795.75
14452.0,6188.443
14453.0,9757.109
14454.0,12696.199
14455.0,7922.034
14456.0,9001.426
14457.0,7076.429
14458.0,5558.616
14459.0,6382.536
14460.0,6519.4434
14461.0,7424.7803
14462.0,6538.805
14463.0,6748.782
14464.0,5097.59
14465.0,8873.08
14466.0,10068.651
14467.0,6363.188
14468.0,7936.994
14469.0,8456.747
14470.0,7165.82
14471.0,6425.183
14472.0,11045.92
14473.0,10020.233
14474.0,7018.165
14475.0,5713.0396
14476.0,19364.645
14477.0,6749.928
14478.0,7124.405
14479.0,10891.635
14480.0,8920.965
14481.0,10148.916
14482.0,7367.456
14483.0,8847.306
14484.0,12550.57
14485.0,14793.514
14486.0,6827.2065
14487.0,6839.193
14488.0,5701.8413
14489.0,8219.742
14490.0,7043.272
14491.0,6467.578
14492.0,11938.99
14493.0,7277.8823
14494.0,4813.9995
14495.0,6841.8286
14496.0,8806.02
14497.0,6181.8765
14498.0,8943.243
14499.0,4945.419
14500.0,7463.6333
14501.0,9226.513
14502.0,9624.128
14503.0,11412.946
14504.0,7963.2686
14505.0,5138.99
14506.0,7610.4243
14507.0,9488.216
14508.0,10178.133
14509.0,9201.572
14510.0,9039.29
14511.0,7780.0156
14512.0,5624.5054
14513.0,12170.167
14514.0,4996.095
14515.0,14322.18
14516.0,4980.46
14517.0,5144.675
14518.0,8773.844
14519.0,6890.2246
14520.0,9131.202
14521.0,9334.313
14522.0,5544.3135
14523.0,5231.373
14524.0,9598.507
14525.0,10622.7295
14526.0,11155.829
14527.0,6568.328
14528.0,7280.132
14529.0,8409.765
14530.0,7365.447
14531.0,7149.626
14532.0,13255.241
14533.0,10853.578
14534.0,12233.347
14535.0,5913.5415
14536.0,7240.7563
14537.0,9285.458
14538.0,9831.6455
14539.0,7401.539
14540.0,12144.275
14541.0,7590.416
14542.0,6538.6865
14543.0,6284.5933
14544.0,6711.3706
14545.0,6141.8755
14546.0,7610.105
14547.0,6832.653
14548.0,6752.3945
14549.0,11362.703
14550.0,8005.8853
14551.0,23386.713
14552.0,6909.7383
14553.0,5221.4126
14554.0,15135.951
14555.0,17584.348
14556.0,8930.177
14557.0,11839.126
14558.0,7062.842
14559.0,15325.383
14560.0,16361.92
14561.0,9101.317
14562.0,12024.652
14563.0,13778.6045
14564.0,11817.016
14565.0,11783.668
14566.0,10306.876
14567.0,11810.029
14568.0,7576.1313
14569.0,10302.729
14570.0,21927.879
14571.0,16000.764
14572.0,23466.7
14573.0,14181.132
14574.0,8327.48
14575.0,9583.404
14576.0,6377.7773
14577.0,12963.532
14578.0,21902.004
14579.0,12673.588
14580.0,11477.624
14581.0,8237.495
14582.0,6966.6904
14583.0,11684.557
14584.0,22211.965
14585.0,13598.663
14586.0,8869.526
14587.0,11620.952
14588.0,15683.736
14589.0,5258.408
14590.0,10329.323
14591.0,7036.5776
14592.0,13884.931
14593.0,13007.908
14594.0,9834.844
14595.0,11053.002
14596.0,14076.807
14597.0,9540.521
14598.0,10230.972
14599.0,10251.435
14600.0,19473.73
14601.0,10591.227
14602.0,11082.03
14603.0,11660.91
14604.0,15733.131
14605.0,10097.569
14606.0,10726.474
14607.0,11270.238
14608.0,6292.607
14609.0,10212.565
14610.0,10223.616
14611.0,11811.697
14612.0,13186.57
14613.0,8778.623
14614.0,11971.875
14615.0,9156.843
14616.0,18592.004
14617.0,5980.162
14618.0,22615.756
14619.0,10419.554
14620.0,8112.655
14621.0,12830.785
14622.0,11204.164
14623.0,9445.535
14624.0,13009.868
14625.0,12236.275
14626.0,11754.73
14627.0,9138.181
14628.0,12125.988
14629.0,14478.307
14630.0,17118.582
14631.0,9946.231
14632.0,9969.044
14633.0,17087.98
14634.0,10523.541
14635.0,9395.919
14636.0,12652.67
14637.0,8039.8457
14638.0,8421.355
14639.0,9788.951
14640.0,6202.1523
14641.0,13960.18
14642.0,8962.157
14643.0,14283.017
14644.0,13435.02
14645.0,6842.22
14646.0,8765.805
14647.0,11824.964
14648.0,16170.3
14649.0,19656.932
14650.0,8710.134
14651.0,7193.2593
14652.0,12978.501
14653.0,11375.965
14654.0,9913.878
14655.0,10483.8
14656.0,12514.067
14657.0,14113.627
14658.0,9428.218
14659.0,7521.1963
14660.0,11722.353
14661.0,11803.273
14662.0,10972.179
14663.0,17946.004
14664.0,13679.601
14665.0,11939.924
14666.0,13830.769
14667.0,9984.525
14668.0,10288.009
14669.0,14459.898
14670.0,13915.329
14671.0,14461.98
14672.0,10501.823
14673.0,13506.053
14674.0,8428.676
14675.0,10002.14
14676.0,15583.554
14677.0,12882.224
14678.0,7894.789
14679.0,11638.722
14680.0,12704.267
14681.0,10304.517
14682.0,9729.194
14683.0,14955.121
14684.0,9067.388
14685.0,9535.5
14686.0,7970.7075
14687.0,8588.241
14688.0,13469.687
14689.0,10048.121
14690.0,14320.308
14691.0,8949.318
14692.0,8612.448
14693.0,10853.898
14694.0,6278.045
14695.0,10447.107
14696.0,9326.509
14697.0,11496.457
14698.0,10131.353
14699.0,8476.07
14700.0,14606.462
14701.0,8644.123
14702.0,5979.968
14703.0,15318.559
14704.0,10569.561
14705.0,13703.314
14706.0,11894.642
14707.0,7107.9316
14708.0,8240.441
14709.0,7749.6357
14710.0,16660.1
14711.0,18664.152
14712.0,11948.012
14713.0,5849.5874
14714.0,8062.5454
14715.0,17965.611
14716.0,17323.092
14717.0,12299.587
14718.0,12205.364
14719.0,6847.2407
14720.0,8643.184
14721.0,5316.458
14722.0,8017.141
14723.0,11325.0625
14724.0,13472.423
14725.0,12161.801
14726.0,10390.04
14727.0,11743.592
14728.0,13864.804
14729.0,13697.212
14730.0,7736.6523
14731.0,15076.665
14732.0,20043.943
14733.0,12369.772
14734.0,12180.246
14735.0,8689.438
14736.0,11179.848
14737.0,8060.0312
14738.0,11275.561
14739.0,12923.189
14740.0,13601.361
14741.0,11000.281
14742.0,14591.744
14743.0,16618.14
14744.0,9690.455
14745.0,15491.929
14746.0,25311.396
14747.0,16866.947
14748.0,8522.732
14749.0,6237.0825
14750.0,9911.685
14751.0,15888.446
14752.0,9519.053
14753.0,15809.859
14754.0,21594.781
14755.0,5783.7427
14756.0,9434.461
14757.0,10726.197
14758.0,8767.193
14759.0,16527.572
14760.0,13292.968
14761.0,12064.641
14762.0,5240.6025
14763.0,8492.976
14764.0,9197.185
14765.0,10363.021
14766.0,20036.66
14767.0,8765.145
14768.0,8650.086
14769.0,10110.781
14770.0,8380.299
14771.0,7439.8726
14772.0,11222.441
14773.0,11369.25
14774.0,9733.036
14775.0,12469.39
14776.0,9687.951
14777.0,9840.061
14778.0,8328.918
14779.0,10727.722
14780.0,13040.677
14781.0,10695.836
14782.0,13560.509
14783.0,9134.8
14784.0,6175.3584
14785.0,11080.213
14786.0,10581.968
14787.0,10419.176
14788.0,6019.4146
14789.0,16352.076
14790.0,10135.103
14791.0,16447.455
14792.0,10550.676
14793.0,9046.742
14794.0,8440.961
14795.0,8364.487
14796.0,14884.571
14797.0,9980.774
14798.0,12490.887
14799.0,18788.795
14800.0,9818.0205
14801.0,9147.825
14802.0,6975.5537
14803.0,7946.811
14804.0,11757.791
14805.0,7853.25
14806.0,10323.513
14807.0,14473.778
14808.0,7822.7783
14809.0,34518.703
14810.0,18176.217
14811.0,5100.1094
14812.0,13015.788
14813.0,10397.207
14814.0,10131.72
14815.0,8948.396
14816.0,15540.022
14817.0,15573.035
14818.0,19023.469
14819.0,8104.5806
14820.0,10296.657
14821.0,8570.452
14822.0,16265.766
14823.0,13417.31
14824.0,10239.768
14825.0,10080.182
14826.0,6011.7944
14827.0,16138.114
14828.0,16214.188
14829.0,7505.817
14830.0,17212.094
14831.0,10573.846
14832.0,13669.023
14833.0,8856.221
14834.0,9544.727
14835.0,10165.424
14836.0,14979.445
14837.0,10342.868
14838.0,12353.726
14839.0,10388.673
14840.0,15306.846
14841.0,7415.106
14842.0,13897.742
14843.0,11541.281
14844.0,7338.701
14845.0,20086.426
14846.0,23320.096
14847.0,12280.281
14848.0,17058.068
14849.0,15352.418
14850.0,18190.316
14851.0,16417.646
14852.0,9684.764
14853.0,13043.5
14854.0,9641.723
14855.0,13523.699
14856.0,7478.562
14857.0,8476.386
14858.0,12293.301
14859.0,11637.301
14860.0,11055.427
14861.0,9240.137
14862.0,11530.652
14863.0,8761.659
14864.0,5487.162
14865.0,7811.274
14866.0,11622.404
14867.0,11160.586
14868.0,13968.544
14869.0,16015.925
14870.0,13162.057
14871.0,11432.328
14872.0,9665.274
14873.0,16245.2705
14874.0,13848.971
14875.0,10221.979
14876.0,9119.514
14877.0,11843.712
14878.0,6907.3003
14879.0,16668.316
14880.0,5907.6274
14881.0,8174.7466
14882.0,18950.023
14883.0,8518.393
14884.0,11564.574
14885.0,12660.299
14886.0,14082.097
14887.0,13688.828
14888.0,10244.7
14889.0,14140.103
14890.0,5389.4766
14891.0,8236.576
14892.0,9806.089
14893.0,7751.9795
14894.0,11712.853
14895.0,8558.126
14896.0,9145.767
14897.0,14702.719
14898.0,22582.22
14899.0,12220.822
14900.0,11890.377
14901.0,7701.078
14902.0,14105.364
14903.0,9617.081
14904.0,9775.637
14905.0,9459.266
14906.0,11492.28
14907.0,14190.5625
14908.0,8565.018
14909.0,9926.093
14910.0,11751.457
14911.0,12494.58
14912.0,19171.09
14913.0,9455.829
14914.0,19981.53
14915.0,10767.433
14916.0,9513.018
14917.0,5658.6323
14918.0,7908.475
14919.0,10401.105
14920.0,7588.426
14921.0,12208.042
14922.0,8448.491
14923.0,9391.618
14924.0,15409.452
14925.0,6801.5137
14926.0,10636.832
14927.0,12258.773
14928.0,15005.025
14929.0,19740.195
14930.0,10885.487
14931.0,13941.513
14932.0,8857.319
14933.0,7376.7026
14934.0,8905.264
14935.0,7108.3247
14936.0,25012.037
14937.0,11966.476
14938.0,7033.0815
14939.0,12217.839
14940.0,19272.633
14941.0,16389.236
14942.0,12727.952
14943.0,13263.739
14944.0,8933.584
14945.0,8017.86
14946.0,10428.034
14947.0,13324.027
14948.0,10606.714
14949.0,10836.159
14950.0,12923.276
14951.0,11657.519
14952.0,6552.466
14953.0,7780.164
14954.0,15157.679
14955.0,16051.173
14956.0,15202.458
14957.0,26219.812
14958.0,14046.148
14959.0,9435.396
14960.0,6992.18
14961.0,15818.275
14962.0,16953.28
14963.0,19919.406
14964.0,12724.931
14965.0,12914.393
14966.0,10990.067
14967.0,6693.1323
14968.0,13278.422
14969.0,14401.405
14970.0,12286.972
14971.0,11139.126
14972.0,5872.8667
14973.0,16524.01
14974.0,10726.638
14975.0,11991.394
14976.0,7221.486
14977.0,7348.199
14978.0,11927.552
14979.0,17787.582
14980.0,12216.382
14981.0,7638.8667
14982.0,8115.4795
14983.0,7188.904
14984.0,4393.3037
14985.0,10526.382
14986.0,22931.182
14987.0,9730.289
14988.0,9694.727
14989.0,12316.396
14990.0,8499.191
14991.0,10322.331
14992.0,8063.0913
14993.0,7862.8364
14994.0,10902.559
14995.0,15721.716
14996.0,6007.8164
14997.0,14026.028
14998.0,14599.038
14999.0,9028.761
15000.0,12361.87
15001.0,14271.659
15002.0,13759.444
15003.0,9815.643
15004.0,10478.142
15005.0,7220.439
15006.0,9527.582
15007.0,18490.572
15008.0,16813.385
15009.0,10272.105
15010.0,9768.479
15011.0,7235.4404
15012.0,9572.269
15013.0,7236.579
15014.0,13530.278
15015.0,8184.452
15016.0,7847.492
15017.0,11561.023
15018.0,8759.545
15019.0,10411.805
15020.0,13760.651
15021.0,11873.639
15022.0,13462.365
15023.0,8474.923
15024.0,7382.362
15025.0,12803.439
15026.0,15322.036
15027.0,12411.239
15028.0,9568.17
15029.0,7626.7085
15030.0,10796.669
15031.0,9145.261
15032.0,6952.491
15033.0,14503.363
15034.0,11350.647
15035.0,9866.8545
15036.0,9707.782
15037.0,11044.835
15038.0,8676.776
15039.0,9570.342
15040.0,9680.322
15041.0,10402.107
15042.0,13173.171
15043.0,13431.099
15044.0,9344.228
15045.0,7910.9424
15046.0,20541.107
15047.0,11385.744
15048.0,6166.1885
15049.0,11449.045
15050.0,15134.912
15051.0,13655.85
15052.0,8607.529
15053.0,10378.057
15054.0,8861.755
15055.0,10844.647
15056.0,8845.289
15057.0,15819.181
15058.0,7319.4146
15059.0,17487.863
15060.0,12540.891
15061.0,9077.547
15062.0,7389.653
15063.0,10062.612
15064.0,15047.102
15065.0,7758.2446
15066.0,17522.54
15067.0,14235.078
15068.0,14519.155
15069.0,9076.56
15070.0,10081.8545
15071.0,11865.839
15072.0,10288.843
15073.0,13294.351
15074.0,9839.019
15075.0,10132.28
15076.0,12155.226
15077.0,17257.674
15078.0,6596.487
15079.0,7569.3706
15080.0,12712.533
15081.0,12762.134
15082.0,13155.97
15083.0,11386.353
15084.0,8207.161
15085.0,18194.844
15086.0,11445.267
15087.0,18508.393
15088.0,11457.587
15089.0,13398.524
15090.0,12542.721
15091.0,24643.533
15092.0,15088.086
15093.0,9767.38
15094.0,13054.701
15095.0,7087.311
15096.0,4781.16
15097.0,13540.257
15098.0,7917.925
15099.0,14740.643
15100.0,9899.157
15101.0,14573.664
15102.0,13365.328
15103.0,20247.14
15104.0,9396.474
15105.0,10058.727
15106.0,16216.323
15107.0,11407.701
15108.0,8464.994
15109.0,12359.843
15110.0,11170.011
15111.0,14326.196
15112.0,11600.233
15113.0,10252.452
15114.0,9439.24
15115.0,7312.716
15116.0,9552.3955
15117.0,18338.535
15118.0,18388.467
15119.0,11803.431
15120.0,16686.512
15121.0,9179.789
15122.0,9006.278
15123.0,15895.585
15124.0,11915.692
15125.0,18312.057
15126.0,10880.298
15127.0,12401.607
15128.0,12802.657
15129.0,9349.684
15130.0,9581.759
15131.0,12720.769
15132.0,8990.538
15133.0,10177.754
15134.0,6378.568
15135.0,9541.478
15136.0,14157.888
15137.0,33475.6
15138.0,9097.551
15139.0,8316.605
15140.0,12641.464
15141.0,6952.929
15142.0,8290.004
15143.0,5641.618
15144.0,18213.213
15145.0,9091.922
15146.0,9835.397
15147.0,22362.883
15148.0,16130.897
15149.0,9951.545
15150.0,11245.027
15151.0,5045.8945
15152.0,8566.186
15153.0,9686.796
15154.0,15134.219
15155.0,11344.067
15156.0,7565.632
15157.0,9147.974
15158.0,9865.574
15159.0,13692.941
15160.0,12919.283
15161.0,5255.089
15162.0,10601.758
15163.0,11465.4795
15164.0,11971.156
15165.0,9349.068
15166.0,8328.354
15167.0,12369.088
15168.0,6714.6235
15169.0,14631.656
15170.0,6410.0757
15171.0,7597.3623
15172.0,9661.293
15173.0,10294.89
15174.0,7490.019
15175.0,11625.719
15176.0,11481.533
15177.0,14083.682
15178.0,15664.602
15179.0,8925.654
15180.0,6450.1807
15181.0,8653.527
15182.0,12489.505
15183.0,8482.9375
15184.0,11751.827
15185.0,9748.682
15186.0,17290.79
15187.0,12564.596
15188.0,9827.5205
15189.0,11024.113
15190.0,8298.983
15191.0,14501.87
15192.0,8521.27
15193.0,19330.305
15194.0,9864.145
15195.0,8479.208
15196.0,1811.4913
15197.0,7014.103
15198.0,11795.148
15199.0,23728.932
15200.0,8423.082
15201.0,8472.409
15202.0,19964.633
15203.0,9744.415
15204.0,14294.586
15205.0,11585.174
15206.0,17979.049
15207.0,7781.151
15208.0,9561.446
15209.0,14178.671
15210.0,9640.1875
15211.0,9718.945
15212.0,11221.114
15213.0,6313.9204
15214.0,11493.606
15215.0,10155.307
15216.0,5805.337
15217.0,16969.455
15218.0,14114.018
15219.0,7449.7783
15220.0,11300.333
15221.0,9507.194
15222.0,7524.26
15223.0,16457.686
15224.0,9037.747
15225.0,12026.912
15226.0,7208.438
15227.0,9371.137
15228.0,10035.689
15229.0,7117.4023
15230.0,11324.868
15231.0,7467.599
15232.0,8490.061
15233.0,7968.9976
15234.0,10067.94
15235.0,8054.2827
15236.0,10065.55
15237.0,13725.394
15238.0,12656.46
15239.0,11363.765
15240.0,12207.763
15241.0,11468.9795
15242.0,13128.995
15243.0,12413.572
15244.0,11491.074
15245.0,5599.9717
15246.0,8053.553
15247.0,12277.015
15248.0,6306.054
15249.0,14018.513
15250.0,10955.333
15251.0,10004.468
15252.0,15966.114
15253.0,8941.58
15254.0,10055.283
15255.0,16699.486
15256.0,15884.916
15257.0,8624.046
15258.0,13753.305
15259.0,15165.718
15260.0,8468.66
15261.0,7980.9243
15262.0,10202.313
15263.0,9753.267
15264.0,8265.592
15265.0,10648.973
15266.0,9354.856
15267.0,10239.328
15268.0,17017.543
15269.0,10792.263
15270.0,13751.639
15271.0,9514.56
15272.0,9115.174
15273.0,8771.116
15274.0,13840.823
15275.0,15062.307
15276.0,10030.656
15277.0,9948.574
15278.0,11607.35
15279.0,14321.975
15280.0,9850.174
15281.0,8506.068
15282.0,11358.661
15283.0,10744.013
15284.0,10948.585
15285.0,8659.695
15286.0,6614.891
15287.0,13752.924
15288.0,7625.4355
15289.0,10202.966
15290.0,17803.383
15291.0,9875.921
15292.0,15669.099
15293.0,9113.557
15294.0,6406.671
15295.0,10521.333
15296.0,10743.05
15297.0,11347.39
15298.0,14469.79
15299.0,13604.268
15300.0,7772.302
15301.0,15834.758
15302.0,5839.1963
15303.0,6186.9614
15304.0,18852.39
15305.0,17292.816
15306.0,13903.496
15307.0,11483.668
15308.0,11247.205
15309.0,11906.253
15310.0,21738.207
15311.0,12192.846
15312.0,14152.407
15313.0,9656.374
15314.0,7038.1147
15315.0,10096.423
15316.0,8397.733
15317.0,9571.036
15318.0,11861.855
15319.0,10373.752
15320.0,7022.7183
15321.0,10065.713
15322.0,15859.076
15323.0,9964.053
15324.0,9262.946
15325.0,11375.237
15326.0,8997.375
15327.0,9289.081
15328.0,13355.415
15329.0,13529.543
15330.0,11096.531
15331.0,6960.241
15332.0,29991.438
15333.0,9322.169
15334.0,10848.403
15335.0,17732.602
15336.0,12042.763
15337.0,13432.547
15338.0,10262.852
15339.0,11558.355
15340.0,11425.831
15341.0,30091.113
15342.0,13190.885
15343.0,9093.075
15344.0,9247.039
15345.0,10306.62
15346.0,8982.31
15347.0,12483.8955
15348.0,16481.86
15349.0,7591.104
15350.0,6791.265
15351.0,10636.619
15352.0,14675.554
15353.0,8032.6255
15354.0,15358.818
15355.0,7789.9355
15356.0,11025.102
15357.0,14550.804
15358.0,11221.971
15359.0,14763.745
15360.0,7923.228
15361.0,8631.963
15362.0,10396.86
15363.0,14049.163
15364.0,12554.952
15365.0,10793.261
15366.0,10809.683
15367.0,11284.963
15368.0,6703.3354
15369.0,14693.383
15370.0,6848.429
15371.0,15436.297
15372.0,8873.139
15373.0,7706.199
15374.0,12048.611
15375.0,9130.897
15376.0,10357.735
15377.0,14399.592
15378.0,8649.022
15379.0,8049.245
15380.0,15630.396
15381.0,18241.932
15382.0,14715.274
15383.0,6626.0933
15384.0,11257.508
15385.0,12171.003
15386.0,10286.586
15387.0,9154.485
15388.0,16340.852
15389.0,14229.7705
15390.0,17353.37
15391.0,6224.608
15392.0,12097.329
15393.0,10682.349
15394.0,14359.655
15395.0,15106.892
15396.0,17242.227
15397.0,8225.726
15398.0,8445.277
15399.0,9529.437
15400.0,9075.036
15401.0,9465.538
15402.0,14552.954
15403.0,9549.562
15404.0,11790.356
15405.0,15532.984
15406.0,8791.594
15407.0,26232.67
15408.0,11420.722
15409.0,3506.145
15410.0,4063.2566
15411.0,5362.637
15412.0,2974.4421
15413.0,3118.73
15414.0,3422.9
15415.0,4038.156
15416.0,3050.795
15417.0,3354.963
15418.0,2548.7036
15419.0,2943.316
15420.0,2871.4036
15421.0,2198.3552
15422.0,3738.8328
15423.0,2836.5815
15424.0,2670.5325
15425.0,3666.5466
15426.0,3533.2642
15427.0,5176.232
15428.0,6265.4287
15429.0,4252.5483
15430.0,3480.5815
15431.0,3610.551
15432.0,1808.336
15433.0,4880.026
15434.0,3970.0586
15435.0,4202.4355
15436.0,5082.7617
15437.0,2371.2112
15438.0,3269.9426
15439.0,3203.1396
15440.0,4744.1807
15441.0,3191.2717
15442.0,4628.127
15443.0,3004.464
15444.0,4885.265
15445.0,2538.429
15446.0,5127.87
15447.0,4033.5862
15448.0,3872.849
15449.0,3211.5017
15450.0,2758.7134
15451.0,5087.724
15452.0,3172.9124
15453.0,3616.8286
15454.0,2465.2249
15455.0,3642.6833
15456.0,6182.242
15457.0,4167.9746
15458.0,3862.9683
15459.0,6884.293
15460.0,3220.835
15461.0,3038.007
15462.0,4471.145
15463.0,2327.6714
15464.0,1950.9299
15465.0,3565.5864
15466.0,6235.637
15467.0,6360.0386
15468.0,3261.3506
15469.0,2566.2039
15470.0,5303.8306
15471.0,4820.106
15472.0,5608.931
15473.0,1884.6411
15474.0,6908.0776
15475.0,2703.5503
15476.0,2730.064
15477.0,5605.861
15478.0,2802.1377
15479.0,3135.256
15480.0,3065.9841
15481.0,4768.3984
15482.0,4017.581
15483.0,3125.1362
15484.0,8136.7627
15485.0,4715.4277
15486.0,5892.9326
15487.0,1786.9165
15488.0,5077.214
15489.0,6323.817
15490.0,3032.436
15491.0,3138.5
15492.0,3475.0015
15493.0,4145.4487
15494.0,4454.844
15495.0,4868.0264
15496.0,1985.3171
15497.0,4553.161
15498.0,2520.0562
15499.0,3877.2368
15500.0,4663.5303
15501.0,2559.2249
15502.0,3747.6667
15503.0,3485.948
15504.0,3995.201
15505.0,5272.808
15506.0,2970.6777
15507.0,3296.1882
15508.0,3804.8445
15509.0,4312.5986
15510.0,3971.551
15511.0,4245.901
15512.0,3304.7617
15513.0,3321.5317
15514.0,2653.327
15515.0,2643.4138
15516.0,4909.571
15517.0,5457.7427
15518.0,4462.6743
15519.0,3202.3086
15520.0,4629.99
15521.0,3098.36
15522.0,5376.3735
15523.0,2460.9163
15524.0,3426.6667
15525.0,6458.3315
15526.0,5174.4595
15527.0,4004.2356
15528.0,6405.8647
15529.0,5649.782
15530.0,3517.3877
15531.0,3994.1072
15532.0,4275.0684
15533.0,2700.5417
15534.0,2386.6826
15535.0,4058.5693
15536.0,3860.9937
15537.0,3479.1277
15538.0,2221.4502
15539.0,3711.2688
15540.0,3847.324
15541.0,5765.6704
15542.0,3972.3467
15543.0,2154.0342
15544.0,3820.2175
15545.0,6114.1694
15546.0,3180.8892
15547.0,3571.7275
15548.0,2222.3628
15549.0,3359.6646
15550.0,2715.042
15551.0,4167.0405
15552.0,3844.5505
15553.0,5271.948
15554.0,3879.02
15555.0,4706.149
15556.0,7702.8853
15557.0,2790.923
15558.0,3320.559
15559.0,6849.2266
15560.0,4647.2773
15561.0,6149.0796
15562.0,5044.869
15563.0,5224.0625
15564.0,3137.4941
15565.0,3224.0474
15566.0,3160.3848
15567.0,5705.274
15568.0,2472.0137
15569.0,2863.7205
15570.0,2497.8372
15571.0,4122.298
15572.0,7037.96
15573.0,4606.9937
15574.0,4371.9995
15575.0,2922.7917
15576.0,1678.5168
15577.0,1786.0054
15578.0,2585.6516
15579.0,4956.5454
15580.0,3652.318
15581.0,3360.95
15582.0,2943.5237
15583.0,3955.6824
15584.0,3796.6326
15585.0,4435.4453
15586.0,2157.2283
15587.0,5238.618
15588.0,7512.7715
15589.0,3394.5286
15590.0,4812.549
15591.0,3170.268
15592.0,4181.909
15593.0,2145.6194
15594.0,3922.1702
15595.0,3958.9514
15596.0,4727.2905
15597.0,4932.6
15598.0,4610.704
15599.0,3330.972
15600.0,4287.1685
15601.0,5812.152
15602.0,11262.8125
15603.0,5184.7163
15604.0,2596.448
15605.0,3370.8364
15606.0,3168.614
15607.0,4547.5576
15608.0,4051.5215
15609.0,15449.759
15610.0,29067.309
15611.0,2412.7427
15612.0,1845.8995
15613.0,8596.051
15614.0,2725.6553
15615.0,4508.413
15616.0,3596.7454
15617.0,3357.0535
15618.0,7710.1475
15619.0,4507.536
15620.0,3073.695
15621.0,2979.0527
15622.0,5105.0737
15623.0,4663.0947
15624.0,3135.3848
15625.0,3762.0264
15626.0,3845.0713
15627.0,4056.8508
15628.0,6371.472
15629.0,4053.845
15630.0,3700.5642
15631.0,3059.3286
15632.0,2501.9644
15633.0,4303.763
15634.0,3012.8855
15635.0,3778.322
15636.0,7780.9805
15637.0,4822.378
15638.0,5639.6274
15639.0,3070.5828
15640.0,3179.1843
15641.0,4958.3896
15642.0,3900.675
15643.0,3887.4028
15644.0,1777.6631
15645.0,3128.4622
15646.0,3885.7566
15647.0,3501.038
15648.0,2232.1252
15649.0,3234.8147
15650.0,2468.7742
15651.0,2076.9048
15652.0,5305.227
15653.0,3729.0588
15654.0,3889.929
15655.0,8837.548
15656.0,4662.4497
15657.0,2676.0032
15658.0,3786.6353
15659.0,1737.3513
15660.0,3082.39
15661.0,3016.653
15662.0,2578.5322
15663.0,4543.985
15664.0,1983.8402
15665.0,9223.327
15666.0,7211.2505
15667.0,2346.8455
15668.0,3303.5322
15669.0,3033.5154
15670.0,3498.3572
15671.0,3716.5122
15672.0,7631.3364
15673.0,6106.9365
15674.0,4042.8042
15675.0,2733.7883
15676.0,3817.5327
15677.0,3270.442
15678.0,8929.001
15679.0,5391.94
15680.0,4775.7725
15681.0,4121.472
15682.0,8660.4795
15683.0,3723.8901
15684.0,3148.9636
15685.0,3828.8823
15686.0,5778.0684
15687.0,4887.852
15688.0,6319.313
15689.0,2983.6958
15690.0,4484.1465
15691.0,1967.3285
15692.0,4541.649
15693.0,4164.6245
15694.0,4548.243
15695.0,3004.0056
15696.0,3818.272
15697.0,2617.303
15698.0,5105.259
15699.0,2763.617
15700.0,2617.6514
15701.0,7221.341
15702.0,11883.064
15703.0,5136.736
15704.0,3873.3665
15705.0,4678.0864
15706.0,5745.6978
15707.0,2985.6035
15708.0,2468.8284
15709.0,3615.059
15710.0,2920.371
15711.0,6714.3228
15712.0,2195.2249
15713.0,3329.9106
15714.0,3923.9365
15715.0,3851.9988
15716.0,3839.947
15717.0,2205.0447
15718.0,2255.5942
15719.0,4201.746
15720.0,2535.2776
15721.0,3661.29
15722.0,3588.6196
15723.0,4466.78
15724.0,5798.779
15725.0,5752.0366
15726.0,2632.009
15727.0,4169.51
15728.0,3280.8884
15729.0,4295.421
15730.0,3470.294
15731.0,2197.828
15732.0,3804.3037
15733.0,7235.33
15734.0,2811.3005
15735.0,3936.267
15736.0,1944.1426
15737.0,3045.3196
15738.0,4140.047
15739.0,3995.4485
15740.0,3360.8057
15741.0,3760.0603
15742.0,5732.6963
15743.0,5047.2275
15744.0,1848.6564
15745.0,9431.86
15746.0,1791.7527
15747.0,3022.8757
15748.0,5274.659
15749.0,3993.4443
15750.0,7581.625
15751.0,1973.6665
15752.0,2434.8694
15753.0,2117.3857
15754.0,5502.267
15755.0,5866.4785
15756.0,3931.4224
15757.0,1516.673
15758.0,5635.417
15759.0,3449.7869
15760.0,3651.1824
15761.0,3580.9185
15762.0,6529.8364
15763.0,4592.8823
15764.0,2990.6833
15765.0,3166.3267
15766.0,3771.9407
15767.0,2115.3562
15768.0,8344.996
15769.0,3123.3003
15770.0,11296.928
15771.0,5898.41
15772.0,2118.0818
15773.0,1722.1915
15774.0,4159.61
15775.0,3975.0151
15776.0,2942.506
15777.0,5504.2354
15778.0,3205.6982
15779.0,2210.7715
15780.0,3959.4272
15781.0,2289.0667
15782.0,6384.795
15783.0,4450.1084
15784.0,4461.7207
15785.0,4574.0083
15786.0,3605.1375
15787.0,4510.766
15788.0,5251.301
15789.0,3220.6016
15790.0,3149.9583
15791.0,1743.2366
15792.0,6643.674
15793.0,4381.109
15794.0,2868.2742
15795.0,3403.452
15796.0,4221.6772
15797.0,3199.9204
15798.0,2768.3616
15799.0,3682.608
15800.0,3788.8936
15801.0,7497.0166
15802.0,3031.6782
15803.0,5623.7114
15804.0,4201.041
15805.0,2853.7578
15806.0,3288.5686
15807.0,3095.8782
15808.0,2122.82
15809.0,4475.0576
15810.0,2806.9255
15811.0,2503.016
15812.0,5504.8184
15813.0,6155.223
15814.0,3414.7498
15815.0,5281.965
15816.0,2491.8057
15817.0,3649.0095
15818.0,4935.094
15819.0,5463.1597
15820.0,3651.0535
15821.0,3016.5667
15822.0,3708.1333
15823.0,2004.9418
15824.0,7598.2974
15825.0,3731.7063
15826.0,2311.613
15827.0,3573.268
15828.0,1237.1448
15829.0,3829.3682
15830.0,2834.557
15831.0,3868.5032
15832.0,2529.3972
15833.0,3467.554
15834.0,2680.3186
15835.0,3230.6052
15836.0,5721.716
15837.0,2643.3115
15838.0,3576.6306
15839.0,2870.8887
15840.0,1921.8633
15841.0,5326.076
15842.0,20027.795
15843.0,3986.445
15844.0,3136.737
15845.0,2947.8965
15846.0,3088.0527
15847.0,2981.7551
15848.0,3375.5635
15849.0,2296.353
15850.0,6863.3257
15851.0,2799.758
15852.0,2335.6477
15853.0,5958.662
15854.0,2273.5305
15855.0,2974.2437
15856.0,6936.793
15857.0,7725.724
15858.0,5776.2114
15859.0,2381.8657
15860.0,3839.222
15861.0,3730.8662
15862.0,3001.5793
15863.0,9782.185
15864.0,5040.0547
15865.0,3397.457
15866.0,1854.9945
15867.0,2483.6304
15868.0,2748.2532
15869.0,1895.1046
15870.0,4199.45
15871.0,3590.6775
15872.0,3516.4082
15873.0,3427.1802
15874.0,3638.9949
15875.0,3724.1387
15876.0,4789.8105
15877.0,5372.1597
15878.0,4664.318
15879.0,2336.712
15880.0,3661.489
15881.0,2362.808
15882.0,5321.3384
15883.0,2349.3513
15884.0,3652.9695
15885.0,2245.1187
15886.0,4736.0737
15887.0,3460.7068
15888.0,2326.235
15889.0,4042.1912
15890.0,1840.6785
15891.0,3504.9646
15892.0,3134.8225
15893.0,2954.4211
15894.0,3533.5845
15895.0,3248.4924
15896.0,5185.9575
15897.0,6225.837
15898.0,3342.249
15899.0,4612.7627
15900.0,4652.6045
15901.0,2146.1382
15902.0,6295.4346
15903.0,3222.7834
15904.0,2245.6758
15905.0,4443.568
15906.0,5884.008
15907.0,7552.661
15908.0,3548.3254
15909.0,2947.2188
15910.0,4409.2153
15911.0,5406.0244
15912.0,1839.9426
15913.0,5392.2124
15914.0,2461.3672
15915.0,3902.372
15916.0,2157.6226
15917.0,2751.1545
15918.0,1841.4435
15919.0,2848.9934
15920.0,5171.0796
15921.0,2021.118
15922.0,3322.85
15923.0,5119.1274
15924.0,3307.4897
15925.0,4910.8403
15926.0,3916.0354
15927.0,2421.4446
15928.0,5115.2124
15929.0,3985.0269
15930.0,1747.817
15931.0,11468.793
15932.0,5014.5386
15933.0,5002.218
15934.0,4830.688
15935.0,2128.1992
15936.0,5940.355
15937.0,2189.5364
15938.0,5000.6484
15939.0,4790.7104
15940.0,3479.8745
15941.0,4484.754
15942.0,3262.7356
15943.0,3478.026
15944.0,4494.0337
15945.0,2120.5051
15946.0,3683.5144
15947.0,8059.6465
15948.0,4719.0635
15949.0,1682.8839
15950.0,3949.009
15951.0,2792.8408
15952.0,1702.5486
15953.0,4352.625
15954.0,4817.022
15955.0,1780.3826
15956.0,3410.6736
15957.0,5863.447
15958.0,3598.8733
15959.0,6689.1245
15960.0,3188.5544
15961.0,4403.789
15962.0,2699.845
15963.0,4157.6226
15964.0,3443.4707
15965.0,5238.748
15966.0,4459.1597
15967.0,6967.581
15968.0,3672.2874
15969.0,3403.9746
15970.0,2631.2283
15971.0,1964.5475
15972.0,5941.035
15973.0,3387.6638
15974.0,6195.7134
15975.0,4096.6567
15976.0,16811.893
15977.0,2647.428
15978.0,3090.6343
15979.0,3456.4739
15980.0,2310.194
15981.0,2720.239
15982.0,4897.625
15983.0,5331.2354
15984.0,4550.2305
15985.0,4740.7515
15986.0,3196.6436
15987.0,3708.3774
15988.0,1908.7417
15989.0,3953.4907
15990.0,2328.1768
15991.0,2549.5098
15992.0,2960.9856
15993.0,11979.254
15994.0,2993.1438
15995.0,2095.8408
15996.0,3576.7363
15997.0,3154.165
15998.0,3116.535
15999.0,1441.7988
16000.0,2385.3782
16001.0,3736.8823
16002.0,2894.3242
16003.0,4668.8003
16004.0,11758.688
16005.0,3050.0498
16006.0,4334.9116
16007.0,3212.62
16008.0,3020.3909
16009.0,1941.7103
16010.0,3560.5015
16011.0,2909.9504
16012.0,2814.682
16013.0,3464.4824
16014.0,2657.876
16015.0,3001.734
16016.0,4203.073
16017.0,1063.4377
16018.0,3726.9214
16019.0,4818.001
16020.0,4499.816
16021.0,2794.22
16022.0,3678.209
16023.0,1947.0897
16024.0,3261.5093
16025.0,5716.272
16026.0,3044.0298
16027.0,3647.9272
16028.0,4094.9258
16029.0,4354.448
16030.0,4164.084
16031.0,4624.963
16032.0,4895.1636
16033.0,6380.594
16034.0,5900.318
16035.0,2400.879
16036.0,3061.5884
16037.0,3209.6458
16038.0,4856.116
16039.0,2438.859
16040.0,4072.76
16041.0,2190.8486
16042.0,6034.004
16043.0,3428.9133
16044.0,2123.3345
16045.0,6058.838
16046.0,4033.671
16047.0,2682.6746
16048.0,4357.5522
16049.0,6650.5273
16050.0,5102.1094
16051.0,2726.1455
16052.0,2730.805
16053.0,1544.7228
16054.0,2994.035
16055.0,5600.2173
16056.0,1921.15
16057.0,3447.6418
16058.0,3503.1094
16059.0,5077.48
16060.0,2458.701
16061.0,4632.0884
16062.0,3362.6626
16063.0,3638.9949
16064.0,1718.748
16065.0,7907.8794
16066.0,3301.1726
16067.0,4565.482
16068.0,5008.305
16069.0,2333.2979
16070.0,7050.3496
16071.0,3331.315
16072.0,2560.6646
16073.0,3272.7295
16074.0,2778.001
16075.0,2333.9937
16076.0,4751.277
16077.0,5318.0503
16078.0,1994.1233
16079.0,3652.4155
16080.0,4674.4907
16081.0,3376.3235
16082.0,3148.0776
16083.0,3029.8364
16084.0,4255.4214
16085.0,3198.8674
16086.0,3616.9216
16087.0,2333.427
16088.0,4503.028
16089.0,2106.598
16090.0,3159.86
16091.0,4119.4517
16092.0,2312.3564
16093.0,6482.2275
16094.0,7059.2656
16095.0,4055.9607
16096.0,5984.767
16097.0,4370.186
16098.0,5437.208
16099.0,4819.8945
16100.0,5364.6577
16101.0,2423.4321
16102.0,3295.1067
16103.0,3503.5806
16104.0,3311.7236
16105.0,4830.771
16106.0,2458.4043
16107.0,4378.172
16108.0,6195.3
16109.0,4911.763
16110.0,1607.7428
16111.0,4865.863
16112.0,6665.2095
16113.0,2628.3418
16114.0,6144.9985
16115.0,4491.4326
16116.0,5288.756
16117.0,4696.427
16118.0,3494.8816
16119.0,2709.1672
16120.0,4396.6953
16121.0,4514.253
16122.0,2155.568
16123.0,5683.857
16124.0,3751.24
16125.0,3975.402
16126.0,4964.3525
16127.0,2456.1665
16128.0,6233.984
16129.0,1915.6339
16130.0,5314.876
16131.0,3773.5603
16132.0,2120.3625
16133.0,5449.2017
16134.0,6529.7056
16135.0,6516.6333
16136.0,7118.4204
16137.0,3952.3557
16138.0,4011.056
16139.0,5520.0244
16140.0,7083.2427
16141.0,2396.3123
16142.0,3060.4814
16143.0,9622.063
16144.0,10784.288
16145.0,4076.5574
16146.0,5992.741
16147.0,4589.37
16148.0,6391.711
16149.0,3874.2717
16150.0,2149.6416
16151.0,5849.4365
16152.0,5197.367
16153.0,5427.4976
16154.0,9272.855
16155.0,6784.0527
16156.0,3200.4854
16157.0,4374.461
16158.0,2368.5466
16159.0,1336.6294
16160.0,5132.3965
16161.0,8593.8545
16162.0,4322.916
16163.0,4817.9087
16164.0,2891.407
16165.0,5029.9355
16166.0,7620.957
16167.0,5635.272
16168.0,5148.298
16169.0,3886.576
16170.0,5531.0767
16171.0,3319.9385
16172.0,6705.043
16173.0,3321.6301
16174.0,2617.082
16175.0,2254.2324
16176.0,2968.72
16177.0,4459.0615
16178.0,4043.3674
16179.0,4921.0815
16180.0,5772.499
16181.0,5096.4185
16182.0,4805.2324
16183.0,3303.5732
16184.0,5671.2983
16185.0,4656.294
16186.0,3830.4314
16187.0,2329.8767
16188.0,5723.4463
16189.0,3731.062
16190.0,3898.5806
16191.0,5042.7236
16192.0,8474.575
16193.0,5984.1787
16194.0,4951.655
16195.0,5907.12
16196.0,7535.4204
16197.0,8433.388
16198.0,3304.957
16199.0,3874.501
16200.0,3651.2136
16201.0,5879.963
16202.0,6477.135
16203.0,6024.871
16204.0,6763.12
16205.0,6614.8784
16206.0,3168.4902
16207.0,6767.6436
16208.0,5461.8467
16209.0,3805.0261
16210.0,4801.2144
16211.0,3476.4106
16212.0,4547.7485
16213.0,4921.166
16214.0,4081.9155
16215.0,6480.1196
16216.0,3039.187
16217.0,3247.4268
16218.0,3843.6265
16219.0,5449.259
16220.0,9843.797
16221.0,4621.2188
16222.0,5964.377
16223.0,5848.014
16224.0,2694.9685
16225.0,7827.1147
16226.0,3394.8813
16227.0,10696.846
16228.0,3215.1526
16229.0,3802.555
16230.0,4163.0117
16231.0,5403.7456
16232.0,2075.7903
16233.0,4380.2983
16234.0,3595.0269
16235.0,3255.87
16236.0,4375.0156
16237.0,6371.7817
16238.0,9145.793
16239.0,3883.0554
16240.0,5528.814
16241.0,3920.7786
16242.0,3375.0354
16243.0,2989.4739
16244.0,10133.565
16245.0,5635.4604
16246.0,10174.939
16247.0,5821.756
16248.0,5785.271
16249.0,12792.453
16250.0,5663.222
16251.0,4140.647
16252.0,5175.383
16253.0,5975.264
16254.0,2985.6008
16255.0,5928.802
16256.0,3421.6072
16257.0,2243.484
16258.0,6649.716
16259.0,3675.375
16260.0,3060.2393
16261.0,4374.636
16262.0,4755.5483
16263.0,9495.712
16264.0,6517.249
16265.0,4359.219
16266.0,4127.6567
16267.0,7177.373
16268.0,3935.595
16269.0,5980.065
16270.0,4476.5903
16271.0,6930.55
16272.0,6442.206
16273.0,4504.334
16274.0,3385.493
16275.0,5456.7383
16276.0,4896.261
16277.0,4011.094
16278.0,4882.675
16279.0,4792.2144
16280.0,3524.051
16281.0,4874.7686
16282.0,6874.3916
16283.0,7895.03
16284.0,7623.283
16285.0,7157.5
16286.0,4195.5303
16287.0,5989.644
16288.0,2168.6611
16289.0,8296.008
16290.0,7760.561
16291.0,8009.506
16292.0,6071.131
16293.0,2537.562
16294.0,4207.1367
16295.0,6413.091
16296.0,8027.425
16297.0,4522.071
16298.0,5381.915
16299.0,4436.7104
16300.0,6520.0034
16301.0,2735.57
16302.0,7822.159
16303.0,4674.732
16304.0,7308.49
16305.0,7334.405
16306.0,4250.411
16307.0,8829.114
16308.0,6411.9287
16309.0,4874.5825
16310.0,3834.3394
16311.0,6806.394
16312.0,9349.924
16313.0,5918.5127
16314.0,6038.1206
16315.0,11316.166
16316.0,6943.472
16317.0,5211.799
16318.0,4471.5884
16319.0,2498.6929
16320.0,2955.0215
16321.0,5009.251
16322.0,7315.513
16323.0,8222.361
16324.0,6254.144
16325.0,3866.4373
16326.0,7844.9326
16327.0,7319.1006
16328.0,5329.4507
16329.0,2833.647
16330.0,11672.983
16331.0,3308.3513
16332.0,3950.6443
16333.0,6841.646
16334.0,4004.7092
16335.0,4230.546
16336.0,3014.901
16337.0,5480.9214
16338.0,4876.303
16339.0,5333.402
16340.0,7803.15
16341.0,8946.81
16342.0,7631.6206
16343.0,3331.601
16344.0,6510.3276
16345.0,11849.553
16346.0,5515.282
16347.0,3945.0972
16348.0,5971.2417
16349.0,5406.489
16350.0,6604.4004
16351.0,9225.545
16352.0,2404.861
16353.0,8054.106
16354.0,4468.075
16355.0,5564.202
16356.0,7734.004
16357.0,2740.774
16358.0,4409.96
16359.0,4286.776
16360.0,7772.48
16361.0,7299.4683
16362.0,4099.311
16363.0,4615.668
16364.0,7032.5786
16365.0,5884.878
16366.0,5498.175
16367.0,6482.0977
16368.0,3940.4822
16369.0,5513.5415
16370.0,4535.9775
16371.0,3241.3943
16372.0,5878.281
16373.0,6706.3926
16374.0,5988.753
16375.0,5959.287
16376.0,7944.0146
16377.0,3704.1313
16378.0,7574.26
16379.0,3400.5212
16380.0,3219.3728
16381.0,7479.946
16382.0,7268.1567
16383.0,7367.5054
16384.0,9525.047
16385.0,7062.0737
16386.0,5217.678
16387.0,6733.768
16388.0,7326.8184
16389.0,3231.6409
16390.0,2825.3142
16391.0,5863.7935
16392.0,5067.1553
16393.0,5175.8564
16394.0,3076.0417
16395.0,5535.5737
16396.0,5806.068
16397.0,6036.3643
16398.0,5764.7905
16399.0,3167.8767
16400.0,6408.896
16401.0,7639.9014
16402.0,3772.9807
16403.0,6207.603
16404.0,3152.8623
16405.0,5659.5283
16406.0,3857.2202
16407.0,4663.7085
16408.0,4881.297
16409.0,7594.718
16410.0,5843.598
16411.0,6546.2314
16412.0,14192.525
16413.0,3971.858
16414.0,4475.1343
16415.0,10401.859
16416.0,5541.004
16417.0,8463.832
16418.0,6511.2095
16419.0,5266.2036
16420.0,6236.868
16421.0,5114.788
16422.0,5294.111
16423.0,8104.503
16424.0,5364.2026
16425.0,3142.4788
16426.0,3809.377
16427.0,7638.473
16428.0,9857.946
16429.0,6332.835
16430.0,5646.022
16431.0,4113.6284
16432.0,2562.0134
16433.0,2122.1458
16434.0,3334.2336
16435.0,7010.5444
16436.0,6668.198
16437.0,4696.265
16438.0,4211.4487
16439.0,8096.931
16440.0,5559.507
16441.0,8014.763
16442.0,5082.4854
16443.0,7829.385
16444.0,10226.104
16445.0,4105.3413
16446.0,6408.401
16447.0,5056.258
16448.0,6557.155
16449.0,2847.8044
16450.0,5560.785
16451.0,4813.692
16452.0,8410.607
16453.0,6135.06
16454.0,6860.0273
16455.0,6532.727
16456.0,5705.9707
16457.0,7554.6714
16458.0,17047.66
16459.0,8854.447
16460.0,3924.8726
16461.0,3715.633
16462.0,6072.9497
16463.0,8331.738
16464.0,3451.7422
16465.0,9154.878
16466.0,17901.336
16467.0,4826.354
16468.0,2414.2659
16469.0,10991.986
16470.0,3339.0017
16471.0,6873.1523
16472.0,3299.548
16473.0,5778.945
16474.0,3641.0574
16475.0,6281.4473
16476.0,5383.5425
16477.0,5297.1567
16478.0,10818.872
16479.0,6881.9688
16480.0,6578.674
16481.0,7051.2305
16482.0,5625.036
16483.0,5769.714
16484.0,9232.578
16485.0,5717.1772
16486.0,4938.2305
16487.0,3945.8198
16488.0,3277.4036
16489.0,5430.7344
16490.0,4289.8276
16491.0,5237.819
16492.0,8239.129
16493.0,7617.9116
16494.0,7959.8286
16495.0,4933.9834
16496.0,4243.7104
16497.0,4684.4805
16498.0,5484.1797
16499.0,6496.3955
16500.0,2595.1812
16501.0,5677.566
16502.0,5366.69
16503.0,8397.293
16504.0,6272.0537
16505.0,3958.6833
16506.0,3139.6948
16507.0,3657.7886
16508.0,7619.9683
16509.0,5090.3745
16510.0,6732.291
16511.0,13204.882
16512.0,8144.333
16513.0,4579.046
16514.0,4972.599
16515.0,2472.1282
16516.0,4165.534
16517.0,4527.4185
16518.0,3269.5093
16519.0,8582.239
16520.0,3704.5376
16521.0,9734.373
16522.0,11132.456
16523.0,5174.3955
16524.0,5606.674
16525.0,5278.3184
16526.0,5233.7686
16527.0,5152.862
16528.0,10121.009
16529.0,6575.28
16530.0,6812.7266
16531.0,3658.4238
16532.0,5488.942
16533.0,6090.3174
16534.0,8096.6997
16535.0,6214.991
16536.0,5694.3354
16537.0,7200.103
16538.0,4720.3735
16539.0,10974.848
16540.0,8067.984
16541.0,6117.734
16542.0,8164.6094
16543.0,6870.2686
16544.0,7768.211
16545.0,3629.0007
16546.0,5502.671
16547.0,4951.645
16548.0,9451.303
16549.0,7582.261
16550.0,6452.931
16551.0,6115.0444
16552.0,7831.857
16553.0,4427.883
16554.0,7276.8623
16555.0,6692.2
16556.0,2902.4272
16557.0,12575.949
16558.0,15551.884
16559.0,7091.699
16560.0,6902.341
16561.0,5920.5396
16562.0,8223.616
16563.0,8390.272
16564.0,3161.594
16565.0,4476.71
16566.0,5822.783
16567.0,8241.872
16568.0,2659.9497
16569.0,4686.4067
16570.0,5966.2314
16571.0,5180.5244
16572.0,5463.123
16573.0,3043.783
16574.0,2846.5088
16575.0,7361.542
16576.0,3618.1777
16577.0,4679.8535
16578.0,5496.0776
16579.0,5221.6313
16580.0,8590.207
16581.0,10911.349
16582.0,7258.437
16583.0,6637.764
16584.0,6434.6953
16585.0,10533.041
16586.0,5633.74
16587.0,2789.7544
16588.0,5314.8857
16589.0,13996.669
16590.0,4187.8535
16591.0,7320.155
16592.0,2255.465
16593.0,3669.8606
16594.0,6162.655
16595.0,5591.3037
16596.0,5400.2266
16597.0,9904.796
16598.0,8575.268
16599.0,7005.759
16600.0,4467.3
16601.0,10321.73
16602.0,2194.874
16603.0,4009.5447
16604.0,6333.125
16605.0,4740.7515
16606.0,9379.381
16607.0,2730.7593
16608.0,5826.2944
16609.0,5601.5366
16610.0,7787.3506
16611.0,9624.495
16612.0,5049.92
16613.0,3288.4275
16614.0,9773.847
16615.0,9425.961
16616.0,4819.0073
16617.0,4567.1504
16618.0,8496.532
16619.0,5702.6406
16620.0,5387.246
16621.0,3908.3887
16622.0,7378.7573
16623.0,3786.9568
16624.0,15608.886
16625.0,8008.0312
16626.0,15580.686
16627.0,6730.089
16628.0,5812.268
16629.0,2046.9971
16630.0,5257.1797
16631.0,5436.902
16632.0,5018.0747
16633.0,9020.4375
16634.0,5443.1445
16635.0,2643.468
16636.0,7444.7563
16637.0,3811.8232
16638.0,8995.547
16639.0,7438.631
16640.0,6539.8594
16641.0,8133.3564
16642.0,4449.459
16643.0,7402.8945
16644.0,7173.4106
16645.0,4890.879
16646.0,6095.594
16647.0,3922.8025
16648.0,7865.319
16649.0,5914.98
16650.0,3632.083
16651.0,4956.489
16652.0,8342.147
16653.0,6000.131
16654.0,3812.6597
16655.0,5319.146
16656.0,5152.3213
16657.0,4904.385
16658.0,5363.8086
16659.0,9619.77
16660.0,4805.874
16661.0,3667.2148
16662.0,6155.652
16663.0,5754.6323
16664.0,3085.3052
16665.0,5044.725
16666.0,8298.097
16667.0,7877.5415
16668.0,10631.314
16669.0,8675.063
16670.0,7391.5845
16671.0,5916.3623
16672.0,4174.249
16673.0,10758.882
16674.0,7974.7
16675.0,7283.7295
16676.0,5060.427
16677.0,5262.844
16678.0,4950.7524
16679.0,2638.658
16680.0,11030.224
16681.0,6586.1196
16682.0,5440.616
16683.0,4841.381
16684.0,1421.3145
16685.0,8091.4883
16686.0,6718.0957
16687.0,7823.4126
16688.0,4142.006
16689.0,5236.9595
16690.0,5980.4585
16691.0,4401.3574
16692.0,8161.8687
16693.0,4080.0938
16694.0,4742.882
16695.0,3402.7896
16696.0,2557.1294
16697.0,5141.157
16698.0,13653.818
16699.0,5327.5293
16700.0,5379.1895
16701.0,4765.911
16702.0,3844.8843
16703.0,3444.8374
16704.0,5431.055
16705.0,2678.938
16706.0,9951.412
16707.0,5712.6143
16708.0,2902.959
16709.0,7979.79
16710.0,2809.0125
16711.0,4284.1313
16712.0,8930.943
16713.0,7939.6064
16714.0,8591.526
16715.0,2850.2737
16716.0,4598.6035
16717.0,4444.1313
16718.0,5374.3994
16719.0,15955.8545
16720.0,10538.155
16721.0,5242.9126
16722.0,3072.2354
16723.0,4929.2983
16724.0,4203.827
16725.0,2345.8716
16726.0,7237.504
16727.0,3969.57
16728.0,4936.304
16729.0,7159.6777
16730.0,4499.842
16731.0,4637.836
16732.0,6153.75
16733.0,6850.1543
16734.0,5908.1963
16735.0,2821.9524
16736.0,5852.9976
16737.0,6856.0566
16738.0,7241.2256
16739.0,6725.1353
16740.0,6113.977
16741.0,2524.6658
16742.0,8573.591
16743.0,4309.634
16744.0,2905.2612
16745.0,5262.8643
16746.0,5099.881
16747.0,4612.4243
16748.0,5936.4917
16749.0,4669.188
16750.0,5239.353
16751.0,5016.16
16752.0,7461.953
16753.0,8159.37
16754.0,4149.765
16755.0,7806.8647
16756.0,5825.6445
16757.0,2799.7795
16758.0,9734.54
16759.0,3933.1628
16760.0,3251.7263
16761.0,5751.647
16762.0,10209.653
16763.0,8284.866
16764.0,4746.661
16765.0,5221.343
16766.0,6721.7173
16767.0,6634.9663
16768.0,4946.773
16769.0,9008.925
16770.0,2904.1416
16771.0,5158.763
16772.0,3619.0615
16773.0,3130.3936
16774.0,2725.706
16775.0,7243.153
16776.0,6700.229
16777.0,5849.353
16778.0,4669.5264
16779.0,7852.6357
16780.0,8448.58
16781.0,4721.1436
16782.0,4915.991
16783.0,4806.2866
16784.0,6818.9614
16785.0,5468.0234
16786.0,1821.389
16787.0,5567.2544
16788.0,6783.05
16789.0,6288.2993
16790.0,5736.1807
16791.0,2816.1055
16792.0,9525.41
16793.0,2881.7893
16794.0,8345.339
16795.0,4845.765
16796.0,4271.2817
16797.0,7800.062
16798.0,3733.4368
16799.0,4014.0566
16800.0,8776.58
16801.0,2805.049
16802.0,6308.6953
16803.0,9688.515
16804.0,5828.7627
16805.0,2637.533
16806.0,5150.7144
16807.0,3551.756
16808.0,2106.1948
16809.0,5116.667
16810.0,6642.356
16811.0,4570.694
16812.0,4401.093
16813.0,6072.046
16814.0,4861.817
16815.0,9783.425
16816.0,5402.3545
16817.0,5788.0747
16818.0,4456.9185
16819.0,5768.8003
16820.0,6069.4287
16821.0,6562.423
16822.0,8215.102
16823.0,8266.01
16824.0,7249.9336
16825.0,5827.556
16826.0,5465.1455
16827.0,2579.9976
16828.0,5621.314
16829.0,8786.195
16830.0,6871.5723
16831.0,7180.598
16832.0,15331.567
16833.0,3164.4846
16834.0,4910.03
16835.0,3992.5454
16836.0,7187.341
16837.0,8122.038
16838.0,5885.3833
16839.0,7055.9873
16840.0,7463.1133
16841.0,7499.899
16842.0,5845.906
16843.0,4705.1523
16844.0,2140.961
16845.0,4889.6616
16846.0,3203.7874
16847.0,3107.6936
16848.0,8344.089
16849.0,16546.15
16850.0,4850.3345
16851.0,3971.5623
16852.0,4147.9805
16853.0,4566.8716
16854.0,5492.105
16855.0,1557.4315
16856.0,6725.9307
16857.0,6154.4956
16858.0,3816.8228
16859.0,11337.545
16860.0,11152.308
16861.0,3879.8303
16862.0,4974.739
16863.0,3618.2158
16864.0,3674.1375
16865.0,5165.5337
16866.0,8385.032
16867.0,3792.1914
16868.0,4809.5474
16869.0,4960.0503
16870.0,4989.861
16871.0,4445.196
16872.0,7714.3623
16873.0,3047.6882
16874.0,8167.6313
16875.0,6273.5435
16876.0,4514.7134
16877.0,3509.0562
16878.0,3870.4116
16879.0,4968.427
16880.0,4220.159
16881.0,9561.547
16882.0,4142.7056
16883.0,4124.4414
16884.0,6909.5737
16885.0,5354.3467
16886.0,6235.6133
16887.0,5710.087
16888.0,5730.225
16889.0,8782.492
16890.0,7209.806
16891.0,6069.139
16892.0,3791.0159
16893.0,4547.1587
16894.0,7176.4077
16895.0,3722.3877
16896.0,4531.925
16897.0,5675.2866
16898.0,13172.253
16899.0,7381.432
16900.0,4872.8438
16901.0,6053.0615
16902.0,5634.8154
16903.0,7028.904
16904.0,5390.171
16905.0,9196.931
16906.0,5954.662
16907.0,5250.6646
16908.0,3612.2393
16909.0,2445.938
16910.0,4420.7085
16911.0,16372.457
16912.0,2208.683
16913.0,4734.5376
16914.0,6975.7466
16915.0,6659.7383
16916.0,6510.309
16917.0,7649.818
16918.0,3807.1536
16919.0,5962.619
16920.0,2313.5735
16921.0,8263.313
16922.0,3697.9775
16923.0,6258.614
16924.0,7081.331
16925.0,2930.1147
16926.0,7220.225
16927.0,6850.788
16928.0,3273.2542
16929.0,6262.131
16930.0,6861.107
16931.0,2680.0193
16932.0,8099.6655
16933.0,6367.8145
16934.0,4272.635
16935.0,7656.701
16936.0,7558.6787
16937.0,6303.739
16938.0,3970.2632
16939.0,3814.7407
16940.0,5728.7935
16941.0,3837.4497
16942.0,5895.8394
16943.0,2627.226
16944.0,5891.0503
16945.0,2869.0105
16946.0,5122.996
16947.0,5446.2085
16948.0,4695.28
16949.0,5380.5547
16950.0,8787.872
16951.0,4914.1157
16952.0,8558.999
16953.0,5526.1514
16954.0,6124.466
16955.0,8147.184
16956.0,7686.981
16957.0,4063.334
16958.0,4908.1333
16959.0,5798.4414
16960.0,4769.1855
16961.0,10075.692
16962.0,5951.0566
16963.0,6009.169
16964.0,9221.9375
16965.0,6480.484
16966.0,2041.9429
16967.0,9301.892
16968.0,9178.563
16969.0,6229.377
16970.0,7547.2744
16971.0,7628.353
16972.0,9005.29
16973.0,5391.996
16974.0,4771.338
16975.0,3189.394
16976.0,6297.0444
16977.0,6033.5664
16978.0,3124.096
16979.0,7829.123
16980.0,7504.8936
16981.0,4958.5835
16982.0,7830.699
16983.0,5236.57
16984.0,6533.481
16985.0,3104.834
16986.0,5078.546
16987.0,4875.322
16988.0,3712.246
16989.0,5971.3726
16990.0,6147.297
16991.0,7404.1304
16992.0,6257.981
16993.0,3898.945
16994.0,5436.6895
16995.0,7111.0713
16996.0,7211.822
16997.0,3663.6099
16998.0,2534.2583
16999.0,9229.954
17000.0,5752.618
17001.0,4255.8027
17002.0,8016.7896
17003.0,7107.4844
17004.0,6544.5396
17005.0,4752.1743
17006.0,1923.6292
17007.0,5351.2935
17008.0,6310.621
17009.0,4890.8696
17010.0,8685.917
17011.0,6540.421
17012.0,3462.6255
17013.0,6630.247
17014.0,2975.8755
17015.0,1162.4427
17016.0,6298.7144
17017.0,9232.701
17018.0,5535.9326
17019.0,4471.345
17020.0,2977.2954
17021.0,5166.8447
17022.0,8018.3267
17023.0,5379.492
17024.0,8256.09
17025.0,4263.9097
17026.0,4731.639
17027.0,3562.37
17028.0,6083.704
17029.0,3362.8167
17030.0,2684.5615
17031.0,3843.546
17032.0,3092.2388
17033.0,7167.064
17034.0,3435.0781
17035.0,5354.3774
17036.0,5155.074
17037.0,7776.069
17038.0,5128.4917
17039.0,3498.2305
17040.0,9431.194
17041.0,7652.138
17042.0,6773.242
17043.0,2179.8323
17044.0,5858.4653
17045.0,4592.5146
17046.0,4017.945
17047.0,8838.433
17048.0,9092.008
17049.0,6795.8853
17050.0,6435.5977
17051.0,6340.0693
17052.0,7869.0557
17053.0,10569.571
17054.0,3054.6943
17055.0,3878.6167
17056.0,4499.134
17057.0,5843.102
17058.0,6390.2114
17059.0,8300.297
17060.0,6768.0503
17061.0,6722.897
17062.0,2477.3992
17063.0,6445.814
17064.0,6712.53
17065.0,3344.839
17066.0,6587.791
17067.0,3230.1274
17068.0,7422.8755
17069.0,5483.8135
17070.0,5038.103
17071.0,6712.613
17072.0,3925.3816
17073.0,4695.9785
17074.0,6848.893
17075.0,4712.5815
17076.0,9469.484
17077.0,5224.6904
17078.0,7510.8804
17079.0,5359.0933
17080.0,3508.7146
17081.0,8892.566
17082.0,3001.559
17083.0,10491.792
17084.0,5780.5767
17085.0,5014.4766
17086.0,5962.198
17087.0,5019.3384
17088.0,3475.5417
17089.0,6085.1147
17090.0,3281.7678
17091.0,3025.423
17092.0,6112.549
17093.0,6620.812
17094.0,9517.7
17095.0,5044.6333
17096.0,5149.216
17097.0,3603.071
17098.0,6112.654
17099.0,3069.1711
17100.0,10028.714
17101.0,7504.328
17102.0,12459.476
17103.0,5570.7554
17104.0,5480.796
17105.0,7127.1167
17106.0,7328.517
17107.0,3915.1912
17108.0,8576.888
17109.0,6087.5586
17110.0,4541.944
17111.0,6080.1074
17112.0,4628.8467
17113.0,3346.6106
17114.0,6049.9155
17115.0,3768.5168
17116.0,2733.521
17117.0,7518.1694
17118.0,6030.1724
17119.0,23301.754
17120.0,7688.975
17121.0,4003.7773
17122.0,6387.4507
17123.0,9817.365
17124.0,5015.419
17125.0,6084.3486
17126.0,5271.928
17127.0,7344.843
17128.0,5694.8135
17129.0,4213.1206
17130.0,5437.7524
17131.0,5486.55
17132.0,6496.0054
17133.0,6434.499
17134.0,7020.9634
17135.0,4007.82
17136.0,4516.4233
17137.0,5564.95
17138.0,9142.139
17139.0,11273.625
17140.0,8797.852
17141.0,6487.3677
17142.0,4723.851
17143.0,5698.7256
17144.0,3700.7654
17145.0,8250.8
17146.0,8202.074
17147.0,8701.315
17148.0,5437.073
17149.0,4422.4966
17150.0,4355.965
17151.0,5920.6133
17152.0,9849.084
17153.0,6328.934
17154.0,4825.7
17155.0,4282.632
17156.0,7858.18
17157.0,3523.0461
17158.0,6363.4185
17159.0,3816.3313
17160.0,5997.173
17161.0,6077.093
17162.0,5145.18
17163.0,7196.025
17164.0,5593.2505
17165.0,4222.6396
17166.0,6521.2656
17167.0,6365.3613
17168.0,10135.393
17169.0,5460.8726
17170.0,6727.9966
17171.0,8087.947
17172.0,8057.5405
17173.0,5262.4277
17174.0,6325.699
17175.0,3694.265
17176.0,4120.222
17177.0,6160.533
17178.0,6502.6816
17179.0,7502.4385
17180.0,6499.538
17181.0,4907.141
17182.0,6712.574
17183.0,6480.509
17184.0,8137.8105
17185.0,3849.222
17186.0,12965.98
17187.0,4245.6455
17188.0,5918.27
17189.0,8787.611
17190.0,4808.7583
17191.0,5020.1953
17192.0,6415.336
17193.0,6383.005
17194.0,5164.8438
17195.0,5063.401
17196.0,7792.336
17197.0,7486.455
17198.0,9489.927
17199.0,4407.512
17200.0,6671.3027
17201.0,10782.241
17202.0,6209.0894
17203.0,5709.1934
17204.0,5365.7993
17205.0,5748.115
17206.0,5379.7847
17207.0,6977.7695
17208.0,4042.6616
17209.0,6594.518
17210.0,4733.287
17211.0,5969.5615
17212.0,9015.475
17213.0,5512.495
17214.0,5066.4497
17215.0,3727.5295
17216.0,6878.937
17217.0,9010.222
17218.0,4611.562
17219.0,4337.9854
17220.0,5925.7827
17221.0,5536.5293
17222.0,4902.701
17223.0,8078.942
17224.0,6072.695
17225.0,6557.455
17226.0,4852.773
17227.0,4749.2197
17228.0,5983.146
17229.0,7336.5737
17230.0,6833.7285
17231.0,7621.5093
17232.0,7357.7583
17233.0,5452.8516
17234.0,7910.6855
17235.0,5106.988
17236.0,5320.993
17237.0,7510.8804
17238.0,6125.319
17239.0,8769.2
17240.0,7395.4985
17241.0,6442.0586
17242.0,5041.358
17243.0,7093.208
17244.0,6444.9717
17245.0,4424.2646
17246.0,3939.46
17247.0,6173.2324
17248.0,6696.619
17249.0,5271.767
17250.0,4375.3496
17251.0,7840.347
17252.0,5696.7583
17253.0,5893.0566
17254.0,5327.6006
17255.0,5093.313
17256.0,6352.733
17257.0,6436.9297
17258.0,5302.849
17259.0,5475.247
17260.0,4416.961
17261.0,6116.1177
17262.0,3777.1003
17263.0,6179.8545
17264.0,4263.442
17265.0,7326.022
17266.0,7217.0166
17267.0,5670.1353
17268.0,9932.646
17269.0,3966.7878
17270.0,4495.26
17271.0,9918.759
17272.0,6261.808
17273.0,7069.5615
17274.0,7811.6245
17275.0,5724.2324
17276.0,5227.502
17277.0,6136.7573
17278.0,7228.184
17279.0,8986.175
17280.0,5666.421
17281.0,2789.5935
17282.0,4095.6602
17283.0,7728.0454
17284.0,9426.096
17285.0,5471.8794
17286.0,7096.8423
17287.0,4664.572
17288.0,4937.1377
17289.0,3349.3315
17290.0,4264.2188
17291.0,6470.9907
17292.0,5688.928
17293.0,5759.6294
17294.0,5972.1304
17295.0,7516.6636
17296.0,7402.584
17297.0,6859.7656
17298.0,4180.737
17299.0,8464.809
17300.0,9405.091
17301.0,5348.2827
17302.0,8179.5513
17303.0,4688.5176
17304.0,6387.658
17305.0,3541.265
17306.0,6379.134
17307.0,5028.669
17308.0,7926.403
17309.0,6323.829
17310.0,7288.476
17311.0,8014.045
17312.0,5299.2896
17313.0,7097.0654
17314.0,17078.645
17315.0,9153.927
17316.0,4674.0806
17317.0,2736.9956
17318.0,5840.979
17319.0,7683.5796
17320.0,4631.828
17321.0,11376.638
17322.0,19396.492
17323.0,3959.533
17324.0,4290.1426
17325.0,9049.426
17326.0,4140.051
17327.0,7824.0396
17328.0,5199.415
17329.0,6322.7134
17330.0,4090.366
17331.0,5618.623
17332.0,5471.321
17333.0,5935.0767
17334.0,7732.639
17335.0,6421.023
17336.0,5269.706
17337.0,6570.4146
17338.0,4438.2305
17339.0,4855.4263
17340.0,7024.0044
17341.0,5649.405
17342.0,5262.031
17343.0,6708.5933
17344.0,5297.1465
17345.0,5290.557
17346.0,6576.07
17347.0,6097.077
17348.0,7356.7827
17349.0,6640.7725
17350.0,7049.59
17351.0,4988.785
17352.0,3789.6094
17353.0,5820.207
17354.0,6210.4756
17355.0,5389.5693
17356.0,3615.352
17357.0,7981.899
17358.0,6263.947
17359.0,8697.009
17360.0,6416.7803
17361.0,4834.86
17362.0,4967.9956
17363.0,5021.2827
17364.0,8664.512
17365.0,4966.0435
17366.0,8635.051
17367.0,13058.375
17368.0,7254.305
17369.0,5930.8716
17370.0,4460.172
17371.0,4592.269
17372.0,7953.6963
17373.0,4163.226
17374.0,4125.4917
17375.0,9704.023
17376.0,4422.3784
17377.0,13554.16
17378.0,11282.649
17379.0,4604.441
17380.0,5730.0723
17381.0,5766.3467
17382.0,5660.3384
17383.0,5638.466
17384.0,9066.938
17385.0,7205.3037
17386.0,7940.447
17387.0,4501.731
17388.0,6884.063
17389.0,5251.872
17390.0,8059.7695
17391.0,5903.1436
17392.0,6454.3286
17393.0,6461.56
17394.0,5575.0234
17395.0,9122.001
17396.0,9031.956
17397.0,5317.9136
17398.0,9106.971
17399.0,6010.189
17400.0,7588.512
17401.0,4813.2373
17402.0,4703.64
17403.0,4406.0283
17404.0,7616.168
17405.0,6071.9473
17406.0,7203.6953
17407.0,5172.2935
17408.0,8442.644
17409.0,3965.9404
17410.0,8134.838
17411.0,6640.196
17412.0,3514.0742
17413.0,13294.908
17414.0,15348.597
17415.0,6054.4126
17416.0,7276.6055
17417.0,7812.6226
17418.0,9658.299
17419.0,10143.894
17420.0,5451.182
17421.0,6849.5137
17422.0,5417.9854
17423.0,7705.531
17424.0,4408.8076
17425.0,5164.046
17426.0,5181.587
17427.0,5284.3384
17428.0,7629.619
17429.0,4296.8145
17430.0,3825.4944
17431.0,5809.43
17432.0,4162.3643
17433.0,3966.2468
17434.0,5115.73
17435.0,5774.983
17436.0,7609.459
17437.0,7401.3345
17438.0,7413.6064
17439.0,5885.3438
17440.0,5699.22
17441.0,10273.957
17442.0,6616.4873
17443.0,5238.2637
17444.0,4517.992
17445.0,10175.366
17446.0,4336.533
17447.0,7021.426
17448.0,3133.238
17449.0,4388.0684
17450.0,5928.824
17451.0,4684.6147
17452.0,4746.892
17453.0,9083.289
17454.0,8637.563
17455.0,10085.942
17456.0,5426.25
17457.0,10741.226
17458.0,3148.2788
17459.0,4800.999
17460.0,6213.9653
17461.0,3614.7417
17462.0,8156.7476
17463.0,5198.6914
17464.0,5100.0317
17465.0,8549.959
17466.0,9935.925
17467.0,7291.48
17468.0,5299.0874
17469.0,4508.168
17470.0,11995.214
17471.0,7013.9155
17472.0,5659.5176
17473.0,4664.7983
17474.0,6955.5957
17475.0,7421.2617
17476.0,4668.3374
17477.0,5454.922
17478.0,6264.8193
17479.0,7305.3955
17480.0,12154.24
17481.0,5908.67
17482.0,13988.822
17483.0,6185.504
17484.0,6070.679
17485.0,3388.9697
17486.0,5456.91
17487.0,5645.4834
17488.0,4698.757
17489.0,8167.6313
17490.0,4497.829
17491.0,4439.492
17492.0,6477.8887
17493.0,3461.443
17494.0,7478.626
17495.0,5877.5405
17496.0,7154.8037
17497.0,7987.085
17498.0,4484.506
17499.0,8131.7197
17500.0,6466.024
17501.0,4442.3643
17502.0,5058.747
17503.0,4526.831
17504.0,8997.264
17505.0,5943.3193
17506.0,4195.5786
17507.0,6368.5312
17508.0,8255.137
17509.0,6775.116
17510.0,5542.5527
17511.0,7980.4067
17512.0,6347.3906
17513.0,6069.064
17514.0,5166.9233
17515.0,8828.053
17516.0,5731.5537
17517.0,5114.393
17518.0,4592.8955
17519.0,5061.851
17520.0,3703.2021
17521.0,6149.971
17522.0,7329.81
17523.0,8495.836
17524.0,9891.645
17525.0,9619.411
17526.0,7821.137
17527.0,6975.161
17528.0,5039.098
17529.0,11315.141
17530.0,9188.688
17531.0,6927.2715
17532.0,7839.779
17533.0,8033.047
17534.0,5189.189
17535.0,3408.436
17536.0,9326.135
17537.0,5419.5205
17538.0,6530.241
17539.0,5810.921
17540.0,1958.9227
17541.0,9739.389
17542.0,5979.928
17543.0,6809.654
17544.0,5206.4326
17545.0,4918.1577
17546.0,6512.669
17547.0,6650.3564
17548.0,6787.47
17549.0,4683.931
17550.0,4502.6543
17551.0,3825.403
17552.0,2878.3342
17553.0,6551.497
17554.0,15754.964
17555.0,5444.8994
17556.0,5357.7695
17557.0,6132.0586
17558.0,5198.607
17559.0,5110.8623
17560.0,4831.4023
17561.0,4079.3699
17562.0,7189.85
17563.0,6149.062
17564.0,3799.165
17565.0,7496.766
17566.0,4701.9805
17567.0,4736.363
17568.0,8060.131
17569.0,7302.832
17570.0,8592.502
17571.0,4685.705
17572.0,6096.9023
17573.0,4605.2407
17574.0,5171.8887
17575.0,14032.679
17576.0,9256.058
17577.0,5966.721
17578.0,4236.135
17579.0,4165.3115
17580.0,5318.923
17581.0,4543.1567
17582.0,8232.319
17583.0,4578.098
17584.0,5423.6626
17585.0,6470.6016
17586.0,4521.747
17587.0,6568.209
17588.0,6192.954
17589.0,6821.6416
17590.0,6163.372
17591.0,3927.6965
17592.0,5757.817
17593.0,5908.478
17594.0,8021.8145
17595.0,8831.539
17596.0,6044.811
17597.0,3816.1018
17598.0,6915.7056
17599.0,5336.2363
17600.0,4564.476
17601.0,7414.7734
17602.0,7522.215
17603.0,6293.5376
17604.0,5068.3203
17605.0,5891.8086
17606.0,5292.864
17607.0,5364.484
17608.0,6446.773
17609.0,6774.341
17610.0,3870.5962
17611.0,7533.236
17612.0,5722.311
17613.0,4668.3906
17614.0,11279.583
17615.0,5569.246
17616.0,3697.1875
17617.0,7801.6245
17618.0,9453.935
17619.0,8819.292
17620.0,5301.0034
17621.0,5342.5107
17622.0,6200.165
17623.0,7278.785
17624.0,5728.9956
17625.0,9296.659
17626.0,2920.1775
17627.0,6107.3154
17628.0,5177.175
17629.0,4604.5596
17630.0,4361.2446
17631.0,6507.2544
17632.0,6724.686
17633.0,5117.062
17634.0,7162.369
17635.0,5916.255
17636.0,7416.492
17637.0,4806.3647
17638.0,5644.7295
17639.0,4843.7734
17640.0,6543.5596
17641.0,8937.181
17642.0,3457.2522
17643.0,7140.712
17644.0,6134.428
17645.0,7123.365
17646.0,5252.964
17647.0,3177.3499
17648.0,6472.188
17649.0,5216.245
17650.0,8106.9614
17651.0,5752.6675
17652.0,5260.129
17653.0,7854.8384
17654.0,6379.1826
17655.0,4807.497
17656.0,7427.911
17657.0,5128.7754
17658.0,7624.4683
17659.0,10407.942
17660.0,7507.7573
17661.0,4155.105
17662.0,4913.4688
17663.0,3755.1926
17664.0,3123.9946
17665.0,7706.1406
17666.0,5238.698
17667.0,8803.887
17668.0,4282.8276
17669.0,5947.113
17670.0,5708.66
17671.0,8919.885
17672.0,4886.2534
17673.0,5356.1294
17674.0,5006.4136
17675.0,6978.761
17676.0,5392.8965
17677.0,6360.5786
17678.0,7577.8804
17679.0,9176.06
17680.0,6236.4937
17681.0,6921.77
17682.0,5689.688
17683.0,4060.4436
17684.0,5082.723
17685.0,9987.078
17686.0,8276.115
17687.0,8496.362
17688.0,16585.428
17689.0,5277.87
17690.0,4461.2144
17691.0,6489.5337
17692.0,7877.917
17693.0,7223.952
17694.0,5614.685
17695.0,6528.6597
17696.0,7312.325
17697.0,6750.372
17698.0,5662.466
17699.0,5742.1855
17700.0,4302.105
17701.0,4662.441
17702.0,3797.7373
17703.0,4893.9404
17704.0,8929.946
17705.0,16267.565
17706.0,5425.7427
17707.0,4510.099
17708.0,7441.42
17709.0,3658.3052
17710.0,5812.412
17711.0,3965.9138
17712.0,7787.6255
17713.0,5460.596
17714.0,5777.3247
17715.0,11353.419
17716.0,12931.906
17717.0,5627.403
17718.0,6610.3438
17719.0,3539.225
17720.0,5111.3594
17721.0,5394.733
17722.0,7944.0605
17723.0,4435.7837
17724.0,4400.3413
17725.0,6228.0938
17726.0,5387.3745
17727.0,6278.063
17728.0,6834.8755
17729.0,4035.222
17730.0,6471.2
17731.0,7248.6406
17732.0,6131.4917
17733.0,4315.0596
17734.0,3949.8267
17735.0,7092.768
17736.0,4500.1206
17737.0,9729.853
17738.0,4069.288
17739.0,5181.488
17740.0,5852.4673
17741.0,5442.729
17742.0,4536.259
17743.0,5812.2627
17744.0,6072.538
17745.0,8695.093
17746.0,8529.913
17747.0,5804.4175
17748.0,3155.7842
17749.0,5260.5854
17750.0,6994.3813
17751.0,4607.051
17752.0,5567.982
17753.0,5798.911
17754.0,11001.404
17755.0,5586.463
17756.0,5805.3145
17757.0,6542.024
17758.0,5148.5923
17759.0,8479.289
17760.0,4966.4746
17761.0,12023.115
17762.0,5492.781
17763.0,4925.947
17764.0,4691.828
17765.0,4492.731
17766.0,6969.03
17767.0,16535.393
17768.0,4003.9302
17769.0,5152.2964
17770.0,8747.614
17771.0,7199.9863
17772.0,7233.66
17773.0,6920.4497
17774.0,5887.1406
17775.0,5688.402
17776.0,3973.4192
17777.0,8684.823
17778.0,5247.9307
17779.0,6677.5034
17780.0,7421.0986
17781.0,4351.4546
17782.0,7370.5557
17783.0,6276.9673
17784.0,3558.6272
17785.0,6964.0728
17786.0,8519.961
17787.0,4004.121
17788.0,7458.2534
17789.0,6251.973
17790.0,4991.0225
17791.0,7700.615
17792.0,5643.039
17793.0,7710.214
17794.0,4288.5923
17795.0,4075.0645
17796.0,6203.3003
17797.0,3772.6028
17798.0,6568.4976
17799.0,4348.139
17800.0,6323.3887
17801.0,4945.273
17802.0,4679.113
17803.0,6296.696
17804.0,6347.058
17805.0,6007.0425
17806.0,7776.4766
17807.0,5469.359
17808.0,8008.322
17809.0,5792.0513
17810.0,8015.268
17811.0,7878.4883
17812.0,7186.8813
17813.0,4018.2556
17814.0,5517.624
17815.0,6250.572
17816.0,4655.2373
17817.0,9189.284
17818.0,5153.6187
17819.0,6737.912
17820.0,9842.867
17821.0,6335.5474
17822.0,3572.7227
17823.0,8855.038
17824.0,9465.032
17825.0,5154.8037
17826.0,6834.9536
17827.0,9186.875
17828.0,5942.5938
17829.0,5769.5874
17830.0,6633.7705
17831.0,4742.823
17832.0,6018.1284
17833.0,7372.5176
17834.0,4753.0493
17835.0,6367.869
17836.0,7206.7676
17837.0,5582.0474
17838.0,7520.952
17839.0,5406.143
17840.0,5867.486
17841.0,3727.6326
17842.0,6940.684
17843.0,6375.904
17844.0,5929.418
17845.0,6687.7593
17846.0,5774.9277
17847.0,8241.943
17848.0,6113.9424
17849.0,4660.2974
17850.0,5145.6807
17851.0,7221.1895
17852.0,6292.9854
17853.0,4590.0884
17854.0,3926.348
17855.0,6753.663
17856.0,6909.224
17857.0,5208.693
17858.0,7708.6987
17859.0,6424.5337
17860.0,6500.0957
17861.0,5162.0117
17862.0,3619.9316
17863.0,5707.4893
17864.0,6496.8975
17865.0,6013.205
17866.0,8219.491
17867.0,7297.6025
17868.0,5026.2905
17869.0,9116.044
17870.0,3133.3755
17871.0,2926.9353
17872.0,7185.401
17873.0,11677.95
17874.0,7481.273
17875.0,6422.028
17876.0,3523.295
17877.0,6540.6826
17878.0,8124.192
17879.0,5186.4375
17880.0,7158.1074
17881.0,5048.7783
17882.0,4094.625
17883.0,5243.2627
17884.0,5543.1875
17885.0,5669.124
17886.0,4820.414
17887.0,3850.3567
17888.0,3516.1633
17889.0,6008.0913
17890.0,5929.3955
17891.0,4660.084
17892.0,5969.6245
17893.0,6341.3154
17894.0,5319.674
17895.0,5101.0825
17896.0,7199.135
17897.0,8052.823
17898.0,5567.7217
17899.0,3728.9521
17900.0,12986.165
17901.0,5265.385
17902.0,5093.8086
17903.0,7565.9707
17904.0,7456.9727
17905.0,7022.1157
17906.0,6033.06
17907.0,6574.891
17908.0,9429.575
17909.0,12119.826
17910.0,4693.784
17911.0,4172.7803
17912.0,4854.977
17913.0,6095.2104
17914.0,5941.868
17915.0,7415.346
17916.0,9185.402
17917.0,5344.4224
17918.0,3896.7664
17919.0,5795.113
17920.0,7897.96
17921.0,4582.3057
17922.0,6125.8623
17923.0,4022.1863
17924.0,6983.409
17925.0,6553.8594
17926.0,6621.62
17927.0,7513.3164
17928.0,5313.791
17929.0,3782.1228
17930.0,6583.5635
17931.0,7412.3833
17932.0,7810.544
17933.0,6994.195
17934.0,6577.256
17935.0,5272.5566
17936.0,3906.2864
17937.0,9755.118
17938.0,4383.7466
17939.0,11614.681
17940.0,5330.2744
17941.0,4075.7175
17942.0,6090.079
17943.0,5947.68
17944.0,6177.326
17945.0,7446.319
17946.0,4287.7085
17947.0,4843.413
17948.0,5631.774
17949.0,7294.3457
17950.0,9462.026
17951.0,4551.5024
17952.0,5388.7417
17953.0,4845.562
17954.0,6624.501
17955.0,5062.131
17956.0,10178.316
17957.0,7518.693
17958.0,12463.1
17959.0,4083.6292
17960.0,6220.6846
17961.0,8061.0615
17962.0,7838.1567
17963.0,5311.739
17964.0,8914.229
17965.0,6232.569
17966.0,4762.08
17967.0,5052.0156
17968.0,4686.1836
17969.0,4440.2544
17970.0,5254.708
17971.0,4860.2637
17972.0,4580.6143
17973.0,7622.2725
17974.0,5838.4834
17975.0,21869.504
17976.0,6390.193
17977.0,3419.806
17978.0,5125.083
17979.0,7860.0767
17980.0,4889.68
17981.0,4894.0103
17982.0,4239.834
17983.0,6764.5522
17984.0,5520.53
17985.0,3361.0686
17986.0,4450.724
17987.0,5033.8037
17988.0,5959.5146
17989.0,5780.3066
17990.0,7300.5615
17991.0,3672.445
17992.0,3609.9724
17993.0,4314.0225
17994.0,7058.269
17995.0,8489.25
17996.0,7130.285
17997.0,5580.876
17998.0,4047.7437
17999.0,4863.8257
18000.0,3095.373
18001.0,6712.1455
18002.0,6808.394
18003.0,7751.802
18004.0,4004.148
18005.0,3533.2002
18006.0,3700.7795
18007.0,4735.807
18008.0,8949.353
18009.0,5168.121
18010.0,3818.203
18011.0,3425.5818
18012.0,7063.7983
18013.0,2826.3992
18014.0,5462.946
18015.0,2758.0974
18016.0,5123.514
18017.0,5131.6084
18018.0,4441.4575
18019.0,6274.5967
18020.0,5000.906
18021.0,3921.9683
18022.0,5262.5127
18023.0,5273.4873
18024.0,8557.473
18025.0,4606.1104
18026.0,6070.552
18027.0,7727.9277
18028.0,6883.354
18029.0,4639.752
18030.0,4971.9253
18031.0,3110.1138
18032.0,3922.1926
18033.0,4797.625
18034.0,5310.6646
18035.0,6418.2495
18036.0,5626.4155
18037.0,3944.9202
18038.0,5442.8794
18039.0,5252.864
18040.0,6868.0405
18041.0,3010.3975
18042.0,11206.814
18043.0,3382.139
18044.0,4613.9424
18045.0,6638.7837
18046.0,4067.697
18047.0,4170.5356
18048.0,4798.1973
18049.0,5629.164
18050.0,3991.186
18051.0,4288.367
18052.0,6110.0015
18053.0,5829.1353
18054.0,6222.079
18055.0,3647.266
18056.0,5583.3945
18057.0,8819.695
18058.0,5217.584
18059.0,5198.5923
18060.0,4842.36
18061.0,5079.069
18062.0,4534.299
18063.0,5312.0933
18064.0,3350.1658
18065.0,5589.155
18066.0,4270.9966
18067.0,4855.1157
18068.0,7568.93
18069.0,3579.443
18070.0,3917.7466
18071.0,2817.526
18072.0,5496.4077
18073.0,7405.2676
18074.0,4058.0042
18075.0,3750.2454
18076.0,4764.62
18077.0,4066.5254
18078.0,4139.2217
18079.0,6081.1807
18080.0,4873.146
18081.0,5939.8735
18082.0,4022.973
18083.0,3795.3
18084.0,4658.773
18085.0,6531.8735
18086.0,5486.6753
18087.0,5971.572
18088.0,6286.056
18089.0,4332.4316
18090.0,7423.7676
18091.0,4144.421
18092.0,4509.725
18093.0,6606.8955
18094.0,4753.8477
18095.0,7474.9106
18096.0,6350.8247
18097.0,5444.1567
18098.0,4478.7686
18099.0,5748.9375
18100.0,5365.7324
18101.0,3639.5503
18102.0,3083.5134
18103.0,4948.104
18104.0,5737.034
18105.0,4431.411
18106.0,3517.1697
18107.0,6383.723
18108.0,4875.8613
18109.0,5004.299
18110.0,4266.143
18111.0,4182.8867
18112.0,5360.525
18113.0,5473.247
18114.0,4539.3667
18115.0,4227.1416
18116.0,3775.717
18117.0,5059.978
18118.0,3028.8423
18119.0,5276.31
18120.0,3459.3271
18121.0,6356.655
18122.0,5835.2153
18123.0,4519.2163
18124.0,7792.864
18125.0,3640.342
18126.0,3535.766
18127.0,7985.2036
18128.0,4962.5347
18129.0,5871.9873
18130.0,5866.8145
18131.0,4360.1094
18132.0,4568.6055
18133.0,4730.1367
18134.0,6448.169
18135.0,7907.208
18136.0,4993.127
18137.0,2334.3022
18138.0,3467.1272
18139.0,6630.9365
18140.0,6754.7715
18141.0,4139.4033
18142.0,5195.469
18143.0,3707.327
18144.0,4537.9033
18145.0,2195.867
18146.0,3713.8506
18147.0,5329.3335
18148.0,4939.8228
18149.0,4881.9297
18150.0,3478.424
18151.0,6433.192
18152.0,6063.0293
18153.0,5962.2383
18154.0,3304.5378
18155.0,7144.7246
18156.0,7224.276
18157.0,4204.0234
18158.0,5793.311
18159.0,3832.182
18160.0,5235.9556
18161.0,2692.3665
18162.0,5122.156
18163.0,3820.3816
18164.0,6873.4277
18165.0,5089.195
18166.0,6157.1787
18167.0,6664.0337
18168.0,4642.9307
18169.0,5606.0215
18170.0,15444.897
18171.0,7454.029
18172.0,3811.2344
18173.0,2275.7363
18174.0,4813.8022
18175.0,6997.5376
18176.0,3581.5881
18177.0,10857.077
18178.0,15730.07
18179.0,2765.9236
18180.0,3627.8516
18181.0,7756.5503
18182.0,3605.354
18183.0,6538.5806
18184.0,4400.929
18185.0,5520.1245
18186.0,3133.3635
18187.0,4967.0337
18188.0,4852.5786
18189.0,5261.002
18190.0,5787.059
18191.0,5076.0176
18192.0,4411.512
18193.0,5254.4375
18194.0,3508.5205
18195.0,3819.7693
18196.0,5997.47
18197.0,4587.698
18198.0,4135.3223
18199.0,5215.7427
18200.0,4476.7227
18201.0,4544.856
18202.0,5476.96
18203.0,5188.9116
18204.0,5888.4097
18205.0,5867.167
18206.0,5737.915
18207.0,4271.3306
18208.0,2733.2615
18209.0,4522.269
18210.0,5302.0044
18211.0,4554.065
18212.0,3254.6
18213.0,6212.318
18214.0,4876.4336
18215.0,7488.076
18216.0,5697.6226
18217.0,4188.3486
18218.0,4016.1172
18219.0,4634.44
18220.0,6921.0967
18221.0,3762.633
18222.0,6973.1655
18223.0,12193.566
18224.0,5748.8774
18225.0,6840.2363
18226.0,3782.5269
18227.0,3741.0195
18228.0,5682.7183
18229.0,3428.8872
18230.0,4175.424
18231.0,8538.403
18232.0,3599.1926
18233.0,11776.006
18234.0,9715.785
18235.0,3381.3455
18236.0,5089.894
18237.0,4922.7764
18238.0,5077.2817
18239.0,4604.169
18240.0,8121.24
18241.0,5794.0127
18242.0,7402.9014
18243.0,3951.304
18244.0,6007.9194
18245.0,3961.8228
18246.0,7225.9575
18247.0,4810.5293
18248.0,5006.39
18249.0,5096.19
18250.0,4905.363
18251.0,7213.5757
18252.0,8053.307
18253.0,4315.0884
18254.0,7282.7085
18255.0,5258.218
18256.0,7301.5713
18257.0,3999.01
18258.0,3697.304
18259.0,3697.3462
18260.0,6329.308
18261.0,5070.927
18262.0,5939.528
18263.0,4373.017
18264.0,7500.9434
18265.0,3487.8806
18266.0,7844.8804
18267.0,5713.0015
18268.0,2956.9968
18269.0,10267.11
18270.0,13632.31
18271.0,4854.8564
18272.0,5663.4385
18273.0,6173.244
18274.0,7825.032
18275.0,9211.283
18276.0,4116.8394
18277.0,5612.618
18278.0,4343.5586
18279.0,5954.986
18280.0,3607.7417
18281.0,4483.06
18282.0,4284.965
18283.0,4316.3276
18284.0,6242.9453
18285.0,3766.1594
18286.0,3254.5723
18287.0,4455.1797
18288.0,3033.0437
18289.0,3229.8657
18290.0,4342.61
18291.0,4588.9634
18292.0,6688.1357
18293.0,6341.4785
18294.0,6421.7583
18295.0,4934.925
18296.0,4937.929
18297.0,8982.189
18298.0,6055.331
18299.0,3761.0325
18300.0,3871.368
18301.0,7914.263
18302.0,3651.7014
18303.0,5608.872
18304.0,2771.682
18305.0,3623.9707
18306.0,5330.1064
18307.0,3997.2783
18308.0,3897.1045
18309.0,7488.4834
18310.0,7915.841
18311.0,8935.757
18312.0,4890.879
18313.0,8484.037
18314.0,2725.5278
18315.0,3695.8157
18316.0,4756.587
18317.0,3039.9148
18318.0,6618.4443
18319.0,3846.7185
18320.0,4407.033
18321.0,7176.9214
18322.0,9085.411
18323.0,7025.271
18324.0,4168.889
18325.0,3877.3403
18326.0,10241.398
18327.0,5672.6235
18328.0,4868.365
18329.0,3980.0388
18330.0,5319.593
18331.0,6915.514
18332.0,3575.1946
18333.0,4795.2188
18334.0,5359.569
18335.0,5837.804
18336.0,11725.773
18337.0,4737.325
18338.0,11958.523
18339.0,4945.6265
18340.0,5042.3916
18341.0,2795.0264
18342.0,4510.3877
18343.0,4375.5166
18344.0,3972.0928
18345.0,6418.7944
18346.0,3768.3801
18347.0,3498.868
18348.0,5152.665
18349.0,2952.467
18350.0,6297.1104
18351.0,5092.6133
18352.0,5733.872
18353.0,6478.6177
18354.0,3667.9775
18355.0,6956.007
18356.0,5426.6074
18357.0,3663.1033
18358.0,4226.8716
18359.0,4010.1492
18360.0,7285.884
18361.0,5009.1987
18362.0,3454.7466
18363.0,4945.334
18364.0,7015.903
18365.0,5269.3643
18366.0,4645.425
18367.0,6586.233
18368.0,5345.2534
18369.0,4992.5176
18370.0,4542.858
18371.0,6936.654
18372.0,5149.668
18373.0,4773.063
18374.0,3551.407
18375.0,4085.067
18376.0,3330.2917
18377.0,4574.423
18378.0,6119.794
18379.0,8261.391
18380.0,7718.9844
18381.0,8213.613
18382.0,6550.716
18383.0,6593.4863
18384.0,4706.342
18385.0,9360.149
18386.0,8212.524
18387.0,5507.145
18388.0,6116.456
18389.0,6054.8745
18390.0,4430.942
18391.0,3107.6313
18392.0,7832.634
18393.0,4592.0635
18394.0,4910.236
18395.0,4849.497
18396.0,1786.1101
18397.0,8378.309
18398.0,5119.0347
18399.0,5475.226
18400.0,4125.063
18401.0,4080.806
18402.0,5415.4175
18403.0,5785.3755
18404.0,5093.653
18405.0,4347.795
18406.0,3530.8955
18407.0,3058.1846
18408.0,2358.4895
18409.0,5288.8213
18410.0,14194.244
18411.0,4311.303
18412.0,4643.6084
18413.0,4873.3643
18414.0,4188.944
18415.0,4147.3867
18416.0,3814.0276
18417.0,3234.8765
18418.0,5486.3877
18419.0,5138.7256
18420.0,3084.0723
18421.0,6299.285
18422.0,4087.971
18423.0,3992.557
18424.0,6432.149
18425.0,6364.669
18426.0,7750.0796
18427.0,4035.5566
18428.0,5235.8257
18429.0,3660.7349
18430.0,4324.8916
18431.0,12071.558
18432.0,7617.585
18433.0,5050.2183
18434.0,3699.3994
18435.0,3748.1423
18436.0,4630.5513
18437.0,4257.691
18438.0,8635.001
18439.0,4159.5303
18440.0,4447.0576
18441.0,5692.4346
18442.0,3666.2773
18443.0,5105.473
18444.0,5135.8784
18445.0,5651.0166
18446.0,4980.7925
18447.0,3138.2217
18448.0,4477.2095
18449.0,4916.6567
18450.0,6548.598
18451.0,7480.702
18452.0,5196.703
18453.0,3161.4915
18454.0,5851.842
18455.0,4431.1914
18456.0,3598.966
18457.0,5701.031
18458.0,6295.999
18459.0,4845.8994
18460.0,4447.1934
18461.0,4796.865
18462.0,4874.9824
18463.0,4369.698
18464.0,5425.7637
18465.0,5356.0576
18466.0,3335.6272
18467.0,6768.2695
18468.0,4531.605
18469.0,3758.4753
18470.0,9231.618
18471.0,4767.6616
18472.0,3048.7087
18473.0,6451.947
18474.0,7245.696
18475.0,7093.736
18476.0,4587.3003
18477.0,4557.889
18478.0,4858.1597
18479.0,5638.7134
18480.0,4801.37
18481.0,6947.6255
18482.0,2799.3123
18483.0,4439.564
18484.0,4599.8623
18485.0,4239.988
18486.0,3532.2837
18487.0,5410.234
18488.0,5306.715
18489.0,4379.354
18490.0,6016.8774
18491.0,5003.3916
18492.0,6217.1196
18493.0,3791.9382
18494.0,4604.7134
18495.0,4044.9143
18496.0,5408.2114
18497.0,6492.4185
18498.0,3422.299
18499.0,6434.198
18500.0,4921.5933
18501.0,5170.0933
18502.0,4107.844
18503.0,3069.4404
18504.0,5130.106
18505.0,4475.4033
18506.0,6582.446
18507.0,4749.46
18508.0,4311.3525
18509.0,6399.269
18510.0,4953.6055
18511.0,3995.3572
18512.0,5937.7266
18513.0,4063.6985
18514.0,6316.571
18515.0,7559.299
18516.0,6172.626
18517.0,3658.148
18518.0,3935.5386
18519.0,3088.518
18520.0,2531.2598
18521.0,6011.6797
18522.0,4049.3037
18523.0,6418.066
18524.0,3157.576
18525.0,4963.6567
18526.0,4680.4116
18527.0,7570.959
18528.0,3885.8826
18529.0,3730.4534
18530.0,4378.7524
18531.0,5924.5337
18532.0,4534.6104
18533.0,5614.728
18534.0,6462.83
18535.0,7663.7886
18536.0,5040.117
18537.0,5843.035
18538.0,4808.9556
18539.0,3349.699
18540.0,4087.7175
18541.0,8550.008
18542.0,7068.9004
18543.0,7927.824
18544.0,14195.964
18545.0,4281.639
18546.0,3936.5598
18547.0,4535.6094
18548.0,6590.814
18549.0,5835.7666
18550.0,4701.3657
18551.0,5707.783
18552.0,6115.173
18553.0,5369.8135
18554.0,4732.7134
18555.0,4333.473
18556.0,3537.1965
18557.0,3751.6443
18558.0,3149.781
18559.0,3852.168
18560.0,6938.95
18561.0,12798.263
18562.0,4728.0884
18563.0,4227.722
18564.0,5446.4683
18565.0,2969.3503
18566.0,5184.1724
18567.0,3230.8208
18568.0,7369.9653
18569.0,4706.544
18570.0,5046.5103
18571.0,9899.195
18572.0,10202.1
18573.0,4789.5273
18574.0,5702.342
18575.0,3005.6882
18576.0,4251.486
18577.0,4744.6963
18578.0,6728.5933
18579.0,3542.0115
18580.0,3421.457
18581.0,5075.9644
18582.0,4777.472
18583.0,4776.5884
18584.0,5159.989
18585.0,3577.7363
18586.0,5336.16
18587.0,5960.885
18588.0,5000.9014
18589.0,3319.492
18590.0,3022.8296
18591.0,6231.463
18592.0,3234.2964
18593.0,7978.2983
18594.0,3365.6343
18595.0,3817.4563
18596.0,4954.674
18597.0,4663.1167
18598.0,3661.6533
18599.0,4311.011
18600.0,4785.714
18601.0,6766.669
18602.0,6595.927
18603.0,4874.0337
18604.0,3090.4163
18605.0,4526.05
18606.0,5939.4146
18607.0,3761.4846
18608.0,4437.7944
18609.0,4937.679
18610.0,9081.608
18611.0,4529.9067
18612.0,4950.9272
18613.0,5854.3433
18614.0,3983.9246
18615.0,7389.1597
18616.0,4143.1245
18617.0,10342.474
18618.0,4278.769
18619.0,3768.204
18620.0,651.46075
18621.0,3504.9111
18622.0,5701.651
18623.0,12986.81
18624.0,3192.7456
18625.0,3793.4758
18626.0,7333.7124
18627.0,5564.7964
18628.0,6487.9985
18629.0,5924.1665
18630.0,4762.989
18631.0,4495.5474
18632.0,3628.6855
18633.0,7260.2925
18634.0,4054.781
18635.0,5638.143
18636.0,6336.799
18637.0,3316.219
18638.0,6769.638
18639.0,5185.102
18640.0,3028.6313
18641.0,6531.207
18642.0,7237.3037
18643.0,3510.4556
18644.0,5881.259
18645.0,4587.37
18646.0,4296.548
18647.0,6652.9893
18648.0,4809.263
18649.0,6162.655
18650.0,3378.8271
18651.0,3253.6099
18652.0,5689.3784
18653.0,2716.2947
18654.0,5798.3804
18655.0,3262.418
18656.0,4984.5947
18657.0,4028.0762
18658.0,4293.1475
18659.0,5286.849
18660.0,5361.062
18661.0,4599.9546
18662.0,6023.538
18663.0,4225.7827
18664.0,5902.22
18665.0,5260.3096
18666.0,5951.5503
18667.0,6793.4873
18668.0,6320.874
18669.0,2835.5806
18670.0,4744.217
18671.0,5458.909
18672.0,3874.926
18673.0,7562.147
18674.0,4338.7217
18675.0,5406.793
18676.0,8342.307
18677.0,5254.237
18678.0,2898.3003
18679.0,7311.8716
18680.0,8289.79
18681.0,4637.221
18682.0,5663.8594
18683.0,8378.6045
18684.0,4422.113
18685.0,4706.3237
18686.0,5174.3955
18687.0,3944.0623
18688.0,4768.33
18689.0,5606.16
18690.0,3815.7961
18691.0,4910.653
18692.0,5655.8643
18693.0,4404.5703
18694.0,5745.873
18695.0,4781.452
18696.0,4636.845
18697.0,3607.986
18698.0,5803.3545
18699.0,5395.6133
18700.0,5428.45
18701.0,5169.6
18702.0,4680.242
18703.0,6826.087
18704.0,4525.32
18705.0,3897.4316
18706.0,4551.025
18707.0,6131.082
18708.0,5466.2144
18709.0,4134.857
18710.0,3049.052
18711.0,5525.029
18712.0,6040.7935
18713.0,4255.0234
18714.0,5973.999
18715.0,5161.3423
18716.0,5131.633
18717.0,3980.9387
18718.0,2959.688
18719.0,4539.31
18720.0,5252.082
18721.0,4601.657
18722.0,6896.4976
18723.0,6462.9595
18724.0,3760.6306
18725.0,8243.877
18726.0,3015.3381
18727.0,2749.4226
18728.0,5516.808
18729.0,8944.898
18730.0,6438.563
18731.0,5294.5854
18732.0,2867.9458
18733.0,5061.5273
18734.0,6662.299
18735.0,4111.1924
18736.0,5913.5244
18737.0,3914.1233
18738.0,3924.7227
18739.0,4093.0122
18740.0,4300.037
18741.0,4561.869
18742.0,3674.7053
18743.0,3518.5588
18744.0,2814.0632
18745.0,5057.3867
18746.0,4343.7617
18747.0,3585.1807
18748.0,4748.599
18749.0,5431.4854
18750.0,4694.277
18751.0,4495.899
18752.0,6110.5435
18753.0,6824.4595
18754.0,4598.941
18755.0,2991.08
18756.0,10083.037
18757.0,4569.268
18758.0,3989.4692
18759.0,6264.4067
18760.0,6192.263
18761.0,5743.588
18762.0,4967.199
18763.0,5729.9136
18764.0,6176.5425
18765.0,9613.908
18766.0,3616.1006
18767.0,3484.984
18768.0,4204.132
18769.0,5165.6226
18770.0,4446.557
18771.0,6269.93
18772.0,7226.102
18773.0,4384.901
18774.0,3084.9934
18775.0,4907.9087
18776.0,7615.725
18777.0,3474.7527
18778.0,5146.4517
18779.0,3355.5679
18780.0,5702.015
18781.0,5580.009
18782.0,5699.6226
18783.0,6123.157
18784.0,4650.1465
18785.0,3183.1445
18786.0,5412.211
18787.0,6226.3833
18788.0,6512.669
18789.0,5841.04
18790.0,5663.1787
18791.0,4497.5415
18792.0,3333.111
18793.0,7578.8774
18794.0,3626.0767
18795.0,9152.015
18796.0,4386.6875
18797.0,3219.2744
18798.0,5145.887
18799.0,5024.7134
18800.0,5466.0996
18801.0,6063.1504
18802.0,3361.6907
18803.0,3669.5945
18804.0,5365.7017
18805.0,6004.047
18806.0,7549.312
18807.0,3824.159
18808.0,4768.867
18809.0,4293.4263
18810.0,5337.779
18811.0,4185.972
18812.0,7938.5234
18813.0,6536.136
18814.0,9774.993
18815.0,3109.8438
18816.0,4563.1226
18817.0,7273.9478
18818.0,7625.792
18819.0,4041.501
18820.0,7516.3267
18821.0,4805.943
18822.0,3815.1445
18823.0,4101.384
18824.0,3619.7417
18825.0,4184.978
18826.0,4218.7144
18827.0,4258.284
18828.0,3694.494
18829.0,6201.271
18830.0,5987.525
18831.0,17212.322
18832.0,5081.9424
18833.0,3627.1907
18834.0,4834.892
18835.0,7471.461
18836.0,4358.816
18837.0,4912.302
18838.0,4110.4785
18839.0,6971.0576
18840.0,5360.9546
18841.0,3314.1729
18842.0,4407.403
18843.0,4669.081
18844.0,5842.0264
18845.0,5400.3965
18846.0,6643.788
18847.0,3377.9119
18848.0,3627.0938
18849.0,4130.1577
18850.0,7106.081
18851.0,8515.387
18852.0,6683.3145
18853.0,5404.7456
18854.0,3609.3494
18855.0,4691.537
18856.0,3024.1245
18857.0,6503.891
18858.0,7006.4067
18859.0,7571.58
18860.0,3779.692
18861.0,3366.4885
18862.0,3451.8147
18863.0,4677.966
18864.0,8865.331
18865.0,4933.16
18866.0,3489.8643
18867.0,3254.2866
18868.0,6506.839
18869.0,2771.7585
18870.0,5255.851
18871.0,2676.6477
18872.0,4620.703
18873.0,4793.106
18874.0,4365.503
18875.0,5859.371
18876.0,4947.1553
18877.0,3942.554
18878.0,5127.4595
18879.0,4889.349
18880.0,8346.127
18881.0,4227.4644
18882.0,5968.258
18883.0,7478.8047
18884.0,6577.626
18885.0,4448.1436
18886.0,4834.1914
18887.0,3048.9065
18888.0,3885.7231
18889.0,4595.7
18890.0,5204.422
18891.0,6328.5293
18892.0,3543.8062
18893.0,3873.2185
18894.0,4871.673
18895.0,4972.205
18896.0,6253.41
18897.0,2979.3723
18898.0,11529.795
18899.0,3344.737
18900.0,4476.8
18901.0,6235.078
18902.0,3952.2764
18903.0,3913.8357
18904.0,4529.4443
18905.0,5245.1885
18906.0,3806.518
18907.0,3950.8855
18908.0,5845.9507
18909.0,5645.0474
18910.0,6646.678
18911.0,3637.617
18912.0,5476.9966
18913.0,8586.087
18914.0,5134.5806
18915.0,5408.077
18916.0,4590.526
18917.0,4993.846
18918.0,4574.27
18919.0,5258.699
18920.0,3198.3152
18921.0,5391.24
18922.0,4527.3794
18923.0,4711.516
18924.0,7793.0347
18925.0,3589.6604
18926.0,3818.396
18927.0,2744.721
18928.0,5366.326
18929.0,6993.9346
18930.0,4035.1448
18931.0,3721.8977
18932.0,4754.9766
18933.0,3964.7942
18934.0,4329.1514
18935.0,5969.021
18936.0,4762.83
18937.0,5415.185
18938.0,3851.411
18939.0,3814.8135
18940.0,4632.0312
18941.0,6348.505
18942.0,5391.806
18943.0,5954.645
18944.0,6060.6123
18945.0,4124.0796
18946.0,6806.102
18947.0,4209.3164
18948.0,4748.812
18949.0,6459.428
18950.0,4620.0684
18951.0,7227.77
18952.0,6591.2227
18953.0,5288.4077
18954.0,4121.574
18955.0,5598.3
18956.0,5129.529
18957.0,3522.5925
18958.0,3010.1934
18959.0,4601.7715
18960.0,5763.405
18961.0,4310.345
18962.0,3440.1218
18963.0,6186.849
18964.0,4673.1177
18965.0,4906.1396
18966.0,3967.7378
18967.0,4056.1814
18968.0,5160.043
18969.0,5140.2256
18970.0,4194.218
18971.0,4113.609
18972.0,3865.4526
18973.0,4989.0806
18974.0,2929.1504
18975.0,5137.0938
18976.0,3356.3618
18977.0,6369.467
18978.0,5846.4355
18979.0,4853.2686
18980.0,7784.818
18981.0,3909.7944
18982.0,3590.479
18983.0,7678.971
18984.0,4628.626
18985.0,5588.8667
18986.0,5920.873
18987.0,3740.0955
18988.0,4528.8784
18989.0,4753.9834
18990.0,5805.137
18991.0,7885.608
18992.0,4961.7017
18993.0,2218.1675
18994.0,3574.0488
18995.0,6830.496
18996.0,6792.243
18997.0,4179.652
18998.0,5171.346
18999.0,3454.1433
19000.0,4241.638
19001.0,2849.2542
19002.0,3692.9084
19003.0,5038.7617
19004.0,4924.1333
19005.0,4714.3125
19006.0,4325.2466
19007.0,5873.438
19008.0,5693.993
19009.0,5613.4966
19010.0,3306.8586
19011.0,6988.86
19012.0,6970.9575
19013.0,3977.3022
19014.0,5671.834
19015.0,3633.8262
19016.0,5146.908
19017.0,2384.5613
19018.0,4942.1416
19019.0,3474.8223
19020.0,6765.546
19021.0,4995.671
19022.0,6095.298
19023.0,6470.0835
19024.0,4401.5547
19025.0,5455.6504
19026.0,14704.388
19027.0,7246.5527
19028.0,3706.8672
19029.0,2248.9414
19030.0,4955.468
19031.0,6617.8257
19032.0,3244.6025
19033.0,11115.194
19034.0,15727.505
19035.0,2950.6636
19036.0,3727.028
19037.0,6702.325
19038.0,3577.5007
19039.0,6463.033
19040.0,4183.0146
19041.0,5443.1753
19042.0,3179.1174
19043.0,5137.314
19044.0,4747.5303
19045.0,5750.232
19046.0,5760.7007
19047.0,4961.143
19048.0,4225.6177
19049.0,5353.126
19050.0,3507.2222
19051.0,3706.054
19052.0,5753.699
19053.0,4163.119
19054.0,4024.232
19055.0,5039.0356
19056.0,4338.1963
19057.0,4877.3965
19058.0,5409.207
19059.0,5008.2524
19060.0,5799.127
19061.0,5590.3115
19062.0,5269.786
19063.0,4233.9697
19064.0,2629.9346
19065.0,4503.419
19066.0,5046.4863
19067.0,4171.3794
19068.0,3242.3687
19069.0,5895.2266
19070.0,4681.5366
19071.0,7293.49
19072.0,5423.6626
19073.0,3933.0542
19074.0,3843.0837
19075.0,4397.2617
19076.0,6529.1577
19077.0,3632.0034
19078.0,6463.329
19079.0,11600.599
19080.0,5589.7197
19081.0,5502.587
19082.0,3448.7075
19083.0,3602.9233
19084.0,5254.1816
19085.0,3122.2249
19086.0,4013.3523
19087.0,7279.493
19088.0,3452.371
19089.0,11447.45
19090.0,8877.804
19091.0,3379.8523
19092.0,4951.456
19093.0,4762.7524
19094.0,4990.451
19095.0,4344.0186
19096.0,7695.769
19097.0,5132.7686
19098.0,6511.315
19099.0,3816.677
19100.0,5762.6406
19101.0,3779.4575
19102.0,7309.257
19103.0,4471.6826
19104.0,5125.802
19105.0,4904.74
19106.0,4972.884
19107.0,6900.2676
19108.0,7466.004
19109.0,4112.145
19110.0,6844.087
19111.0,4880.789
19112.0,6772.015
19113.0,3855.7744
19114.0,3777.3562
19115.0,3600.209
19116.0,6095.914
19117.0,4951.815
19118.0,5282.4185
19119.0,2890.1648
19120.0,7164.2617
19121.0,3471.092
19122.0,6570.803
19123.0,5368.415
19124.0,2738.5195
19125.0,10356.797
19126.0,12799.715
19127.0,4644.4546
19128.0,5506.714
19129.0,5911.3193
19130.0,7483.714
19131.0,7855.992
19132.0,3923.36
19133.0,5499.874
19134.0,4177.5674
19135.0,5547.456
19136.0,3505.4995
19137.0,4224.8076
19138.0,4004.1172
19139.0,4204.408
19140.0,5996.5435
19141.0,3655.863
19142.0,3048.9707
19143.0,4547.7964
19144.0,2968.24
19145.0,3365.4802
19146.0,4195.178
19147.0,4771.297
19148.0,6451.196
19149.0,6275.878
19150.0,6284.7554
19151.0,4684.5166
19152.0,4672.5293
19153.0,7563.366
19154.0,5944.9067
19155.0,3635.1367
19156.0,3772.6785
19157.0,7468.6323
19158.0,3549.9304
19159.0,5408.841
19160.0,2642.2249
19161.0,3790.8748
19162.0,5109.0054
19163.0,4049.8677
19164.0,4158.971
19165.0,7351.515
19166.0,7193.9937
19167.0,8715.926
19168.0,4750.38
19169.0,7855.7524
19170.0,2648.2944
19171.0,3681.463
19172.0,4352.1562
19173.0,2791.9297
19174.0,6427.126
19175.0,3752.26
19176.0,4372.9546
19177.0,7063.266
19178.0,8474.405
19179.0,6174.687
19180.0,4082.749
19181.0,3473.7021
19182.0,11062.885
19183.0,5781.012
19184.0,4628.97
19185.0,3998.6667
19186.0,5029.8633
19187.0,6448.6733
19188.0,3479.38
19189.0,4769.8726
19190.0,5333.8496
19191.0,5821.906
19192.0,11057.462
19193.0,4520.932
19194.0,11221.243
19195.0,4758.239
19196.0,4443.996
19197.0,2549.6592
19198.0,4322.784
19199.0,4088.326
19200.0,3745.9084
19201.0,6098.118
19202.0,3659.174
19203.0,3326.1611
19204.0,4949.44
19205.0,2903.7053
19206.0,5998.975
19207.0,4862.6196
19208.0,5711.8843
19209.0,6223.7056
19210.0,3482.744
19211.0,6813.74
19212.0,5655.233
19213.0,3510.7168
19214.0,4561.8516
19215.0,3981.1438
19216.0,6958.4688
19217.0,4896.149
19218.0,3367.812
19219.0,5029.4316
19220.0,6584.97
19221.0,5049.029
19222.0,4529.807
19223.0,6754.1465
19224.0,4488.396
19225.0,4918.402
19226.0,4512.733
19227.0,6611.876
19228.0,4534.0264
19229.0,4380.545
19230.0,3417.5
19231.0,3938.919
19232.0,3217.4753
19233.0,3866.1755
19234.0,5832.75
19235.0,7749.0
19236.0,7903.6343
19237.0,7157.821
19238.0,6239.4683
19239.0,6298.1377
19240.0,4041.1
19241.0,9418.385
19242.0,8160.584
19243.0,5345.442
19244.0,6280.279
19245.0,6254.9614
19246.0,4320.047
19247.0,3204.414
19248.0,7908.174
19249.0,4917.243
19250.0,4729.9424
19251.0,4904.8013
19252.0,1833.8344
19253.0,8336.794
19254.0,3156.1816
19255.0,3617.0632
19256.0,3679.4863
19257.0,3904.5132
19258.0,5262.6084
19259.0,5569.985
19260.0,4849.159
19261.0,3825.166
19262.0,3407.0967
19263.0,3157.8352
19264.0,2239.4998
19265.0,4970.527
19266.0,13689.363
19267.0,3987.4338
19268.0,4603.98
19269.0,4861.5527
19270.0,3943.2761
19271.0,3936.545
19272.0,3700.7654
19273.0,3071.5671
19274.0,4898.1714
19275.0,4865.1387
19276.0,3029.01
19277.0,6090.9795
19278.0,4000.2231
19279.0,3772.1782
19280.0,6546.7993
19281.0,5992.3013
19282.0,7626.3594
19283.0,3967.1929
19284.0,4956.3564
19285.0,3412.7046
19286.0,4132.227
19287.0,11711.937
19288.0,7258.5894
19289.0,4750.62
19290.0,3536.0393
19291.0,3573.8782
19292.0,4362.784
19293.0,3590.8113
19294.0,7150.3486
19295.0,3950.1055
19296.0,4413.672
19297.0,5153.604
19298.0,3454.552
19299.0,4894.6265
19300.0,4989.009
19301.0,5476.1504
19302.0,4723.378
19303.0,2976.1821
19304.0,4381.6816
19305.0,4615.1924
19306.0,6331.4277
19307.0,6862.5205
19308.0,5055.3467
19309.0,3164.992
19310.0,5913.6035
19311.0,4203.6343
19312.0,3630.0671
19313.0,5404.6064
19314.0,6166.071
19315.0,4630.335
19316.0,4235.04
19317.0,4715.2705
19318.0,5109.5073
19319.0,4203.919
19320.0,5076.826
19321.0,5329.771
19322.0,3338.8203
19323.0,6483.996
19324.0,4319.841
19325.0,3573.3875
19326.0,9049.486
19327.0,4324.7637
19328.0,3016.204
19329.0,6087.2046
19330.0,6631.4805
19331.0,6833.2
19332.0,4404.4653
19333.0,4429.3994
19334.0,4789.861
19335.0,5587.8276
19336.0,4714.618
19337.0,6648.0034
19338.0,2697.5962
19339.0,4533.265
19340.0,4458.347
19341.0,4235.8887
19342.0,3433.9182
19343.0,5322.582
19344.0,5163.952
19345.0,4345.672
19346.0,5861.635
19347.0,4708.9775
19348.0,6111.925
19349.0,3737.1638
19350.0,4560.955
19351.0,3982.857
19352.0,5382.8135
19353.0,6156.597
19354.0,2656.0571
19355.0,6485.5483
19356.0,4775.226
19357.0,4958.4746
19358.0,4040.6067
19359.0,3068.7993
19360.0,5079.408
19361.0,4282.5825
19362.0,6365.106
19363.0,4587.602
19364.0,4154.542
19365.0,6040.4707
19366.0,4751.7847
19367.0,3820.3196
19368.0,5783.577
19369.0,4040.3984
19370.0,5773.551
19371.0,7148.937
19372.0,6236.5767
19373.0,3489.8442
19374.0,3850.173
19375.0,2926.9326
19376.0,2512.5361
19377.0,5678.9253
19378.0,3924.6965
19379.0,6009.341
19380.0,2922.6733
19381.0,4837.7847
19382.0,4606.8926
19383.0,7539.123
19384.0,4119.8643
19385.0,3763.936
19386.0,4103.642
19387.0,5823.533
19388.0,4130.4966
19389.0,5670.2812
19390.0,6106.4824
19391.0,7394.229
19392.0,5060.9385
19393.0,5729.919
19394.0,4536.492
19395.0,3353.4783
19396.0,3713.7017
19397.0,8461.733
19398.0,6961.3965
19399.0,7760.5903
19400.0,13044.496
19401.0,4061.0286
19402.0,3677.1074
19403.0,4313.594
19404.0,6400.9966
19405.0,5697.367
19406.0,4649.7163
19407.0,5618.623
19408.0,5920.449
19409.0,5471.6343
19410.0,4532.915
19411.0,3939.2607
19412.0,3400.3525
19413.0,3607.7485
19414.0,2960.7117
19415.0,3685.4475
19416.0,6546.125
19417.0,11994.6875
19418.0,4651.4062
19419.0,4049.4543
19420.0,5256.3022
19421.0,2938.1707
19422.0,5064.246
19423.0,3138.943
19424.0,7091.848
19425.0,4601.644
19426.0,4875.345
19427.0,9537.665
19428.0,10225.645
19429.0,4772.662
19430.0,5337.26
19431.0,2785.1565
19432.0,4267.873
19433.0,4651.025
19434.0,6297.038
19435.0,3435.9336
19436.0,3348.7566
19437.0,4980.1084
19438.0,4747.0913
19439.0,4637.3496
19440.0,4898.5596
19441.0,3488.22
19442.0,5215.509
19443.0,5853.3716
19444.0,5017.103
19445.0,3116.297
19446.0,2872.509
19447.0,6104.6597
19448.0,3245.4446
19449.0,7653.5327
19450.0,3335.016
19451.0,3694.8147
19452.0,4778.6436
19453.0,4440.911
19454.0,3539.9814
19455.0,4760.1274
19456.0,4687.5425
19457.0,6637.5615
19458.0,6853.8926
19459.0,4666.4053
19460.0,3109.8022
19461.0,4401.7646
19462.0,5522.099
19463.0,3559.9514
19464.0,4341.1147
19465.0,4764.7974
19466.0,9000.481
19467.0,4472.8257
19468.0,4689.497
19469.0,5569.7085
19470.0,3969.983
19471.0,7356.7334
19472.0,3916.1475
19473.0,10010.862
19474.0,4145.611
19475.0,3629.3088
19476.0,677.5522
19477.0,3230.294
19478.0,5634.4014
19479.0,13085.429
19480.0,3192.356
19481.0,3555.9429
19482.0,6918.384
19483.0,5315.2764
19484.0,5515.9717
19485.0,5746.0923
19486.0,4444.916
19487.0,4544.4136
19488.0,3534.9702
19489.0,6843.976
19490.0,3976.7446
19491.0,5230.5444
19492.0,6188.791
19493.0,3276.2375
19494.0,6490.091
19495.0,4559.7676
19496.0,2911.418
19497.0,6070.349
19498.0,6757.9097
19499.0,3408.592
19500.0,5563.3584
19501.0,4510.7104
19502.0,4179.174
19503.0,6436.555
19504.0,4655.6147
19505.0,5949.547
19506.0,3232.3684
19507.0,3155.8022
19508.0,5757.3228
19509.0,2637.5945
19510.0,5895.9746
19511.0,3165.9067
19512.0,4735.8613
19513.0,3917.4253
19514.0,4237.0444
19515.0,5204.6255
19516.0,5310.3
19517.0,3958.857
19518.0,5817.9756
19519.0,4100.2964
19520.0,5634.88
19521.0,5165.0557
19522.0,5919.828
19523.0,6625.771
19524.0,6224.3345
19525.0,2654.7603
19526.0,4562.0083
19527.0,5433.4546
19528.0,4027.208
19529.0,7903.8
19530.0,4204.8696
19531.0,5122.5806
19532.0,8001.275
19533.0,4797.5703
19534.0,2738.8486
19535.0,7126.444
19536.0,7984.853
19537.0,4616.0903
19538.0,5613.3467
19539.0,7799.318
19540.0,4453.952
19541.0,4723.7925
19542.0,5117.6772
19543.0,3901.7095
19544.0,4686.246
19545.0,5349.676
19546.0,3716.3704
19547.0,4990.408
19548.0,5501.9155
19549.0,4444.382
19550.0,5565.157
19551.0,4672.9126
19552.0,4400.2197
19553.0,3466.79
19554.0,5398.501
19555.0,5304.205
19556.0,4969.484
19557.0,5254.132
19558.0,4641.9478
19559.0,6694.722
19560.0,4164.8228
19561.0,3855.87
19562.0,4336.1357
19563.0,5789.096
19564.0,5409.047
19565.0,4112.5376
19566.0,2968.6208
19567.0,5961.7036
19568.0,6218.822
19569.0,3980.3462
19570.0,5649.421
19571.0,5125.997
19572.0,5040.5645
19573.0,3726.5696
19574.0,2748.7239
19575.0,4413.7686
19576.0,5052.218
19577.0,4354.0327
19578.0,6721.9414
19579.0,6252.0625
19580.0,3724.3662
19581.0,7194.8784
19582.0,2861.7678
19583.0,2667.337
19584.0,5300.639
19585.0,9381.976
19586.0,5809.131
19587.0,5149.874
19588.0,2910.8223
19589.0,5177.5156
19590.0,6196.086
19591.0,4087.2847
19592.0,5607.364
19593.0,3728.4329
19594.0,3873.3628
19595.0,4091.517
19596.0,4029.5251
19597.0,4057.5435
19598.0,3541.329
19599.0,3283.957
19600.0,2720.9749
19601.0,5159.418
19602.0,4212.092
19603.0,3543.289
19604.0,4653.124
19605.0,5345.192
19606.0,4243.593
19607.0,4469.5117
19608.0,5848.3486
19609.0,6431.6025
19610.0,4211.766
19611.0,3066.1392
19612.0,9371.539
19613.0,4321.576
19614.0,3717.161
19615.0,6003.337
19616.0,6203.957
19617.0,5508.968
19618.0,4767.88
19619.0,5661.6826
19620.0,6097.4375
19621.0,9124.499
19622.0,3420.6638
19623.0,3248.5576
19624.0,4171.6816
19625.0,4691.6626
19626.0,4127.141
19627.0,6261.0977
19628.0,6311.9214
19629.0,4569.0938
19630.0,2913.1682
19631.0,4580.116
19632.0,7032.988
19633.0,3369.5986
19634.0,4993.9604
19635.0,3189.5552
19636.0,5365.1694
19637.0,5295.9795
19638.0,5585.813
19639.0,6117.3433
19640.0,4560.668
19641.0,3248.7961
19642.0,5153.447
19643.0,5815.4565
19644.0,6004.8486
19645.0,5590.781
19646.0,5556.872
19647.0,4170.2295
19648.0,3136.6504
19649.0,7197.0957
19650.0,3509.6387
19651.0,8655.385
19652.0,2972.027
19653.0,3388.1294
19654.0,4925.8154
19655.0,4810.387
19656.0,5568.7734
19657.0,5976.119
19658.0,3045.0405
19659.0,3365.57
19660.0,5176.9775
19661.0,5812.3735
19662.0,7463.1206
19663.0,3933.3242
19664.0,4445.2676
19665.0,3991.7534
19666.0,5153.771
19667.0,4072.282
19668.0,7723.654
19669.0,6521.6763
19670.0,9186.796
19671.0,3299.7527
19672.0,4338.751
19673.0,7236.7515
19674.0,6978.109
19675.0,3650.0437
19676.0,7318.814
19677.0,4761.022
19678.0,3645.76
19679.0,3656.7698
19680.0,3491.4194
19681.0,4161.364
19682.0,4078.3037
19683.0,4171.841
19684.0,3649.2568
19685.0,5644.5786
19686.0,5637.299
19687.0,16053.622
19688.0,4665.791
19689.0,3445.8433
19690.0,5084.449
19691.0,8741.576
19692.0,4497.675
19693.0,4944.919
19694.0,4189.6035
19695.0,6648.568
19696.0,5255.896
19697.0,3220.2573
19698.0,4417.4077
19699.0,4641.9033
19700.0,5998.1626
19701.0,5582.644
19702.0,6555.4727
19703.0,3413.7888
19704.0,3680.9924
19705.0,3954.5242
19706.0,6977.0044
19707.0,8787.931
19708.0,6860.099
19709.0,5542.4736
19710.0,3627.6057
19711.0,4599.542
19712.0,3003.169
19713.0,6734.9243
19714.0,6867.5034
19715.0,8200.736
19716.0,3817.9553
19717.0,3391.3208
19718.0,3513.0151
19719.0,4543.985
19720.0,8566.324
19721.0,4862.759
19722.0,3350.1592
19723.0,3266.4539
19724.0,6633.0806
19725.0,2869.1597
19726.0,5152.1147
19727.0,2584.3542
19728.0,4830.5083
19729.0,4960.476
19730.0,4352.4175
19731.0,5892.815
19732.0,5026.4966
19733.0,3841.189
19734.0,5405.8906
19735.0,4976.39
19736.0,7710.361
19737.0,4162.0547
19738.0,5739.3823
19739.0,7147.996
19740.0,6649.3857
19741.0,4661.3867
19742.0,4837.517
19743.0,3185.5686
19744.0,4061.687
19745.0,4528.995
19746.0,5070.3945
19747.0,6112.339
19748.0,3482.5942
19749.0,3961.116
19750.0,4790.3906
19751.0,5171.06
19752.0,6380.966
19753.0,2974.9602
19754.0,12427.941
19755.0,3494.6147
19756.0,4467.453
19757.0,6028.4756
19758.0,4027.6843
19759.0,3788.3335
19760.0,4506.2505
19761.0,5484.342
19762.0,4010.3289
19763.0,3918.5576
19764.0,5801.268
19765.0,5518.1924
19766.0,5741.2275
19767.0,3743.1472
19768.0,5496.8794
19769.0,8441.983
19770.0,5182.5356
19771.0,5658.757
19772.0,4515.437
19773.0,5011.0483
19774.0,4367.652
19775.0,5204.0444
19776.0,3321.741
19777.0,5212.923
19778.0,4571.3564
19779.0,4758.0664
19780.0,7464.3804
19781.0,3814.5332
19782.0,3741.9868
19783.0,2771.1584
19784.0,5342.4805
19785.0,7095.6914
19786.0,4135.1606
19787.0,3877.9988
19788.0,4631.647
19789.0,3929.3416
19790.0,4271.73
19791.0,5969.2544
19792.0,5027.4795
19793.0,5516.3716
19794.0,3886.691
19795.0,3830.0842
19796.0,4531.817
19797.0,6556.2417
19798.0,5646.76
19799.0,5928.7227
19800.0,6025.1875
19801.0,4310.2383
19802.0,7071.3145
19803.0,4195.554
19804.0,4382.664
19805.0,6329.8276
19806.0,4596.735
19807.0,7510.787
19808.0,6234.4414
19809.0,5283.406
19810.0,4038.707
19811.0,5803.493
19812.0,5240.1924
19813.0,3612.932
19814.0,3129.283
19815.0,4742.312
19816.0,5791.2393
19817.0,4362.705
19818.0,3528.0134
19819.0,6275.261
19820.0,4759.551
19821.0,4957.8457
19822.0,4083.3682
19823.0,4101.47
19824.0,5539.5137
19825.0,4982.337
19826.0,4484.895
19827.0,4072.55
19828.0,4048.1104
19829.0,5037.2334
19830.0,2839.9163
19831.0,6016.82
19832.0,3329.3928
19833.0,6203.288
19834.0,5707.3315
19835.0,4924.7207
19836.0,7821.0776
19837.0,3694.6702
19838.0,3524.8816
19839.0,7871.743
19840.0,4711.4893
19841.0,5384.2256
19842.0,5875.7915
19843.0,3598.9146
19844.0,4388.374
19845.0,4591.993
19846.0,6165.077
19847.0,7998.5967
19848.0,5216.4194
19849.0,2197.9546
19850.0,3421.0457
19851.0,6565.735
19852.0,6910.4565
19853.0,4259.901
19854.0,5325.655
19855.0,3494.2214
19856.0,4343.782
19857.0,2898.9778
19858.0,3865.0286
19859.0,4958.1484
19860.0,4952.434
19861.0,4775.0347
19862.0,4369.6855
19863.0,5984.5557
19864.0,5738.003
19865.0,5455.1353
19866.0,3196.473
19867.0,6985.028
19868.0,6901.0903
19869.0,4181.5186
19870.0,5744.2183
19871.0,3472.1848
19872.0,5130.3457
19873.0,2429.5984
19874.0,5111.5156
19875.0,3476.8318
19876.0,7039.786
19877.0,5045.7983
19878.0,6246.6025
19879.0,6645.6387
19880.0,4313.8823
19881.0,5406.143
19882.0,15707.987
19883.0,7357.5615
19884.0,3971.8503
19885.0,2137.8142
19886.0,4902.3364
19887.0,6513.2656
19888.0,3264.2578
19889.0,10892.726
19890.0,15748.354
19891.0,3035.0813
19892.0,3793.729
19893.0,6809.8354
19894.0,3616.908
19895.0,6779.3306
19896.0,4408.32
19897.0,5564.287
19898.0,3238.1987
19899.0,5049.2837
19900.0,4684.5654
19901.0,5826.0776
19902.0,5843.648
19903.0,4898.125
19904.0,4155.7075
19905.0,5308.34
19906.0,3452.9048
19907.0,3765.6743
19908.0,5691.0884
19909.0,4092.7156
19910.0,4028.7449
19911.0,5464.6973
19912.0,4534.5063
19913.0,4563.562
19914.0,5498.626
19915.0,5165.0063
19916.0,5580.7007
19917.0,5514.993
19918.0,5411.9062
19919.0,4291.305
19920.0,2560.3347
19921.0,4599.468
19922.0,5093.838
19923.0,4115.469
19924.0,3257.7312
19925.0,6414.6567
19926.0,4689.4834
19927.0,7613.2266
19928.0,5299.441
19929.0,3970.5547
19930.0,3789.8733
19931.0,4509.6
19932.0,6729.2354
19933.0,3681.0063
19934.0,6440.4
19935.0,11710.529
19936.0,5681.797
19937.0,5568.2637
19938.0,3458.7927
19939.0,3640.085
19940.0,5279.9497
19941.0,3076.764
19942.0,4226.7183
19943.0,7326.413
19944.0,3378.4177
19945.0,12116.243
19946.0,9200.404
19947.0,3338.4985
19948.0,5123.157
19949.0,4997.93
19950.0,5069.2676
19951.0,4305.5576
19952.0,7762.345
19953.0,5179.7236
19954.0,6394.254
19955.0,3914.321
19956.0,5897.966
19957.0,3713.2341
19958.0,7336.147
19959.0,4457.82
19960.0,5139.5933
19961.0,4799.497
19962.0,5094.732
19963.0,6905.2847
19964.0,7818.057
19965.0,4104.711
19966.0,7045.308
19967.0,4810.2676
19968.0,7152.402
19969.0,4059.9167
19970.0,3722.228
19971.0,3574.973
19972.0,6118.1367
19973.0,4898.494
19974.0,4993.4414
19975.0,2785.8115
19976.0,7034.041
19977.0,3459.3767
19978.0,7411.1816
19979.0,5845.5547
19980.0,2704.4092
19981.0,10770.206
19982.0,12929.379
19983.0,4554.256
19984.0,5652.542
19985.0,5962.4087
19986.0,7786.563
19987.0,7949.4795
19988.0,4011.691
19989.0,5580.6846
19990.0,4248.976
19991.0,5451.3745
19992.0,3583.683
19993.0,4238.9604
19994.0,4022.478
19995.0,4255.669
19996.0,6099.747
19997.0,3818.0027
19998.0,3074.015
19999.0,4519.945
20000.0,2983.6675
20001.0,3371.4153
20002.0,4186.9824
20003.0,4292.4434
20004.0,6259.539
20005.0,6178.3105
20006.0,6458.11
20007.0,4598.8667
20008.0,4526.2437
20009.0,7635.006
20010.0,6325.832
20011.0,3594.6326
20012.0,3878.735
20013.0,7573.3784
20014.0,3607.339
20015.0,5420.1406
20016.0,2760.6511
20017.0,3702.3367
20018.0,5346.008
20019.0,3878.8682
20020.0,4311.398
20021.0,7129.476
20022.0,7176.586
20023.0,8866.041
20024.0,4802.08
20025.0,7883.8857
20026.0,2693.244
20027.0,3766.3965
20028.0,4291.3013
20029.0,2785.8088
20030.0,6318.9814
20031.0,3640.5088
20032.0,4489.03
20033.0,7325.0576
20034.0,8792.625
20035.0,5812.59
20036.0,4147.743
20037.0,3608.344
20038.0,10855.855
20039.0,5445.5435
20040.0,4734.633
20041.0,3994.355
20042.0,5153.3384
20043.0,6434.6157
20044.0,3517.5186
20045.0,4831.2227
20046.0,5248.6265
20047.0,5910.8174
20048.0,11929.065
20049.0,4397.3706
20050.0,11664.781
20051.0,4725.3516
20052.0,4422.45
20053.0,2530.219
20054.0,4151.7373
20055.0,3859.664
20056.0,3822.2297
20057.0,5789.5215
20058.0,3745.3403
20059.0,3355.9873
20060.0,4962.809
20061.0,3237.448
20062.0,6218.9937
20063.0,4738.414
20064.0,5783.1245
20065.0,6346.465
20066.0,3471.4495
20067.0,6821.401
20068.0,5553.4756
20069.0,3643.3853
20070.0,4660.8354
20071.0,3830.2048
20072.0,7486.677
20073.0,4900.298
20074.0,3481.2258
20075.0,5031.49
20076.0,6773.5073
20077.0,5142.104
20078.0,4635.408
20079.0,6963.9995
20080.0,4504.2866
20081.0,5047.473
20082.0,4462.172
20083.0,6746.034
20084.0,4788.1523
20085.0,4691.09
20086.0,3379.7136
20087.0,3893.6152
20088.0,3340.5469
20089.0,3827.619
20090.0,5741.8516
20091.0,7696.393
20092.0,7823.592
20093.0,8312.577
20094.0,6089.8467
20095.0,6593.3794
20096.0,4117.8135
20097.0,10050.719
20098.0,8280.947
20099.0,5042.964
20100.0,6372.9004
20101.0,6336.8286
20102.0,4433.749
20103.0,3249.6052
20104.0,8489.842
20105.0,4607.5166
20106.0,4992.046
20107.0,5063.8887
20108.0,1768.0873
20109.0,7793.607
20110.0,3050.5242
20111.0,3624.2021
20112.0,3729.635
20113.0,4034.7715
20114.0,5424.056
20115.0,5810.2725
20116.0,4999.146
20117.0,3975.531
20118.0,3402.6726
20119.0,2996.138
20120.0,2321.4194
20121.0,4893.763
20122.0,13823.924
20123.0,4130.9224
20124.0,4649.898
20125.0,4995.4233
20126.0,4145.4487
20127.0,3997.2327
20128.0,3653.0393
20129.0,3050.3206
20130.0,4843.5195
20131.0,4994.361
20132.0,3129.931
20133.0,6040.3325
20134.0,4242.917
20135.0,3897.7812
20136.0,6514.626
20137.0,6143.071
20138.0,7589.1206
20139.0,4033.8247
20140.0,5100.6396
20141.0,3348.4753
20142.0,3975.2617
20143.0,12620.659
20144.0,7685.925
20145.0,4778.0737
20146.0,3757.5647
20147.0,3417.4675
20148.0,4375.98
20149.0,3590.2358
20150.0,7347.358
20151.0,4009.0552
20152.0,4320.447
20153.0,5107.8066
20154.0,3453.4646
20155.0,5086.021
20156.0,5237.1294
20157.0,5399.459
20158.0,4808.084
20159.0,3072.757
20160.0,4212.353
20161.0,4537.674
20162.0,6287.5854
20163.0,7247.0503
20164.0,5051.8374
20165.0,3210.2551
20166.0,5791.145
20167.0,4310.1475
20168.0,3794.927
20169.0,5602.226
20170.0,6555.829
20171.0,4579.483
20172.0,4509.5747
20173.0,4717.0835
20174.0,5105.751
20175.0,4137.7646
20176.0,5323.242
20177.0,5322.8765
20178.0,3532.5364
20179.0,6805.031
20180.0,4145.168
20181.0,3580.0442
20182.0,8833.68
20183.0,4445.412
20184.0,2912.9001
20185.0,6402.523
20186.0,6813.825
20187.0,6992.3135
20188.0,4504.506
20189.0,4550.1436
20190.0,4904.385
20191.0,5629.6147
20192.0,4976.338
20193.0,6734.1987
20194.0,2731.9307
20195.0,4785.0474
20196.0,4739.576
20197.0,4153.48
20198.0,3378.2341
20199.0,5182.7334
20200.0,4994.456
20201.0,4375.479
20202.0,6009.3926
20203.0,4649.7563
20204.0,6026.1587
20205.0,3660.5742
20206.0,4658.9907
20207.0,4167.3545
20208.0,5413.739
20209.0,6047.5273
20210.0,2691.2146
20211.0,6540.595
20212.0,4929.7686
20213.0,4903.646
20214.0,4148.309
20215.0,3134.4966
20216.0,5043.176
20217.0,4326.1665
20218.0,6436.881
20219.0,4579.505
20220.0,4257.224
20221.0,6125.424
20222.0,4705.0176
20223.0,3794.833
20224.0,6170.3423
20225.0,4034.991
20226.0,5784.327
20227.0,7133.0195
20228.0,6471.145
20229.0,3556.5774
20230.0,3914.1606
20231.0,2881.472
20232.0,2414.4282
20233.0,5732.0728
20234.0,3826.122
20235.0,6815.8335
20236.0,2924.8474
20237.0,4641.974
20238.0,4308.927
20239.0,7185.3394
20240.0,4068.706
20241.0,3634.2007
20242.0,4015.4392
20243.0,5793.648
20244.0,4270.398
20245.0,5539.9736
20246.0,6054.9785
20247.0,7744.988
20248.0,5027.887
20249.0,5840.6445
20250.0,4495.6504
20251.0,3320.6416
20252.0,3739.5388
20253.0,9025.644
20254.0,6991.7866
20255.0,7743.5474
20256.0,13252.979
20257.0,4235.4844
20258.0,3675.8481
20259.0,4637.73
20260.0,6541.5127
20261.0,5754.6543
20262.0,4647.1226
20263.0,5716.0703
20264.0,5934.171
20265.0,5386.1465
20266.0,4368.6313
20267.0,3829.6604
20268.0,3484.2026
20269.0,3479.091
20270.0,2990.341
20271.0,3650.0054
20272.0,6841.6133
20273.0,13089.023
20274.0,4709.499
20275.0,4126.094
20276.0,5120.5386
20277.0,2875.639
20278.0,4998.064
20279.0,3087.7346
20280.0,7440.7812
20281.0,4583.783
20282.0,4956.848
20283.0,9419.472
20284.0,10039.893
20285.0,4934.7646
20286.0,5351.288
20287.0,2692.7646
20288.0,4271.612
20289.0,4655.823
20290.0,6245.6074
20291.0,3415.9487
20292.0,3432.1826
20293.0,5140.5054
20294.0,4683.5557
20295.0,4675.6416
20296.0,4864.099
20297.0,3557.9414
20298.0,5088.6465
20299.0,5910.3496
20300.0,4790.071
20301.0,3098.3186
20302.0,2765.8403
20303.0,6546.7246
20304.0,3284.8374
20305.0,7960.3066
20306.0,3238.5015
20307.0,3508.882
20308.0,4619.451
20309.0,4333.2954
20310.0,3599.3987
20311.0,4736.444
20312.0,4662.178
20313.0,6723.5894
20314.0,6569.55
20315.0,4504.42
20316.0,3066.973
20317.0,4516.324
20318.0,5986.5312
20319.0,3877.7178
20320.0,4404.9443
20321.0,4930.319
20322.0,9356.034
20323.0,4574.0474
20324.0,4663.6904
20325.0,5679.8354
20326.0,3736.369
20327.0,7361.563
20328.0,4139.024
20329.0,10154.183
20330.0,4156.5796
20331.0,3418.1587
20332.0,610.59247
20333.0,3193.032
20334.0,5633.171
20335.0,12256.307
20336.0,3091.6016
20337.0,3459.9211
20338.0,7687.2227
20339.0,5347.436
20340.0,5512.4316
20341.0,5919.7944
20342.0,4487.9033
20343.0,4505.8423
20344.0,3700.2888
20345.0,7098.3247
20346.0,4167.72
20347.0,5429.3823
20348.0,6059.4795
20349.0,3165.463
20350.0,6713.6245
20351.0,5115.2515
20352.0,2939.1
20353.0,6542.7104
20354.0,7026.544
20355.0,3511.792
20356.0,5629.228
20357.0,4590.8896
20358.0,4019.72
20359.0,6582.0376
20360.0,4566.815
20361.0,5984.1504
20362.0,3292.464
20363.0,3308.1304
20364.0,5680.3555
20365.0,2793.7375
20366.0,5973.4863
20367.0,3095.3406
20368.0,4987.848
20369.0,4090.7327
20370.0,4355.051
20371.0,5286.728
20372.0,5607.23
20373.0,4402.172
20374.0,5886.085
20375.0,4238.0225
20376.0,5878.869
20377.0,5035.3745
20378.0,5878.5327
20379.0,6767.8887
20380.0,6081.32
20381.0,2736.8845
20382.0,4809.974
20383.0,5835.783
20384.0,4048.8674
20385.0,7678.649
20386.0,4294.356
20387.0,5283.628
20388.0,8167.9897
20389.0,5200.908
20390.0,2857.4028
20391.0,7495.994
20392.0,8318.47
20393.0,4766.561
20394.0,5799.293
20395.0,8492.004
20396.0,4228.7065
20397.0,4586.206
20398.0,5222.08
20399.0,3973.0818
20400.0,4531.8384
20401.0,5257.4805
20402.0,3813.14
20403.0,5282.9473
20404.0,5694.0312
20405.0,4678.3403
20406.0,5428.388
20407.0,4895.084
20408.0,4564.0977
20409.0,3478.6067
20410.0,5558.2344
20411.0,5503.401
20412.0,5134.7812
20413.0,5346.36
20414.0,4696.0684
20415.0,7008.933
20416.0,4115.4336
20417.0,3857.89
20418.0,4270.491
20419.0,5763.0034
20420.0,5549.827
20421.0,4135.9653
20422.0,3032.5864
20423.0,5777.33
20424.0,5685.2393
20425.0,4106.8765
20426.0,5669.178
20427.0,5032.978
20428.0,4824.959
20429.0,3759.5366
20430.0,2786.8018
20431.0,4366.219
20432.0,5028.803
20433.0,4697.9277
20434.0,6938.6587
20435.0,6279.129
20436.0,3791.3594
20437.0,7549.377
20438.0,2781.8
20439.0,2955.5754
20440.0,5534.681
20441.0,9190.327
20442.0,5856.834
20443.0,5211.575
20444.0,3008.5657
20445.0,5340.631
20446.0,5997.7505
20447.0,4135.701
20448.0,5924.822
20449.0,3671.2085
20450.0,3796.56
20451.0,4413.958
20452.0,3886.1013
20453.0,4391.1167
20454.0,3482.096
20455.0,3341.4395
20456.0,2692.942
20457.0,5269.0625
20458.0,4623.591
20459.0,3464.6675
20460.0,4793.9976
20461.0,5208.1562
20462.0,4148.954
20463.0,4465.7104
20464.0,5770.1157
20465.0,6551.353
20466.0,4304.2847
20467.0,3110.8408
20468.0,10200.153
20469.0,4256.7773
20470.0,3747.3308
20471.0,5977.0195
20472.0,6204.0103
20473.0,5616.49
20474.0,4782.05
20475.0,5681.2715
20476.0,6726.675
20477.0,9243.01
20478.0,3545.4124
20479.0,3315.6465
20480.0,4215.4883
20481.0,4935.033
20482.0,4091.767
20483.0,5882.5376
20484.0,6205.2705
20485.0,4460.857
20486.0,2926.8196
20487.0,4756.909
20488.0,7256.9487
20489.0,3434.2065
20490.0,5106.452
20491.0,3189.5583
20492.0,5402.7925
20493.0,5192.0854
20494.0,5639.079
20495.0,6160.3394
20496.0,5035.235
20497.0,3250.923
20498.0,5227.163
20499.0,6180.5146
20500.0,6153.0396
20501.0,5620.9062
20502.0,5527.8857
20503.0,4179.0024
20504.0,3149.3271
20505.0,7514.112
20506.0,3447.247
20507.0,8773.417
20508.0,2877.033
20509.0,3289.1365
20510.0,4893.063
20511.0,4885.074
20512.0,5868.1855
20513.0,6283.5806
20514.0,3060.9604
20515.0,3419.4111
20516.0,5207.287
20517.0,5887.5225
20518.0,7204.362
20519.0,4136.916
20520.0,4691.0312
20521.0,4124.831
20522.0,5066.1064
20523.0,4128.9053
20524.0,7542.3955
20525.0,6483.7607
20526.0,8869.67
20527.0,3255.1902
20528.0,4353.5303
20529.0,7146.8853
20530.0,7047.761
20531.0,3801.039
20532.0,7310.9165
20533.0,4702.8413
20534.0,3559.3027
20535.0,3610.396
20536.0,3456.5828
20537.0,4361.4697
20538.0,4199.106
20539.0,4239.4297
20540.0,3721.6492
20541.0,5707.7617
20542.0,5484.7812
20543.0,16081.88
20544.0,4374.052
20545.0,3935.2722
20546.0,5111.852
20547.0,8669.984
20548.0,4766.2793
20549.0,6536.5044
20550.0,4787.805
20551.0,7573.4727
20552.0,5996.8184
20553.0,3521.44
20554.0,5112.705
20555.0,5236.84
20556.0,6670.0938
20557.0,6476.659
20558.0,9287.681
20559.0,3870.9543
20560.0,4030.8284
20561.0,4350.612
20562.0,7924.4224
20563.0,9982.088
20564.0,7147.185
20565.0,6587.8286
20566.0,3397.3987
20567.0,5194.8843
20568.0,3524.031
20569.0,7656.263
20570.0,8525.83
20571.0,9498.629
20572.0,4096.528
20573.0,3468.5564
20574.0,3675.112
20575.0,5218.425
20576.0,9342.035
20577.0,5426.7
20578.0,4081.0122
20579.0,3544.0293
20580.0,6498.5522
20581.0,3228.4578
20582.0,5855.298
20583.0,3004.017
20584.0,5628.133
20585.0,6372.882
20586.0,5084.59
20587.0,6582.7725
20588.0,5710.942
20589.0,4508.71
20590.0,5929.7915
20591.0,5395.0986
20592.0,8868.934
20593.0,4849.4736
20594.0,6619.164
20595.0,7713.465
20596.0,7887.654
20597.0,5657.6284
20598.0,5035.0283
20599.0,3556.9675
20600.0,4564.267
20601.0,5050.6665
20602.0,6100.777
20603.0,7332.733
20604.0,3891.8516
20605.0,4397.6895
20606.0,5602.9316
20607.0,6309.1343
20608.0,6533.126
20609.0,3367.7507
20610.0,14406.488
20611.0,3711.0422
20612.0,5554.6094
20613.0,6813.617
20614.0,4542.5674
20615.0,4370.448
20616.0,4855.528
20617.0,6614.361
20618.0,4681.662
20619.0,4550.2437
20620.0,6967.488
20621.0,6321.8086
20622.0,6136.371
20623.0,4401.328
20624.0,6198.036
20625.0,10195.5625
20626.0,5893.5513
20627.0,6525.248
20628.0,5207.1577
20629.0,5536.8936
20630.0,5452.893
20631.0,5986.5425
20632.0,3705.1846
20633.0,6077.232
20634.0,5448.396
20635.0,5354.7603
20636.0,8755.144
20637.0,3952.5403
20638.0,4032.6667
20639.0,2944.7947
20640.0,6298.828
20641.0,7707.927
20642.0,4207.582
20643.0,4187.406
20644.0,5197.0156
20645.0,4345.208
20646.0,4855.1577
20647.0,7183.619
20648.0,5513.536
20649.0,6524.8496
20650.0,4343.426
20651.0,4176.603
20652.0,5125.1123
20653.0,7039.8667
20654.0,6211.2695
20655.0,6888.227
20656.0,7004.8296
20657.0,4952.963
20658.0,7545.2017
20659.0,4740.426
20660.0,5248.847
20661.0,7638.9976
20662.0,5104.5625
20663.0,8289.158
20664.0,6956.325
20665.0,6055.3945
20666.0,4771.365
20667.0,6675.7715
20668.0,5860.617
20669.0,3819.9443
20670.0,3383.83
20671.0,4896.2656
20672.0,6224.851
20673.0,5110.5063
20674.0,3769.9011
20675.0,6950.655
20676.0,5258.895
20677.0,5001.531
20678.0,4497.9194
20679.0,4547.84
20680.0,6171.678
20681.0,5825.9165
20682.0,4816.558
20683.0,4564.3545
20684.0,4449.3657
20685.0,5914.4946
20686.0,3298.7644
20687.0,6294.7563
20688.0,3700.5571
20689.0,7028.2666
20690.0,6301.851
20691.0,5265.033
20692.0,9193.606
20693.0,4167.8115
20694.0,4037.6553
20695.0,9352.225
20696.0,5208.0024
20697.0,6570.7783
20698.0,6831.63
20699.0,4019.5244
20700.0,5210.8643
20701.0,5062.677
20702.0,6851.0557
20703.0,8882.767
20704.0,5604.0967
20705.0,2441.3628
20706.0,4196.0146
20707.0,7683.997
20708.0,7538.4185
20709.0,4818.3867
20710.0,5912.368
20711.0,3866.869
20712.0,4874.9775
20713.0,3004.5674
20714.0,4123.171
20715.0,5745.9004
20716.0,5531.5464
20717.0,5488.251
20718.0,5047.363
20719.0,7219.523
20720.0,6439.687
20721.0,6476.1587
20722.0,3935.8315
20723.0,7851.46
20724.0,7678.3853
20725.0,4517.953
20726.0,5917.248
20727.0,4147.7036
20728.0,5658.1685
20729.0,2787.9705
20730.0,5496.2397
20731.0,3543.4412
20732.0,8237.99
20733.0,5753.9517
20734.0,6966.285
20735.0,6921.856
20736.0,4761.4673
20737.0,6192.925
20738.0,17550.436
20739.0,8457.384
20740.0,4442.089
20741.0,2445.2732
20742.0,5644.18
20743.0,6576.7285
20744.0,3590.5955
20745.0,11321.175
20746.0,16873.705
20747.0,3196.5825
20748.0,3841.4346
20749.0,7627.1816
20750.0,3961.2937
20751.0,7866.8643
20752.0,4726.2217
20753.0,6326.8516
20754.0,3320.518
20755.0,5950.4663
20756.0,5450.6987
20757.0,6655.8135
20758.0,6643.2686
20759.0,5626.716
20760.0,4823.6475
20761.0,5833.0005
20762.0,3928.693
20763.0,4167.346
20764.0,6931.9775
20765.0,4430.1514
20766.0,4678.827
20767.0,5794.0127
20768.0,4862.3643
20769.0,4996.91
20770.0,4127.09
20771.0,5751.351
20772.0,7166.23
20773.0,7193.1836
20774.0,6338.34
20775.0,4434.5825
20776.0,3089.1724
20777.0,3549.2158
20778.0,5644.988
20779.0,4987.448
20780.0,3585.5913
20781.0,6576.2646
20782.0,5219.9185
20783.0,8454.126
20784.0,6204.2764
20785.0,4418.436
20786.0,4238.6655
20787.0,5454.9897
20788.0,7358.004
20789.0,4215.3677
20790.0,7114.185
20791.0,12761.452
20792.0,6400.4653
20793.0,6241.1353
20794.0,3751.8054
20795.0,4105.631
20796.0,5679.1313
20797.0,3492.392
20798.0,4479.23
20799.0,8339.013
20800.0,3940.9558
20801.0,12500.85
20802.0,10385.305
20803.0,4152.906
20804.0,5674.334
20805.0,5473.0903
20806.0,5674.577
20807.0,4647.845
20808.0,9297.759
20809.0,5531.404
20810.0,7293.511
20811.0,4061.6057
20812.0,6598.419
20813.0,4400.929
20814.0,7307.9604
20815.0,4916.901
20816.0,5530.8496
20817.0,5718.197
20818.0,5312.62
20819.0,7958.7124
20820.0,8911.509
20821.0,4683.395
20822.0,7797.8604
20823.0,5653.696
20824.0,8462.233
20825.0,4402.596
20826.0,4241.007
20827.0,3872.2654
20828.0,7011.3203
20829.0,5695.1504
20830.0,5852.908
20831.0,3632.3914
20832.0,8003.8315
20833.0,3763.254
20834.0,7772.5986
20835.0,6644.631
20836.0,3004.0657
20837.0,11631.342
20838.0,15043.098
20839.0,5141.2163
20840.0,6564.1133
20841.0,6133.071
20842.0,8508.364
20843.0,8938.356
20844.0,4254.2363
20845.0,6362.308
20846.0,4841.764
20847.0,5966.9316
20848.0,4053.2031
20849.0,4768.9126
20850.0,4372.6587
20851.0,4822.2354
20852.0,6694.2817
20853.0,4214.5312
20854.0,3348.9993
20855.0,5398.913
20856.0,3383.0942
20857.0,3661.007
20858.0,4272.439
20859.0,4675.2134
20860.0,7221.699
20861.0,7231.949
20862.0,7433.879
20863.0,5304.594
20864.0,5375.5635
20865.0,8617.378
20866.0,6988.6064
20867.0,3870.515
20868.0,4134.6753
20869.0,8587.733
20870.0,4078.8718
20871.0,6176.248
20872.0,3148.6213
20873.0,4142.9385
20874.0,6266.648
20875.0,4638.8716
20876.0,4843.709
20877.0,8330.515
20878.0,8358.379
20879.0,9286.061
20880.0,5612.618
20881.0,9067.569
20882.0,2995.6433
20883.0,4239.195
20884.0,4513.5464
20885.0,3135.663
20886.0,6957.646
20887.0,4096.114
20888.0,5025.092
20889.0,8322.685
20890.0,9591.552
20891.0,6820.327
20892.0,4447.1255
20893.0,4004.828
20894.0,11877.229
20895.0,6387.8955
20896.0,5261.3535
20897.0,4213.667
20898.0,5808.965
20899.0,6814.4165
20900.0,4159.856
20901.0,5389.574
20902.0,6098.3564
20903.0,6745.526
20904.0,12648.061
20905.0,5266.9824
20906.0,12455.162
20907.0,5803.46
20908.0,5468.081
20909.0,2738.227
20910.0,4504.9526
20911.0,4475.1133
20912.0,4874.964
20913.0,6477.3696
20914.0,4095.5
20915.0,3576.0437
20916.0,5589.336
20917.0,3682.9277
20918.0,6599.6587
20919.0,5486.9634
20920.0,6556.6606
20921.0,7038.9873
20922.0,3981.1816
20923.0,7828.653
20924.0,6081.25
20925.0,4063.7178
20926.0,4998.8267
20927.0,4417.2603
20928.0,8422.994
20929.0,5728.121
20930.0,3748.7395
20931.0,5767.557
20932.0,7940.7725
20933.0,5939.5337
20934.0,5022.7295
20935.0,7925.7754
20936.0,5027.8774
20937.0,5158.965
20938.0,5043.84
20939.0,7699.007
20940.0,5402.3438
20941.0,5360.1772
20942.0,3583.0884
20943.0,4512.2554
20944.0,3810.547
20945.0,4124.4966
20946.0,6650.363
20947.0,9234.858
20948.0,9215.098
20949.0,9468.22
20950.0,7057.8315
20951.0,7210.9067
20952.0,4703.64
20953.0,11697.357
20954.0,9417.289
20955.0,6057.405
20956.0,6999.32
20957.0,7412.3906
20958.0,4728.693
20959.0,3708.632
20960.0,8917.18
20961.0,4992.9175
20962.0,5798.22
20963.0,5270.485
20964.0,2051.6057
20965.0,9638.063
20966.0,3702.531
20967.0,4290.5273
20968.0,4247.9546
20969.0,4497.3613
20970.0,6040.54
20971.0,6378.659
20972.0,5755.0
20973.0,4617.0063
20974.0,3842.0686
20975.0,3289.1772
20976.0,2608.1936
20977.0,5430.123
20978.0,14681.8955
20979.0,4325.9976
20980.0,5167.6577
20981.0,5928.2646
20982.0,4302.8438
20983.0,4444.5044
20984.0,4115.6416
20985.0,3190.3708
20986.0,5980.6123
20987.0,5779.182
20988.0,3253.3894
20989.0,6867.635
20990.0,4351.5664
20991.0,4322.3306
20992.0,7478.3906
20993.0,6326.043
20994.0,8593.56
20995.0,4439.924
20996.0,5431.2676
20997.0,3593.5012
20998.0,4735.784
20999.0,14064.259
21000.0,8717.9795
21001.0,5531.7837
21002.0,4157.7373
21003.0,3865.2092
21004.0,4883.6763
21005.0,3996.2795
21006.0,8332.406
21007.0,4346.257
21008.0,3401.3745
21009.0,5810.8325
21010.0,3906.1375
21011.0,5346.2476
21012.0,5452.628
21013.0,6250.7686
21014.0,5212.7983
21015.0,3504.0586
21016.0,4901.0366
21017.0,5375.215
21018.0,7431.6953
21019.0,8227.782
21020.0,5756.6855
21021.0,3443.3525
21022.0,6868.696
21023.0,4512.5522
21024.0,4047.4502
21025.0,5987.468
21026.0,7447.6543
21027.0,4923.2505
21028.0,5140.3237
21029.0,5380.729
21030.0,5944.986
21031.0,4728.9097
21032.0,5845.393
21033.0,5834.87
21034.0,3758.1384
21035.0,7543.4316
21036.0,4554.7163
21037.0,3814.6316
21038.0,10224.67
21039.0,5053.6255
21040.0,3131.481
21041.0,6817.654
21042.0,7606.469
21043.0,7318.8213
21044.0,4992.289
21045.0,5017.6104
21046.0,5282.5996
21047.0,6459.958
21048.0,5469.912
21049.0,7975.97
21050.0,2604.838
21051.0,5394.136
21052.0,5314.3535
21053.0,4545.6494
21054.0,3789.772
21055.0,6038.2705
21056.0,5571.4673
21057.0,5042.1655
21058.0,6318.035
21059.0,5240.1577
21060.0,7271.4365
21061.0,3789.1575
21062.0,5209.17
21063.0,4658.7285
21064.0,6107.123
21065.0,6940.115
21066.0,2890.9548
21067.0,7016.719
21068.0,5593.325
21069.0,5515.756
21070.0,4528.3945
21071.0,3508.042
21072.0,5491.5605
21073.0,4655.8945
21074.0,7479.846
21075.0,5076.5747
21076.0,4598.783
21077.0,6743.0747
21078.0,5095.733
21079.0,4247.367
21080.0,7015.2334
21081.0,4230.0537
21082.0,6627.0415
21083.0,8223.177
21084.0,6499.742
21085.0,3777.2085
21086.0,4162.7734
21087.0,3335.4075
21088.0,2536.588
21089.0,6427.7085
21090.0,4809.4463
21091.0,7744.0054
21092.0,3343.85
21093.0,5215.887
21094.0,5021.508
21095.0,8269.077
21096.0,4635.8325
21097.0,4149.8047
21098.0,4474.1997
21099.0,6405.577
21100.0,5094.5615
21101.0,6156.938
21102.0,7099.9634
21103.0,8490.449
21104.0,5712.8926
21105.0,6628.0845
21106.0,5160.9385
21107.0,3718.296
21108.0,4107.0566
21109.0,10164.628
21110.0,6965.833
21111.0,9017.014
21112.0,14106.481
21113.0,4323.1885
21114.0,4264.263
21115.0,5030.6357
21116.0,7463.22
21117.0,6773.3135
21118.0,5052.348
21119.0,6475.9795
21120.0,6989.7666
21121.0,5964.8604
21122.0,5038.5596
21123.0,4250.4595
21124.0,3950.4294
21125.0,3993.231
21126.0,3371.8977
21127.0,4057.404
21128.0,7827.2344
21129.0,14166.33
21130.0,5367.207
21131.0,4825.8154
21132.0,5557.9214
21133.0,3158.516
21134.0,5877.7256
21135.0,3493.3816
21136.0,9075.91
21137.0,5283.925
21138.0,5629.722
21139.0,10883.286
21140.0,10765.204
21141.0,5312.2607
21142.0,5675.2866
21143.0,3061.0654
21144.0,4828.8496
21145.0,5419.267
21146.0,7608.7476
21147.0,3679.9111
21148.0,3831.239
21149.0,5223.943
21150.0,5215.922
21151.0,5057.898
21152.0,5658.913
21153.0,4050.1614
21154.0,6159.728
21155.0,5261.499
21156.0,5231.0933
21157.0,3449.8098
21158.0,3062.1052
21159.0,7589.142
21160.0,3641.4082
21161.0,9141.022
21162.0,3744.0828
21163.0,4353.3853
21164.0,5207.2173
21165.0,4781.014
21166.0,3930.0613
21167.0,5405.9473
21168.0,5136.976
21169.0,7646.1196
21170.0,7704.502
21171.0,5285.76
21172.0,3419.4307
21173.0,5038.4155
21174.0,6869.9014
21175.0,4454.1685
21176.0,5062.6475
21177.0,5704.5723
21178.0,10219.775
21179.0,5538.003
21180.0,5220.4414
21181.0,6085.5557
21182.0,4414.5054
21183.0,8618.003
21184.0,4538.115
21185.0,10554.299
21186.0,4683.1714
21187.0,4178.572
21188.0,710.5714
21189.0,3083.5723
21190.0,6385.9766
21191.0,15461.905
21192.0,3450.6426
21193.0,3659.67
21194.0,8568.311
21195.0,6052.461
21196.0,6233.883
21197.0,6667.2314
21198.0,4511.4893
21199.0,4771.4243
21200.0,4107.5977
21201.0,7620.419
21202.0,4521.881
21203.0,6086.2173
21204.0,7064.701
21205.0,3674.5476
21206.0,7116.235
21207.0,5499.575
21208.0,3130.6743
21209.0,6764.2554
21210.0,7594.3413
21211.0,3503.5105
21212.0,6351.4907
21213.0,5200.7593
21214.0,4737.2935
21215.0,7505.416
21216.0,5096.5156
21217.0,7388.8354
21218.0,3823.528
21219.0,3786.6787
21220.0,6399.904
21221.0,2983.2917
21222.0,6626.1504
21223.0,3443.3591
21224.0,5355.818
21225.0,4467.027
21226.0,5080.61
21227.0,5810.494
21228.0,6404.936
21229.0,5136.5596
21230.0,6142.2563
21231.0,4636.907
21232.0,6987.3735
21233.0,5200.5312
21234.0,6099.357
21235.0,7691.2417
21236.0,6875.218
21237.0,3046.4324
21238.0,5194.067
21239.0,6551.8594
21240.0,4338.3413
21241.0,10307.967
21242.0,4891.8076
21243.0,5793.858
21244.0,9205.232
21245.0,5333.0713
21246.0,3079.3186
21247.0,8633.75
21248.0,9211.485
21249.0,5346.2427
21250.0,6370.1045
21251.0,9186.542
21252.0,4957.1553
21253.0,4990.1084
21254.0,5625.911
21255.0,4464.548
21256.0,5194.9834
21257.0,5719.0205
21258.0,4077.6035
21259.0,5572.4185
21260.0,6398.3047
21261.0,5288.917
21262.0,6112.5254
21263.0,5588.0674
21264.0,5184.568
21265.0,4024.3164
21266.0,5870.3633
21267.0,6382.6333
21268.0,5856.951
21269.0,5832.2495
21270.0,4992.584
21271.0,8004.4805
21272.0,4450.406
21273.0,4070.4683
21274.0,4654.3936
21275.0,6498.893
21276.0,6500.4185
21277.0,4625.5894
21278.0,3514.5134
21279.0,6224.6494
21280.0,6284.36
21281.0,4639.0615
21282.0,6315.2817
21283.0,6135.78
21284.0,5287.0405
21285.0,4211.256
21286.0,3157.1665
21287.0,4836.479
21288.0,5602.5146
21289.0,5104.7134
21290.0,7444.21
21291.0,6899.4775
21292.0,4420.6997
21293.0,8433.557
21294.0,3135.7617
21295.0,3080.4673
21296.0,6192.7
21297.0,11038.948
21298.0,6722.4546
21299.0,5797.07
21300.0,3193.7297
21301.0,5752.503
21302.0,6131.515
21303.0,4334.498
21304.0,6454.064
21305.0,4225.505
21306.0,4078.292
21307.0,5112.881
21308.0,4421.552
21309.0,4958.262
21310.0,3892.2266
21311.0,4028.6218
21312.0,2997.2842
21313.0,5921.003
21314.0,4795.8496
21315.0,3689.2886
21316.0,5383.912
21317.0,5825.2944
21318.0,4534.874
21319.0,4845.9873
21320.0,6857.698
21321.0,7168.4106
21322.0,5173.7837
21323.0,3442.7317
21324.0,10615.984
21325.0,5000.4004
21326.0,4323.5225
21327.0,6900.419
21328.0,6980.2793
21329.0,6598.312
21330.0,5372.7695
21331.0,6280.3027
21332.0,6980.392
21333.0,10637.725
21334.0,3558.325
21335.0,3702.0225
21336.0,4416.4556
21337.0,5465.411
21338.0,4923.631
21339.0,7461.583
21340.0,6824.368
21341.0,4750.294
21342.0,3299.7686
21343.0,5004.504
21344.0,9166.367
21345.0,3741.4585
21346.0,5547.7153
21347.0,3389.6294
21348.0,6224.311
21349.0,5679.494
21350.0,6775.93
21351.0,7102.5234
21352.0,5817.027
21353.0,3447.3853
21354.0,5805.3975
21355.0,6957.195
21356.0,6784.5444
21357.0,6435.2847
21358.0,6080.4497
21359.0,4485.353
21360.0,3675.3398
21361.0,8608.53
21362.0,3719.023
21363.0,9663.744
21364.0,3562.9885
21365.0,3592.0994
21366.0,5671.747
21367.0,5222.613
21368.0,6803.7134
21369.0,6792.6772
21370.0,3784.169
21371.0,3792.3142
21372.0,5553.2637
21373.0,6429.4746
21374.0,8524.562
21375.0,4505.5845
21376.0,4943.3013
21377.0,4535.9688
21378.0,5888.2583
21379.0,4332.7993
21380.0,8225.311
21381.0,7547.7783
21382.0,9976.9
21383.0,3721.3403
21384.0,5040.242
21385.0,7678.7515
21386.0,7840.407
21387.0,3968.4229
21388.0,8714.105
21389.0,5319.08
21390.0,4276.6797
21391.0,3967.647
21392.0,3979.3137
21393.0,4813.4624
21394.0,4326.629
21395.0,4555.998
21396.0,4039.8936
21397.0,6826.9854
21398.0,6491.9727
21399.0,19665.314
21400.0,5044.263
21401.0,3837.6475
21402.0,3763.0242
21403.0,4332.01
21404.0,2500.107
21405.0,3170.5886
21406.0,3401.459
21407.0,4272.586
21408.0,2441.195
21409.0,2918.9966
21410.0,2559.5972
21411.0,2326.1772
21412.0,2481.7095
21413.0,1829.8866
21414.0,4209.292
21415.0,2430.354
21416.0,2329.5767
21417.0,3543.661
21418.0,2959.472
21419.0,5070.4814
21420.0,5470.7207
21421.0,3542.1907
21422.0,2899.6887
21423.0,3482.6042
21424.0,1794.3473
21425.0,5041.646
21426.0,4028.8909
21427.0,4314.409
21428.0,4737.289
21429.0,2181.5269
21430.0,3308.329
21431.0,2616.851
21432.0,4816.4385
21433.0,2964.0408
21434.0,4025.852
21435.0,2977.7656
21436.0,4469.9297
21437.0,2754.2637
21438.0,4674.036
21439.0,3723.94
21440.0,3609.7488
21441.0,2778.0354
21442.0,2455.9531
21443.0,4444.5596
21444.0,2766.5305
21445.0,3005.4387
21446.0,2537.4495
21447.0,2980.791
21448.0,6508.217
21449.0,4219.483
21450.0,3782.4114
21451.0,5306.6895
21452.0,2548.2961
21453.0,2572.6743
21454.0,4106.657
21455.0,1868.4938
21456.0,1821.5038
21457.0,3158.721
21458.0,4186.8027
21459.0,5187.091
21460.0,2380.2607
21461.0,2669.8855
21462.0,5402.246
21463.0,5123.529
21464.0,5358.6284
21465.0,2044.086
21466.0,6031.133
21467.0,2962.8887
21468.0,2913.8535
21469.0,5369.547
21470.0,2648.4219
21471.0,3181.5083
21472.0,3095.5032
21473.0,4375.98
21474.0,3214.0884
21475.0,2929.0498
21476.0,9100.52
21477.0,3236.7563
21478.0,4755.6255
21479.0,1548.8699
21480.0,5005.511
21481.0,5791.283
21482.0,2797.518
21483.0,2434.6858
21484.0,2516.1199
21485.0,4149.5713
21486.0,4277.161
21487.0,4474.524
21488.0,1927.5123
21489.0,4272.2637
21490.0,2497.519
21491.0,3370.0938
21492.0,3652.7222
21493.0,2132.0508
21494.0,3062.085
21495.0,3183.9736
21496.0,3186.821
21497.0,4443.5254
21498.0,2523.9167
21499.0,3168.7651
21500.0,2858.3967
21501.0,3843.5386
21502.0,2748.8484
21503.0,4043.105
21504.0,2999.6584
21505.0,3213.3618
21506.0,2098.9358
21507.0,2600.1626
21508.0,4262.8193
21509.0,5193.606
21510.0,3913.0854
21511.0,3156.3923
21512.0,3999.9866
21513.0,2893.4312
21514.0,4989.918
21515.0,2309.6543
21516.0,3619.7349
21517.0,5808.1113
21518.0,4565.735
21519.0,3842.0427
21520.0,4518.5264
21521.0,5781.906
21522.0,3388.2197
21523.0,3459.4294
21524.0,3312.9622
21525.0,2355.257
21526.0,2347.6887
21527.0,3431.184
21528.0,3653.102
21529.0,3273.4102
21530.0,2158.72
21531.0,3656.8396
21532.0,3709.4565
21533.0,5952.1523
21534.0,3669.4404
21535.0,2004.9141
21536.0,3273.0386
21537.0,5296.293
21538.0,2860.6895
21539.0,2550.3455
21540.0,2028.1702
21541.0,2880.6335
21542.0,2951.083
21543.0,3619.9766
21544.0,3017.672
21545.0,4918.96
21546.0,4144.089
21547.0,4721.81
21548.0,7092.369
21549.0,2913.2976
21550.0,3237.6365
21551.0,7284.1187
21552.0,4570.275
21553.0,4180.908
21554.0,4775.4536
21555.0,5781.1504
21556.0,2907.3809
21557.0,3874.22
21558.0,2395.038
21559.0,5329.9185
21560.0,2537.9568
21561.0,2211.8833
21562.0,2261.2085
21563.0,4160.717
21564.0,7478.8115
21565.0,3928.6409
21566.0,3857.6545
21567.0,2787.109
21568.0,1349.2603
21569.0,1933.8965
21570.0,2793.9414
21571.0,4152.062
21572.0,3119.9856
21573.0,3246.7917
21574.0,2852.7915
21575.0,3124.069
21576.0,3104.4785
21577.0,3798.7917
21578.0,2007.0961
21579.0,4737.099
21580.0,6565.328
21581.0,3305.036
21582.0,3737.9268
21583.0,2886.7698
21584.0,3631.0403
21585.0,2191.3691
21586.0,3393.0586
21587.0,4051.6067
21588.0,4367.602
21589.0,4933.593
21590.0,4483.1626
21591.0,4119.5776
21592.0,3734.662
21593.0,4972.732
21594.0,12297.651
21595.0,5075.9355
21596.0,2063.244
21597.0,2742.7107
21598.0,2831.3704
21599.0,4407.2515
21600.0,3315.83
21601.0,15858.44
21602.0,27579.676
21603.0,2716.5251
21604.0,1652.189
21605.0,8644.297
21606.0,2477.5564
21607.0,4897.3027
21608.0,3223.2817
21609.0,2846.5046
21610.0,6739.05
21611.0,4177.7188
21612.0,2270.9797
21613.0,2763.6682
21614.0,4102.026
21615.0,4355.84
21616.0,3177.1104
21617.0,4045.991
21618.0,3613.2695
21619.0,3676.09
21620.0,7387.539
21621.0,3454.374
21622.0,4057.768
21623.0,3013.7075
21624.0,2699.0195
21625.0,3894.9268
21626.0,2926.2834
21627.0,3834.1125
21628.0,8555.522
21629.0,4216.783
21630.0,4957.0186
21631.0,2623.3079
21632.0,2341.1772
21633.0,4247.1484
21634.0,3440.476
21635.0,3237.062
21636.0,1971.218
21637.0,3576.2178
21638.0,3618.547
21639.0,3257.868
21640.0,2303.6604
21641.0,3428.3018
21642.0,2403.6533
21643.0,1435.9299
21644.0,6055.683
21645.0,4022.4243
21646.0,3677.0686
21647.0,10728.909
21648.0,4421.531
21649.0,2644.9878
21650.0,3041.5596
21651.0,1939.2505
21652.0,2960.062
21653.0,2427.0498
21654.0,1803.3218
21655.0,4144.4565
21656.0,1762.6277
21657.0,7490.598
21658.0,6245.804
21659.0,2354.155
21660.0,2656.1445
21661.0,2893.4602
21662.0,2975.484
21663.0,3760.95
21664.0,7925.526
21665.0,5755.2417
21666.0,3874.767
21667.0,2776.9224
21668.0,3199.0293
21669.0,3255.128
21670.0,9269.018
21671.0,4657.129
21672.0,5072.4746
21673.0,3678.1985
21674.0,8168.496
21675.0,4202.3276
21676.0,3006.038
21677.0,3013.2073
21678.0,6039.29
21679.0,4125.0474
21680.0,5949.8535
21681.0,2860.9775
21682.0,3950.1545
21683.0,1883.2435
21684.0,3564.7532
21685.0,3350.7153
21686.0,4968.597
21687.0,2303.445
21688.0,4383.617
21689.0,2488.431
21690.0,4991.3555
21691.0,2873.629
21692.0,2140.68
21693.0,8577.738
21694.0,12305.277
21695.0,5656.5547
21696.0,3227.9958
21697.0,4287.0503
21698.0,5445.8916
21699.0,2909.2898
21700.0,1842.7178
21701.0,3341.7996
21702.0,2677.6501
21703.0,6033.584
21704.0,2328.6611
21705.0,2943.5056
21706.0,3217.5796
21707.0,3842.1052
21708.0,3691.0137
21709.0,1854.9742
21710.0,2177.6028
21711.0,3500.2166
21712.0,2464.991
21713.0,3462.8699
21714.0,2708.8674
21715.0,3961.8567
21716.0,4814.298
21717.0,5548.668
21718.0,2626.423
21719.0,3528.0237
21720.0,3119.093
21721.0,3611.6638
21722.0,3107.8508
21723.0,1948.7439
21724.0,3086.2356
21725.0,6897.8984
21726.0,2509.5068
21727.0,2845.2925
21728.0,1474.6608
21729.0,2900.1008
21730.0,4119.876
21731.0,3717.6646
21732.0,3272.92
21733.0,3658.0503
21734.0,5065.9033
21735.0,5403.1274
21736.0,1593.6176
21737.0,10417.725
21738.0,1708.9944
21739.0,2714.4954
21740.0,4918.6597
21741.0,3598.935
21742.0,7728.37
21743.0,1895.8624
21744.0,2763.7065
21745.0,2213.187
21746.0,4070.088
21747.0,7123.1953
21748.0,4220.429
21749.0,1434.1975
21750.0,4943.9946
21751.0,3707.8894
21752.0,3851.466
21753.0,3769.3977
21754.0,6561.0146
21755.0,4282.252
21756.0,3070.3777
21757.0,2955.5557
21758.0,3588.0513
21759.0,2095.702
21760.0,6699.526
21761.0,3070.896
21762.0,11758.094
21763.0,5180.5044
21764.0,2111.6077
21765.0,1597.51
21766.0,4516.639
21767.0,3974.9165
21768.0,2694.2346
21769.0,4906.5186
21770.0,2935.9753
21771.0,2055.8
21772.0,4011.427
21773.0,1914.6874
21774.0,7021.5864
21775.0,3864.2654
21776.0,4809.1987
21777.0,3238.4087
21778.0,3637.971
21779.0,3994.957
21780.0,5317.117
21781.0,2718.0598
21782.0,3337.607
21783.0,1986.435
21784.0,6463.4893
21785.0,3549.6763
21786.0,2717.8628
21787.0,2889.783
21788.0,3509.1062
21789.0,2576.925
21790.0,3016.7107
21791.0,3167.0095
21792.0,4778.9946
21793.0,6741.8145
21794.0,3398.4846
21795.0,4425.9404
21796.0,3114.5347
21797.0,2383.0637
21798.0,2781.0916
21799.0,3537.6047
21800.0,1833.9629
21801.0,4503.1567
21802.0,3008.9072
21803.0,2077.312
21804.0,5133.5327
21805.0,5483.892
21806.0,3339.521
21807.0,5355.1333
21808.0,2417.6875
21809.0,4731.251
21810.0,4536.4966
21811.0,5556.1353
21812.0,4031.059
21813.0,2822.6025
21814.0,3699.0325
21815.0,2194.1853
21816.0,8656.169
21817.0,3308.8625
21818.0,2678.3196
21819.0,3568.6592
21820.0,1161.4197
21821.0,3825.7244
21822.0,2879.04
21823.0,2924.5225
21824.0,2217.4407
21825.0,3903.299
21826.0,2397.9888
21827.0,3491.7756
21828.0,6620.9194
21829.0,2689.2039
21830.0,3111.1196
21831.0,2719.8018
21832.0,2115.6863
21833.0,4988.69
21834.0,18078.348
21835.0,3603.9512
21836.0,3023.0632
21837.0,4285.206
21838.0,2919.9644
21839.0,2676.1855
21840.0,2795.024
21841.0,2118.1636
21842.0,6880.892
21843.0,2400.421
21844.0,2503.7278
21845.0,5992.124
21846.0,2220.9915
21847.0,2266.4082
21848.0,6542.935
21849.0,7295.4663
21850.0,8369.523
21851.0,2305.6658
21852.0,4522.856
21853.0,3785.4001
21854.0,2994.3005
21855.0,15082.576
21856.0,6234.406
21857.0,3345.0657
21858.0,1840.4291
21859.0,3239.8271
21860.0,2576.366
21861.0,2186.1338
21862.0,3979.515
21863.0,4091.9192
21864.0,4737.1626
21865.0,2862.2537
21866.0,3896.1008
21867.0,3901.516
21868.0,5181.3545
21869.0,5992.7695
21870.0,5559.417
21871.0,2580.9233
21872.0,5206.3135
21873.0,2497.874
21874.0,6972.9395
21875.0,2421.909
21876.0,3721.2446
21877.0,2514.0276
21878.0,5613.6626
21879.0,4221.4033
21880.0,3257.8027
21881.0,4213.7593
21882.0,2178.8135
21883.0,3758.2244
21884.0,3625.5024
21885.0,2363.5522
21886.0,3838.9985
21887.0,3021.0134
21888.0,6250.846
21889.0,7542.5396
21890.0,3844.129
21891.0,3801.8005
21892.0,5696.6387
21893.0,2508.3542
21894.0,6526.3867
21895.0,2408.2004
21896.0,2392.3901
21897.0,4655.8276
21898.0,7953.4463
21899.0,7864.8613
21900.0,3649.664
21901.0,3222.2517
21902.0,5338.726
21903.0,6347.633
21904.0,1654.8809
21905.0,5699.5083
21906.0,2704.9536
21907.0,3551.5156
21908.0,2138.1836
21909.0,3229.6038
21910.0,2101.4666
21911.0,3235.6387
21912.0,5332.827
21913.0,2535.759
21914.0,4294.049
21915.0,5089.2046
21916.0,4058.0544
21917.0,5218.3057
21918.0,4100.5
21919.0,2479.8835
21920.0,4444.03
21921.0,4316.1626
21922.0,1736.2343
21923.0,11768.034
21924.0,5185.7646
21925.0,4957.3774
21926.0,5077.301
21927.0,1939.9436
21928.0,5464.6606
21929.0,2273.948
21930.0,5298.5464
21931.0,5025.1973
21932.0,3977.3896
21933.0,4026.148
21934.0,3574.434
21935.0,3387.945
21936.0,5708.0337
21937.0,2509.6829
21938.0,4322.079
21939.0,7962.972
21940.0,5564.3984
21941.0,1588.3629
21942.0,4704.367
21943.0,2922.5896
21944.0,2132.5776
21945.0,4379.283
21946.0,4970.2754
21947.0,2013.7639
21948.0,3961.5542
21949.0,5783.522
21950.0,4408.4585
21951.0,6957.487
21952.0,3417.66
21953.0,4931.104
21954.0,2549.9805
21955.0,4471.708
21956.0,3104.4075
21957.0,4580.042
21958.0,5212.3457
21959.0,7342.062
21960.0,4009.4568
21961.0,3726.1997
21962.0,2667.6016
21963.0,2565.6199
21964.0,5297.066
21965.0,4135.153
21966.0,6479.143
21967.0,3735.7275
21968.0,15080.303
21969.0,2637.699
21970.0,2883.0845
21971.0,3877.4478
21972.0,3220.497
21973.0,3051.6885
21974.0,5460.8984
21975.0,5171.524
21976.0,4901.574
21977.0,5705.862
21978.0,3002.424
21979.0,4469.226
21980.0,1960.6132
21981.0,4758.8154
21982.0,3049.0637
21983.0,2836.2678
21984.0,3212.4546
21985.0,12351.1455
21986.0,3301.702
21987.0,1929.4167
21988.0,3833.4946
21989.0,2735.608
21990.0,3234.5122
21991.0,1381.9889
21992.0,1954.3739
21993.0,3995.3418
21994.0,2645.7627
21995.0,5446.5513
21996.0,10806.394
21997.0,4051.514
21998.0,4437.646
21999.0,2995.8435
22000.0,3586.8228
22001.0,2756.8518
22002.0,3104.7954
22003.0,3173.524
22004.0,3024.367
22005.0,4264.263
22006.0,3193.8577
22007.0,3166.1816
22008.0,4094.43
22009.0,1293.282
22010.0,3412.2065
22011.0,5952.2656
22012.0,4361.2324
22013.0,3507.7576
22014.0,3289.9053
22015.0,2394.6108
22016.0,4164.1396
22017.0,6197.847
22018.0,3188.594
22019.0,3241.6511
22020.0,3217.1775
22021.0,4566.183
22022.0,4061.873
22023.0,4087.5068
22024.0,4773.4907
22025.0,8090.3
22026.0,6135.7974
22027.0,2729.0105
22028.0,3463.9932
22029.0,3841.9365
22030.0,5784.785
22031.0,2661.0842
22032.0,3690.1897
22033.0,2726.2393
22034.0,6486.7734
22035.0,3767.23
22036.0,2174.639
22037.0,5818.042
22038.0,4749.152
22039.0,3169.3367
22040.0,4852.468
22041.0,7541.468
22042.0,5213.256
22043.0,2195.754
22044.0,3197.7751
22045.0,1565.5743
22046.0,3420.514
22047.0,7712.0522
22048.0,1838.0782
22049.0,4052.1167
22050.0,2925.449
22051.0,4755.6206
22052.0,2123.5706
22053.0,4959.79
22054.0,5117.516
22055.0,3741.7764
22056.0,2015.8998
22057.0,8008.192
22058.0,3201.4563
22059.0,5628.079
22060.0,6722.076
22061.0,3267.2612
22062.0,7176.6406
22063.0,3808.988
22064.0,2209.1858
22065.0,3246.9993
22066.0,2482.0647
22067.0,2622.7046
22068.0,4984.9844
22069.0,5493.4673
22070.0,2096.806
22071.0,4610.4976
22072.0,4709.6426
22073.0,3563.179
22074.0,3523.157
22075.0,2961.802
22076.0,3590.787
22077.0,3160.026
22078.0,3893.7566
22079.0,2324.4658
22080.0,4308.635
22081.0,2590.9966
22082.0,3410.2378
22083.0,4485.053
22084.0,2640.8337
22085.0,5697.09
22086.0,7319.8335
22087.0,4023.8289
22088.0,4583.3154
22089.0,5124.3057
22090.0,6371.824
22091.0,5577.029
22092.0,8552.267
22093.0,2773.9092
22094.0,3956.3804
22095.0,3577.6987
22096.0,3920.5505
22097.0,5507.7646
22098.0,2896.6555
22099.0,4744.7056
22100.0,7551.6094
22101.0,6667.5815
22102.0,1687.7318
22103.0,4509.592
22104.0,6467.9053
22105.0,3642.2246
22106.0,6728.6836
22107.0,4463.147
22108.0,5220.108
22109.0,5510.7075
22110.0,3822.6309
22111.0,2777.3198
22112.0,5436.363
22113.0,5507.791
22114.0,2650.7805
22115.0,6818.7334
22116.0,3631.8613
22117.0,4297.2407
22118.0,4349.695
22119.0,3045.4067
22120.0,5882.5713
22121.0,2461.986
22122.0,4974.3257
22123.0,3190.7756
22124.0,1624.1158
22125.0,5382.9673
22126.0,6311.9995
22127.0,6063.22
22128.0,6254.0605
22129.0,3836.7468
22130.0,3299.9385
22131.0,4850.3525
22132.0,6319.777
22133.0,2199.484
22134.0,2359.9998
22135.0,8252.066
22136.0,9765.907
22137.0,3471.019
22138.0,4368.1353
22139.0,4639.5176
22140.0,5920.7036
22141.0,3407.6655
22142.0,1716.1307
22143.0,5432.1953
22144.0,4412.198
22145.0,4899.62
22146.0,8761.784
22147.0,7207.606
22148.0,3147.7654
22149.0,4689.8413
22150.0,2461.7183
22151.0,1096.3179
22152.0,4088.6418
22153.0,8197.202
22154.0,3700.4336
22155.0,4353.925
22156.0,2464.3408
22157.0,4803.1562
22158.0,6857.332
22159.0,5850.8374
22160.0,4459.7295
22161.0,3056.1401
22162.0,4479.649
22163.0,2885.7373
22164.0,6217.2974
22165.0,3012.3452
22166.0,2349.989
22167.0,1748.5126
22168.0,2586.2783
22169.0,4964.3667
22170.0,3466.7173
22171.0,3786.722
22172.0,5099.1753
22173.0,4722.229
22174.0,5165.672
22175.0,3222.4822
22176.0,4738.8027
22177.0,4052.3293
22178.0,3576.5317
22179.0,2045.602
22180.0,4660.804
22181.0,3052.195
22182.0,3047.7637
22183.0,4337.464
22184.0,8984.957
22185.0,5822.872
22186.0,4316.3027
22187.0,5615.81
22188.0,6486.303
22189.0,9368.08
22190.0,2943.535
22191.0,3505.1284
22192.0,3772.2825
22193.0,6477.7773
22194.0,6002.0024
22195.0,7717.387
22196.0,6765.8877
22197.0,6290.405
22198.0,2452.4832
22199.0,6319.4453
22200.0,4079.5293
22201.0,3146.1772
22202.0,4291.023
22203.0,3071.7488
22204.0,4150.1216
22205.0,4548.4253
22206.0,3852.9102
22207.0,5688.7925
22208.0,3085.8235
22209.0,3425.7322
22210.0,3816.3167
22211.0,4363.833
22212.0,8972.608
22213.0,4034.9832
22214.0,5704.2295
22215.0,4773.1313
22216.0,2624.195
22217.0,7648.293
22218.0,2743.518
22219.0,10140.498
22220.0,3330.1775
22221.0,3757.6758
22222.0,4534.8354
22223.0,4494.325
22224.0,2712.0674
22225.0,4139.186
22226.0,2817.3901
22227.0,2609.0571
22228.0,3544.9456
22229.0,6296.2036
22230.0,9877.192
22231.0,3688.5215
22232.0,4776.6294
22233.0,3632.9873
22234.0,2701.2053
22235.0,2735.2126
22236.0,8803.543
22237.0,4876.973
22238.0,10691.868
22239.0,5382.9727
22240.0,4189.2876
22241.0,11162.704
22242.0,5542.833
22243.0,3200.9556
22244.0,4862.397
22245.0,5871.03
22246.0,2940.508
22247.0,5338.8887
22248.0,3129.5667
22249.0,2317.8032
22250.0,5584.5986
22251.0,3616.1868
22252.0,2755.198
22253.0,4337.29
22254.0,4350.429
22255.0,9856.997
22256.0,4791.9995
22257.0,4387.562
22258.0,3500.9011
22259.0,6091.944
22260.0,3133.6863
22261.0,5826.1333
22262.0,4024.3816
22263.0,6575.5244
22264.0,5679.6836
22265.0,4237.19
22266.0,3190.8425
22267.0,4819.9316
22268.0,4606.787
22269.0,3747.9277
22270.0,5315.9404
22271.0,4448.755
22272.0,3297.6067
22273.0,4515.058
22274.0,5948.906
22275.0,6746.253
22276.0,6504.04
22277.0,6741.9365
22278.0,3742.2903
22279.0,5530.011
22280.0,2140.5872
22281.0,7490.5767
22282.0,7274.6553
22283.0,7949.6465
22284.0,5719.255
22285.0,2627.2112
22286.0,4681.796
22287.0,5598.951
22288.0,7990.217
22289.0,4274.7954
22290.0,4724.306
22291.0,3838.9253
22292.0,5852.0986
22293.0,2648.5078
22294.0,6901.525
22295.0,4007.3384
22296.0,6314.4443
22297.0,6543.603
22298.0,3557.602
22299.0,7348.6685
22300.0,4774.3105
22301.0,4791.218
22302.0,3497.9702
22303.0,6266.9707
22304.0,9629.592
22305.0,5998.929
22306.0,5106.735
22307.0,9051.8
22308.0,6220.542
22309.0,4684.981
22310.0,3806.885
22311.0,2154.2798
22312.0,2612.9045
22313.0,4413.9834
22314.0,6312.1562
22315.0,7384.8193
22316.0,4389.0312
22317.0,3634.1902
22318.0,7450.5244
22319.0,6738.42
22320.0,4836.6265
22321.0,2769.1829
22322.0,9699.656
22323.0,3321.6775
22324.0,3725.0305
22325.0,6180.1255
22326.0,3764.5789
22327.0,4584.181
22328.0,2704.177
22329.0,5274.443
22330.0,4616.7554
22331.0,5123.118
22332.0,8002.7935
22333.0,6950.8535
22334.0,6188.815
22335.0,2940.0718
22336.0,5972.797
22337.0,11316.651
22338.0,4756.256
22339.0,3337.3203
22340.0,5875.4106
22341.0,4991.803
22342.0,6515.85
22343.0,8243.429
22344.0,2141.91
22345.0,7327.3706
22346.0,4220.526
22347.0,4871.287
22348.0,6412.075
22349.0,2267.677
22350.0,4440.14
22351.0,4065.9048
22352.0,6684.934
22353.0,6402.0225
22354.0,3634.3843
22355.0,4253.863
22356.0,6077.6953
22357.0,5345.3193
22358.0,4766.4795
22359.0,5845.025
22360.0,3478.63
22361.0,4994.6035
22362.0,3853.1013
22363.0,2960.8699
22364.0,5106.545
22365.0,5987.599
22366.0,5822.0615
22367.0,5907.227
22368.0,7635.909
22369.0,3600.4255
22370.0,7339.9336
22371.0,3006.6118
22372.0,3135.8933
22373.0,7050.444
22374.0,6657.2803
22375.0,6681.1094
22376.0,9224.964
22377.0,6731.155
22378.0,4934.238
22379.0,5940.8647
22380.0,6565.0146
22381.0,2803.0547
22382.0,2615.668
22383.0,5282.131
22384.0,4357.839
22385.0,5214.4346
22386.0,2874.7449
22387.0,5126.8237
22388.0,5787.1475
22389.0,5749.031
22390.0,5109.166
22391.0,2762.1328
22392.0,5378.471
22393.0,6469.9043
22394.0,3366.7454
22395.0,4941.3354
22396.0,2769.9968
22397.0,5298.3037
22398.0,3917.358
22399.0,4060.61
22400.0,4229.146
22401.0,6981.398
22402.0,5593.432
22403.0,6068.4966
22404.0,13412.704
22405.0,3829.814
22406.0,4243.5566
22407.0,9669.396
22408.0,5250.94
22409.0,7787.2314
22410.0,5732.226
22411.0,5017.8257
22412.0,5395.7676
22413.0,5135.6387
22414.0,4320.1377
22415.0,7269.994
22416.0,5015.079
22417.0,2631.4832
22418.0,3023.4553
22419.0,8035.047
22420.0,9557.535
22421.0,5555.5205
22422.0,5387.138
22423.0,3775.303
22424.0,2296.8494
22425.0,1930.4839
22426.0,3174.2083
22427.0,5874.839
22428.0,6368.2764
22429.0,4335.4287
22430.0,3841.09
22431.0,7928.7847
22432.0,5101.1846
22433.0,6635.0234
22434.0,4619.636
22435.0,6724.7056
22436.0,9348.426
22437.0,3585.9265
22438.0,5560.642
22439.0,4807.827
22440.0,6126.546
22441.0,2632.0105
22442.0,4868.495
22443.0,4384.211
22444.0,7168.3765
22445.0,5455.6973
22446.0,6688.812
22447.0,6513.6196
22448.0,5015.9214
22449.0,7093.4785
22450.0,16491.877
22451.0,8710.125
22452.0,3444.8901
22453.0,3022.3796
22454.0,5809.4526
22455.0,7262.3496
22456.0,3278.3103
22457.0,8898.581
22458.0,16498.97
22459.0,4527.0254
22460.0,2425.3137
22461.0,9473.468
22462.0,2914.397
22463.0,5916.069
22464.0,2799.0906
22465.0,5138.407
22466.0,3351.2268
22467.0,5876.6436
22468.0,5407.35
22469.0,4586.416
22470.0,9094.775
22471.0,6098.3506
22472.0,5740.121
22473.0,6531.942
22474.0,5238.638
22475.0,4972.196
22476.0,9048.546
22477.0,4847.286
22478.0,4923.0674
22479.0,3456.256
22480.0,3019.541
22481.0,4577.461
22482.0,3874.7227
22483.0,4596.424
22484.0,8348.212
22485.0,6802.9023
22486.0,6750.514
22487.0,4342.266
22488.0,3744.6614
22489.0,4024.7424
22490.0,4525.7085
22491.0,5509.609
22492.0,2353.342
22493.0,4839.857
22494.0,5164.046
22495.0,7591.162
22496.0,5034.5625
22497.0,3718.1858
22498.0,2978.1135
22499.0,2859.3376
22500.0,7424.667
22501.0,4955.6616
22502.0,5657.6396
22503.0,11443.554
22504.0,7311.502
22505.0,4386.541
22506.0,4384.4995
22507.0,2266.0667
22508.0,3657.9666
22509.0,3773.8591
22510.0,3017.528
22511.0,7615.696
22512.0,3198.904
22513.0,8365.2295
22514.0,8725.649
22515.0,4506.431
22516.0,4675.5967
22517.0,4608.0967
22518.0,4688.978
22519.0,4416.464
22520.0,10155.51
22521.0,5965.8276
22522.0,5949.348
22523.0,3436.4907
22524.0,4844.975
22525.0,5349.5327
22526.0,7973.4146
22527.0,5738.167
22528.0,5667.151
22529.0,6698.4907
22530.0,4445.7217
22531.0,10234.573
22532.0,6620.231
22533.0,5681.51
22534.0,7427.38
22535.0,6807.5693
22536.0,6990.153
22537.0,3150.6885
22538.0,4840.7344
22539.0,4298.29
22540.0,8045.2075
22541.0,6812.5903
22542.0,6039.342
22543.0,4369.4604
22544.0,7597.855
22545.0,4540.8174
22546.0,6562.31
22547.0,6130.515
22548.0,2521.4114
22549.0,11716.785
22550.0,14374.537
22551.0,7290.11
22552.0,6441.315
22553.0,5253.315
22554.0,7154.012
22555.0,6838.827
22556.0,2576.694
22557.0,3992.0693
22558.0,5215.056
22559.0,7294.45
22560.0,2429.0732
22561.0,4286.8213
22562.0,5030.401
22563.0,4405.0786
22564.0,4798.9614
22565.0,2741.0745
22566.0,2655.0933
22567.0,6433.8057
22568.0,3031.6753
22569.0,4291.125
22570.0,4764.8203
22571.0,4699.5947
22572.0,8084.9233
22573.0,12899.62
22574.0,6174.6753
22575.0,6383.559
22576.0,6073.7144
22577.0,8700.768
22578.0,5236.535
22579.0,2430.8794
22580.0,4644.707
22581.0,11561.916
22582.0,3933.2642
22583.0,6321.272
22584.0,2004.3746
22585.0,3477.482
22586.0,5743.32
22587.0,5555.955
22588.0,5144.739
22589.0,9543.689
22590.0,8901.833
22591.0,6308.1597
22592.0,3868.566
22593.0,11674.298
22594.0,2004.828
22595.0,3299.5608
22596.0,5670.1353
22597.0,4179.1177
22598.0,9063.852
22599.0,2307.9084
22600.0,5067.4644
22601.0,5154.317
22602.0,6315.4746
22603.0,8516.248
22604.0,4999.7944
22605.0,3002.3582
22606.0,8463.34
22607.0,9002.585
22608.0,4441.1777
22609.0,4831.55
22610.0,7768.248
22611.0,5343.637
22612.0,4842.2627
22613.0,3424.7158
22614.0,6870.727
22615.0,3513.5312
22616.0,12875.959
22617.0,6886.933
22618.0,13613.509
22619.0,6309.7905
22620.0,5053.968
22621.0,1907.7657
22622.0,5231.662
22623.0,4828.099
22624.0,4633.1533
22625.0,7920.221
22626.0,5250.0737
22627.0,2466.8635
22628.0,6652.8687
22629.0,3344.5774
22630.0,8520.253
22631.0,7226.0815
22632.0,6133.0884
22633.0,7005.698
22634.0,4371.591
22635.0,6154.7715
22636.0,7081.6484
22637.0,4272.5083
22638.0,5917.9653
22639.0,3757.8586
22640.0,7613.815
22641.0,4996.753
22642.0,3255.8733
22643.0,4188.2007
22644.0,7712.435
22645.0,5224.137
22646.0,3641.2346
22647.0,4888.2485
22648.0,5397.3013
22649.0,4458.53
22650.0,5185.404
22651.0,9668.502
22652.0,4175.0815
22653.0,3083.8193
22654.0,5894.417
22655.0,5551.7065
22656.0,2814.5867
22657.0,4834.196
22658.0,7531.943
22659.0,6681.9634
22660.0,9833.568
22661.0,7992.633
22662.0,7166.9
22663.0,5512.889
22664.0,3925.348
22665.0,9430.763
22666.0,7358.811
22667.0,6870.144
22668.0,4705.781
22669.0,4722.1885
22670.0,4267.6123
22671.0,2476.1091
22672.0,10990.162
22673.0,5873.6455
22674.0,5023.2993
22675.0,4216.0996
22676.0,1279.1362
22677.0,7133.8496
22678.0,6522.012
22679.0,5138.8823
22680.0,3598.602
22681.0,4622.916
22682.0,4928.0337
22683.0,4214.29
22684.0,8258.925
22685.0,4021.9792
22686.0,4023.4065
22687.0,3181.2168
22688.0,2363.408
22689.0,4568.6016
22690.0,11538.122
22691.0,4542.667
22692.0,5468.707
22693.0,4551.876
22694.0,3566.5593
22695.0,3140.923
22696.0,5018.4385
22697.0,2361.865
22698.0,7921.362
22699.0,5699.427
22700.0,2788.5452
22701.0,8081.7856
22702.0,2617.3406
22703.0,3689.8975
22704.0,8206.144
22705.0,7360.2217
22706.0,7940.0986
22707.0,2335.7468
22708.0,4533.1313
22709.0,3964.3782
22710.0,4439.234
22711.0,14877.772
22712.0,10003.094
22713.0,4845.0903
22714.0,2652.0137
22715.0,5255.405
22716.0,3686.6958
22717.0,2145.119
22718.0,7477.6704
22719.0,3877.1074
22720.0,5307.044
22721.0,6062.7227
22722.0,4326.6865
22723.0,4003.678
22724.0,5244.9634
22725.0,6409.617
22726.0,5674.5234
22727.0,2529.1946
22728.0,6049.46
22729.0,5968.1953
22730.0,7006.8276
22731.0,5430.258
22732.0,5555.743
22733.0,2287.126
22734.0,8909.894
22735.0,4063.338
22736.0,3018.078
22737.0,4422.7876
22738.0,4253.6763
22739.0,4069.036
22740.0,5666.8857
22741.0,3249.8718
22742.0,4866.327
22743.0,4614.6025
22744.0,6678.1533
22745.0,7733.074
22746.0,3939.9148
22747.0,7576.572
22748.0,5697.644
22749.0,2480.0989
22750.0,9709.968
22751.0,3410.9243
22752.0,3064.338
22753.0,5189.689
22754.0,9487.312
22755.0,8313.957
22756.0,3980.1716
22757.0,4368.898
22758.0,5981.976
22759.0,6381.641
22760.0,4632.3936
22761.0,8176.5015
22762.0,2792.4478
22763.0,4257.5244
22764.0,3710.2068
22765.0,2726.026
22766.0,2348.2432
22767.0,6012.8667
22768.0,5580.6577
22769.0,5082.9414
22770.0,4313.4053
22771.0,7066.4736
22772.0,7621.015
22773.0,4419.6416
22774.0,4401.5674
22775.0,4235.129
22776.0,6119.2515
22777.0,4729.3965
22778.0,1564.2355
22779.0,5457.774
22780.0,6114.4497
22781.0,5131.917
22782.0,5310.148
22783.0,2609.5078
22784.0,8435.263
22785.0,2547.6338
22786.0,7923.1826
22787.0,4694.335
22788.0,3987.3044
22789.0,7693.9346
22790.0,3403.7148
22791.0,3540.1638
22792.0,8353.31
22793.0,2504.7493
22794.0,5608.519
22795.0,8437.032
22796.0,5606.7114
22797.0,2261.6064
22798.0,4717.7627
22799.0,2889.8806
22800.0,2048.998
22801.0,4368.706
22802.0,5830.0635
22803.0,3960.4473
22804.0,4146.034
22805.0,5313.8774
22806.0,4522.5107
22807.0,9047.545
22808.0,5069.084
22809.0,4977.919
22810.0,4020.9204
22811.0,4940.068
22812.0,5675.1836
22813.0,5542.791
22814.0,7290.242
22815.0,7391.7114
22816.0,6571.267
22817.0,5547.0327
22818.0,4704.919
22819.0,2477.833
22820.0,4837.771
22821.0,8329.792
22822.0,6266.421
22823.0,6541.319
22824.0,13128.557
22825.0,2731.0928
22826.0,4496.5894
22827.0,3874.342
22828.0,6828.1577
22829.0,7564.499
22830.0,5679.7324
22831.0,6457.013
22832.0,7662.802
22833.0,6942.6245
22834.0,4829.536
22835.0,4574.9336
22836.0,2135.7288
22837.0,4834.0576
22838.0,2993.6692
22839.0,2781.6672
22840.0,6992.4604
22841.0,14984.904
22842.0,4539.1934
22843.0,3321.158
22844.0,3935.6174
22845.0,3882.1257
22846.0,5914.393
22847.0,1805.3629
22848.0,5650.833
22849.0,5968.514
22850.0,3330.511
22851.0,9718.677
22852.0,10387.731
22853.0,3652.9592
22854.0,4378.0176
22855.0,3116.1782
22856.0,3598.3652
22857.0,4403.2095
22858.0,7785.5605
22859.0,3305.2693
22860.0,4465.5786
22861.0,4743.013
22862.0,4429.8345
22863.0,3986.7986
22864.0,6666.8184
22865.0,2571.6926
22866.0,7307.333
22867.0,5772.1797
22868.0,4329.358
22869.0,3557.972
22870.0,3408.6018
22871.0,4230.574
22872.0,4073.5642
22873.0,8855.063
22874.0,3689.3943
22875.0,3535.051
22876.0,5703.016
22877.0,4638.805
22878.0,5385.217
22879.0,4846.727
22880.0,5033.602
22881.0,8323.304
22882.0,6099.1826
22883.0,5605.027
22884.0,3303.9956
22885.0,4009.2578
22886.0,6454.2734
22887.0,3390.2761
22888.0,3830.2888
22889.0,5037.69
22890.0,11775.759
22891.0,6771.414
22892.0,3997.4119
22893.0,5189.347
22894.0,5290.703
22895.0,6409.079
22896.0,4918.9556
22897.0,7834.3
22898.0,5572.3867
22899.0,4647.925
22900.0,3395.199
22901.0,1945.1937
22902.0,3555.5833
22903.0,15419.449
22904.0,1810.9979
22905.0,4415.7437
22906.0,5741.1235
22907.0,5945.2754
22908.0,4539.8257
22909.0,7017.268
22910.0,5564.621
22911.0,6026.86
22912.0,2145.26
22913.0,7142.871
22914.0,3309.8003
22915.0,5667.2266
22916.0,7550.2627
22917.0,3421.5093
22918.0,7351.4097
22919.0,5566.2935
22920.0,2854.5203
22921.0,5182.338
22922.0,5869.714
22923.0,2374.536
22924.0,7514.434
22925.0,5914.111
22926.0,4300.435
22927.0,7411.45
22928.0,7050.6455
22929.0,6011.0493
22930.0,3587.189
22931.0,3641.5195
22932.0,5051.7407
22933.0,3393.6316
22934.0,5444.5205
22935.0,2409.0566
22936.0,5627.709
22937.0,2634.5703
22938.0,5079.311
22939.0,4735.125
22940.0,4128.5034
22941.0,4654.3936
22942.0,8317.026
22943.0,4139.8413
22944.0,6807.0435
22945.0,5181.2407
22946.0,5976.8374
22947.0,7840.078
22948.0,7486.0195
22949.0,3968.9265
22950.0,4500.005
22951.0,5174.509
22952.0,4519.0566
22953.0,9749.732
22954.0,5480.148
22955.0,5211.6
22956.0,8060.8076
22957.0,6170.0537
22958.0,1659.4209
22959.0,8062.507
22960.0,7978.778
22961.0,6296.7197
22962.0,6833.318
22963.0,7013.9355
22964.0,7529.644
22965.0,5169.4966
22966.0,3873.7876
22967.0,2916.088
22968.0,5773.826
22969.0,5621.9253
22970.0,2708.1516
22971.0,7100.275
22972.0,6734.6035
22973.0,4251.4653
22974.0,6940.9956
22975.0,4481.264
22976.0,5911.054
22977.0,2966.5176
22978.0,4370.1357
22979.0,4269.567
22980.0,3082.7898
22981.0,5215.7524
22982.0,5761.97
22983.0,6628.35
22984.0,5610.4453
22985.0,3607.3838
22986.0,5119.025
22987.0,6385.654
22988.0,6297.645
22989.0,3148.321
22990.0,2545.8323
22991.0,7868.9805
22992.0,5522.189
22993.0,3486.989
22994.0,6813.4937
22995.0,6953.0947
22996.0,5997.968
22997.0,4655.2324
22998.0,1647.3347
22999.0,5212.505
23000.0,5871.5503
23001.0,4442.5464
23002.0,8341.726
23003.0,5918.8516
23004.0,3046.4875
23005.0,5676.1094
23006.0,2815.203
23007.0,1026.9421
23008.0,5347.4463
23009.0,8922.522
23010.0,4968.8486
23011.0,3867.1013
23012.0,2558.4473
23013.0,4796.9434
23014.0,7407.245
23015.0,5392.469
23016.0,7550.0825
23017.0,3532.3005
23018.0,4134.9634
23019.0,2964.451
23020.0,5770.886
23021.0,3009.5933
23022.0,2243.456
23023.0,3485.6687
23024.0,2713.914
23025.0,7015.849
23026.0,3216.3706
23027.0,4515.997
23028.0,4511.0977
23029.0,7091.693
23030.0,4615.386
23031.0,3511.7317
23032.0,8870.0
23033.0,6599.898
23034.0,6705.753
23035.0,1911.554
23036.0,4822.3364
23037.0,4557.3545
23038.0,3472.1484
23039.0,7710.596
23040.0,8466.98
23041.0,5973.697
23042.0,5804.2236
23043.0,5589.043
23044.0,7307.5283
23045.0,10304.615
23046.0,2723.3108
23047.0,3474.5872
23048.0,4951.357
23049.0,5326.2896
23050.0,5408.4746
23051.0,11060.078
23052.0,6342.023
23053.0,6070.2104
23054.0,2285.9688
23055.0,6172.962
23056.0,6246.5845
23057.0,2927.2327
23058.0,5758.7397
23059.0,2815.1384
23060.0,6392.845
23061.0,4855.102
23062.0,4693.041
23063.0,5602.9316
23064.0,3513.7925
23065.0,4475.8306
23066.0,6322.5806
23067.0,4058.8713
23068.0,8447.348
23069.0,4927.775
23070.0,7568.3164
23071.0,4687.4663
23072.0,3195.418
23073.0,7761.101
23074.0,2514.3357
23075.0,9393.329
23076.0,5684.9844
23077.0,4826.5337
23078.0,5716.103
23079.0,4263.194
23080.0,3898.0972
23081.0,5301.342
23082.0,2661.2087
23083.0,2700.3706
23084.0,5510.3345
23085.0,5526.3726
23086.0,9314.561
23087.0,5012.8027
23088.0,4425.7334
23089.0,3661.6113
23090.0,4737.3794
23091.0,2771.1968
23092.0,8911.483
23093.0,6508.2847
23094.0,11205.618
23095.0,5243.988
23096.0,4429.6274
23097.0,6240.141
23098.0,6843.7344
23099.0,2921.4314
23100.0,7878.6914
23101.0,5795.7593
23102.0,4310.9043
23103.0,5501.1543
23104.0,4175.878
23105.0,3050.434
23106.0,5075.8433
23107.0,3721.1167
23108.0,2639.1274
23109.0,6444.0435
23110.0,5559.6714
23111.0,20104.25
23112.0,6311.3193
23113.0,4190.9746
23114.0,7004.87
23115.0,10607.806
23116.0,5478.2144
23117.0,7127.8984
23118.0,5062.812
23119.0,8034.1807
23120.0,7851.6846
23121.0,6166.3237
23122.0,5545.1177
23123.0,7183.4
23124.0,7463.1704
23125.0,7339.7515
23126.0,8304.533
23127.0,5656.56
23128.0,4993.4414
23129.0,6671.7163
23130.0,10081.152
23131.0,10129.208
23132.0,9621.715
23133.0,7685.7344
23134.0,4701.191
23135.0,6924.6753
23136.0,4422.775
23137.0,8201.464
23138.0,10385.403
23139.0,10815.715
23140.0,6098.2344
23141.0,4397.2534
23142.0,4789.3857
23143.0,6310.013
23144.0,10236.877
23145.0,6615.6543
23146.0,5236.3804
23147.0,5694.846
23148.0,8431.418
23149.0,3767.9849
23150.0,7585.466
23151.0,4723.608
23152.0,7317.53
23153.0,7182.057
23154.0,6095.7803
23155.0,8435.552
23156.0,6329.5195
23157.0,4890.52
23158.0,6471.1694
23159.0,8071.455
23160.0,12173.139
23161.0,6143.9614
23162.0,7602.429
23163.0,8047.372
23164.0,9275.845
23165.0,6508.328
23166.0,7598.899
23167.0,4742.597
23168.0,4472.992
23169.0,6102.0454
23170.0,6959.086
23171.0,9162.076
23172.0,5444.3853
23173.0,5129.641
23174.0,7682.2383
23175.0,6769.361
23176.0,8600.734
23177.0,3898.856
23178.0,13509.712
23179.0,4874.801
23180.0,6207.6743
23181.0,8079.365
23182.0,4748.853
23183.0,6148.9795
23184.0,6872.982
23185.0,7442.243
23186.0,5660.873
23187.0,5776.063
23188.0,8272.469
23189.0,7685.8955
23190.0,8409.051
23191.0,4853.4443
23192.0,6602.9077
23193.0,12973.699
23194.0,6572.778
23195.0,4985.0083
23196.0,7569.8833
23197.0,5525.914
23198.0,6250.679
23199.0,8060.469
23200.0,4027.1772
23201.0,8824.551
23202.0,5424.33
23203.0,7291.2505
23204.0,8786.899
23205.0,4980.859
23206.0,5770.611
23207.0,5996.5605
23208.0,7959.6997
23209.0,9314.472
23210.0,4669.749
23211.0,4909.557
23212.0,6740.8306
23213.0,6064.5444
23214.0,6268.262
23215.0,9053.328
23216.0,6262.68
23217.0,7300.3735
23218.0,5203.3
23219.0,4790.185
23220.0,6979.094
23221.0,8508.656
23222.0,7403.9253
23223.0,9227.463
23224.0,8570.705
23225.0,6276.4585
23226.0,9323.707
23227.0,5577.364
23228.0,6762.6104
23229.0,9159.228
23230.0,6842.951
23231.0,9385.7705
23232.0,8984.8545
23233.0,7807.468
23234.0,6524.6504
23235.0,7369.361
23236.0,8452.9
23237.0,5873.584
23238.0,4130.993
23239.0,5485.446
23240.0,7738.173
23241.0,6783.5737
23242.0,5177.0513
23243.0,8418.633
23244.0,6687.472
23245.0,6138.379
23246.0,5566.166
23247.0,5287.843
23248.0,6895.1816
23249.0,7082.432
23250.0,7072.259
23251.0,6036.888
23252.0,5211.8438
23253.0,6736.479
23254.0,4038.1946
23255.0,6924.913
23256.0,5115.7153
23257.0,8959.157
23258.0,7599.0
23259.0,6819.82
23260.0,12663.909
23261.0,4909.2715
23262.0,4984.062
23263.0,11046.658
23264.0,7685.405
23265.0,8954.595
23266.0,7362.539
23267.0,5940.4624
23268.0,6525.7397
23269.0,7181.3037
23270.0,7429.4487
23271.0,10984.073
23272.0,6571.7812
23273.0,4147.854
23274.0,5025.207
23275.0,9432.076
23276.0,10016.01
23277.0,6906.7075
23278.0,7125.628
23279.0,4237.9414
23280.0,5141.084
23281.0,3454.0479
23282.0,4710.712
23283.0,6952.491
23284.0,6997.8647
23285.0,6822.7344
23286.0,6960.8584
23287.0,8593.231
23288.0,8117.012
23289.0,7582.1167
23290.0,5444.9097
23291.0,8783.1875
23292.0,11656.285
23293.0,6629.988
23294.0,7835.9067
23295.0,5593.7627
23296.0,7034.1216
23297.0,4348.977
23298.0,6756.6914
23299.0,5509.315
23300.0,8477.599
23301.0,7036.2217
23302.0,8545.947
23303.0,7508.6455
23304.0,5903.5996
23305.0,9196.158
23306.0,18470.463
23307.0,10874.976
23308.0,5168.2
23309.0,3477.5615
23310.0,6973.724
23311.0,8842.059
23312.0,5132.9155
23313.0,12319.71
23314.0,18189.777
23315.0,4129.165
23316.0,4900.5923
23317.0,9058.969
23318.0,4766.525
23319.0,9128.964
23320.0,6349.686
23321.0,7291.014
23322.0,3622.049
23323.0,7280.7847
23324.0,7390.2944
23325.0,6327.8354
23326.0,9325.619
23327.0,6533.3066
23328.0,6215.584
23329.0,6934.411
23330.0,6035.1665
23331.0,4837.369
23332.0,8267.823
23333.0,6396.846
23334.0,5886.287
23335.0,6898.7866
23336.0,5725.2534
23337.0,5486.408
23338.0,6863.856
23339.0,7127.5244
23340.0,9551.502
23341.0,6927.0405
23342.0,7379.1797
23343.0,6131.7725
23344.0,3950.3691
23345.0,6623.667
23346.0,7208.658
23347.0,5673.419
23348.0,4407.9243
23349.0,7599.232
23350.0,7405.3735
23351.0,10289.235
23352.0,6385.045
23353.0,6125.599
23354.0,4828.274
23355.0,5091.705
23356.0,9952.38
23357.0,5121.1685
23358.0,8817.534
23359.0,13418.936
23360.0,7609.4155
23361.0,6522.74
23362.0,5185.4185
23363.0,4690.508
23364.0,8465.584
23365.0,4243.7793
23366.0,4792.7446
23367.0,8307.829
23368.0,4632.4287
23369.0,15854.252
23370.0,11171.353
23371.0,5332.649
23372.0,7273.8086
23373.0,5699.2256
23374.0,6720.608
23375.0,5834.737
23376.0,11374.294
23377.0,8180.222
23378.0,8702.552
23379.0,4960.003
23380.0,7156.278
23381.0,5252.318
23382.0,9662.371
23383.0,7231.7007
23384.0,7207.3174
23385.0,6968.631
23386.0,5739.4097
23387.0,9583.989
23388.0,9933.253
23389.0,5722.136
23390.0,10516.057
23391.0,7214.7114
23392.0,9059.78
23393.0,6064.469
23394.0,5353.8257
23395.0,5659.1885
23396.0,10377.116
23397.0,7204.6367
23398.0,7660.712
23399.0,4670.404
23400.0,9969.044
23401.0,5121.0464
23402.0,10038.38
23403.0,6865.159
23404.0,3801.9602
23405.0,15290.184
23406.0,17173.543
23407.0,7929.231
23408.0,7631.169
23409.0,8621.637
23410.0,10118.886
23411.0,10091.976
23412.0,5464.7544
23413.0,7450.3184
23414.0,6134.317
23415.0,9119.496
23416.0,4343.31
23417.0,5883.363
23418.0,6157.895
23419.0,5598.695
23420.0,7954.0986
23421.0,4451.009
23422.0,4752.959
23423.0,6460.4077
23424.0,4244.0664
23425.0,4598.915
23426.0,6045.814
23427.0,6373.04
23428.0,9531.263
23429.0,9439.798
23430.0,7793.9194
23431.0,6761.0815
23432.0,7385.4814
23433.0,10095.018
23434.0,7563.5396
23435.0,5926.755
23436.0,5259.467
23437.0,10921.469
23438.0,4667.491
23439.0,7144.527
23440.0,3798.9656
23441.0,4856.7095
23442.0,7470.3774
23443.0,7405.126
23444.0,6382.396
23445.0,9949.571
23446.0,10068.632
23447.0,9704.431
23448.0,6134.223
23449.0,13036.138
23450.0,3165.5173
23451.0,5643.0015
23452.0,6540.6143
23453.0,4454.0835
23454.0,8334.488
23455.0,4701.137
23456.0,5344.519
23457.0,9506.133
23458.0,10493.323
23459.0,8412.027
23460.0,5361.3276
23461.0,5636.186
23462.0,10588.752
23463.0,8030.9785
23464.0,6079.9453
23465.0,5936.781
23466.0,6856.619
23467.0,9147.651
23468.0,5040.545
23469.0,5872.2563
23470.0,9014.648
23471.0,8580.422
23472.0,12077.581
23473.0,6600.8486
23474.0,14463.829
23475.0,7236.3027
23476.0,6126.125
23477.0,3618.2952
23478.0,5614.905
23479.0,6579.6587
23480.0,5735.7812
23481.0,9316.56
23482.0,5422.2764
23483.0,4749.8223
23484.0,7526.865
23485.0,3838.7605
23486.0,8400.481
23487.0,7045.4287
23488.0,7447.3984
23489.0,8628.868
23490.0,5583.5493
23491.0,9114.035
23492.0,6870.976
23493.0,4841.011
23494.0,6072.347
23495.0,5322.572
23496.0,10087.943
23497.0,6234.174
23498.0,4514.7783
23499.0,6763.3457
23500.0,9489.004
23501.0,7259.898
23502.0,5994.9424
23503.0,8973.242
23504.0,5308.3047
23505.0,5448.188
23506.0,6121.207
23507.0,9836.392
23508.0,5976.25
23509.0,6430.621
23510.0,6487.5405
23511.0,5987.85
23512.0,4432.612
23513.0,5804.9214
23514.0,8379.363
23515.0,9141.746
23516.0,11139.35
23517.0,11910.262
23518.0,9061.837
23519.0,7114.633
23520.0,4844.3926
23521.0,11757.018
23522.0,10636.243
23523.0,8285.419
23524.0,7987.077
23525.0,9176.033
23526.0,5513.447
23527.0,3896.4578
23528.0,11116.276
23529.0,6343.0576
23530.0,6622.8267
23531.0,6221.2544
23532.0,3192.2644
23533.0,10562.456
23534.0,4485.7593
23535.0,4949.355
23536.0,4970.5596
23537.0,6746.9414
23538.0,6277.7817
23539.0,7981.3354
23540.0,6492.7964
23541.0,4522.873
23542.0,4834.68
23543.0,3900.5857
23544.0,2762.4492
23545.0,7691.5938
23546.0,16522.766
23547.0,4929.806
23548.0,6253.798
23549.0,6430.646
23550.0,5505.7637
23551.0,5298.7383
23552.0,5383.173
23553.0,3708.197
23554.0,8297.653
23555.0,7547.57
23556.0,4508.1636
23557.0,9349.594
23558.0,5957.315
23559.0,4862.499
23560.0,8868.478
23561.0,8065.653
23562.0,9160.425
23563.0,5544.9854
23564.0,7034.47
23565.0,5028.5635
23566.0,5571.956
23567.0,13824.451
23568.0,10755.937
23569.0,6811.9663
23570.0,5423.213
23571.0,5394.229
23572.0,5948.4233
23573.0,4469.3667
23574.0,8729.236
23575.0,4785.0337
23576.0,5462.1333
23577.0,7809.0913
23578.0,5228.1704
23579.0,6559.0376
23580.0,6764.707
23581.0,7723.0864
23582.0,7729.033
23583.0,4190.5786
23584.0,6644.6245
23585.0,7222.65
23586.0,9188.847
23587.0,9421.107
23588.0,7315.1714
23589.0,4371.324
23590.0,8616.433
23591.0,5991.3066
23592.0,5010.862
23593.0,7269.8833
23594.0,7748.5938
23595.0,6963.9995
23596.0,6798.5693
23597.0,5910.6313
23598.0,7145.365
23599.0,5434.185
23600.0,5593.165
23601.0,7281.4653
23602.0,5928.8354
23603.0,9872.597
23604.0,6409.929
23605.0,5071.2266
23606.0,13006.456
23607.0,6011.7715
23608.0,3689.8906
23609.0,8549.575
23610.0,9152.32
23611.0,9008.976
23612.0,4684.0024
23613.0,6413.568
23614.0,6596.6377
23615.0,7798.723
23616.0,6587.5522
23617.0,9270.078
23618.0,3805.516
23619.0,6235.869
23620.0,6788.085
23621.0,5205.1963
23622.0,4734.154
23623.0,7131.5845
23624.0,8464.801
23625.0,5927.4956
23626.0,7980.78
23627.0,7248.412
23628.0,9158.109
23629.0,5231.183
23630.0,6667.149
23631.0,6502.9297
23632.0,7693.846
23633.0,8306.015
23634.0,4658.831
23635.0,7890.1143
23636.0,7804.4897
23637.0,6753.6377
23638.0,4808.7036
23639.0,4059.1733
23640.0,7942.098
23641.0,6524.1963
23642.0,8776.664
23643.0,7353.0576
23644.0,5554.339
23645.0,9018.812
23646.0,6370.749
23647.0,6938.4473
23648.0,7717.358
23649.0,5793.9297
23650.0,7640.404
23651.0,11185.245
23652.0,7906.9746
23653.0,4811.415
23654.0,6248.0503
23655.0,4786.819
23656.0,3546.9006
23657.0,8444.56
23658.0,6381.8115
23659.0,8970.264
23660.0,5491.503
23661.0,7458.3457
23662.0,6403.238
23663.0,8777.334
23664.0,5529.046
23665.0,5660.02
23666.0,6207.1
23667.0,7331.5093
23668.0,6241.248
23669.0,7364.962
23670.0,8240.67
23671.0,9062.927
23672.0,7871.45
23673.0,7547.289
23674.0,6498.4033
23675.0,4535.2373
23676.0,5420.8184
23677.0,11374.749
23678.0,9881.8
23679.0,8771.626
23680.0,14483.32
23681.0,5957.3774
23682.0,5523.374
23683.0,5606.9624
23684.0,9466.64
23685.0,9697.565
23686.0,6742.67
23687.0,8310.777
23688.0,8599.987
23689.0,7193.3623
23690.0,6901.6562
23691.0,6354.9087
23692.0,5323.3135
23693.0,5737.817
23694.0,3960.3906
23695.0,5630.576
23696.0,9296.349
23697.0,16743.934
23698.0,5988.4443
23699.0,4820.3086
23700.0,7992.053
23701.0,3689.3909
23702.0,7140.882
23703.0,3984.2856
23704.0,8403.431
23705.0,6917.2163
23706.0,6834.7515
23707.0,13145.408
23708.0,12208.101
23709.0,6449.572
23710.0,6806.011
23711.0,3598.815
23712.0,5432.765
23713.0,5118.854
23714.0,9683.295
23715.0,4995.709
23716.0,4377.905
23717.0,7051.715
23718.0,6242.737
23719.0,6959.6836
23720.0,7394.271
23721.0,3530.0063
23722.0,7755.374
23723.0,7547.6704
23724.0,8309.018
23725.0,5168.0225
23726.0,4759.95
23727.0,8233.976
23728.0,4429.564
23729.0,9968.397
23730.0,4544.648
23731.0,5057.16
23732.0,6985.0547
23733.0,6764.791
23734.0,4799.946
23735.0,6796.4165
23736.0,7531.1743
23737.0,8944.198
23738.0,9541.696
23739.0,6232.521
23740.0,3656.9268
23741.0,5417.6133
23742.0,8201.949
23743.0,4964.6416
23744.0,6483.0933
23745.0,5917.056
23746.0,12019.642
23747.0,8477.315
23748.0,6513.166
23749.0,7376.583
23750.0,5885.8267
23751.0,9831.317
23752.0,5675.66
23753.0,11625.331
23754.0,6571.543
23755.0,5277.533
23756.0,5249.5933
23757.0,4979.168
23758.0,7640.2876
23759.0,19432.357
23760.0,4182.24
23761.0,5322.9937
23762.0,10426.532
23763.0,6371.806
23764.0,6767.8047
23765.0,8576.012
23766.0,6226.7397
23767.0,6522.908
23768.0,4447.711
23769.0,9500.351
23770.0,5720.2153
23771.0,5770.925
23772.0,8062.499
23773.0,4666.77
23774.0,8236.05
23775.0,6045.226
23776.0,3607.8862
23777.0,7916.89
23778.0,9676.463
23779.0,3982.6973
23780.0,8156.0244
23781.0,7395.153
23782.0,5563.809
23783.0,10327.58
23784.0,6892.322
23785.0,8250.013
23786.0,4345.4854
23787.0,5042.584
23788.0,6548.392
23789.0,4472.3438
23790.0,7649.2925
23791.0,4297.044
23792.0,5826.156
23793.0,4811.438
23794.0,6455.0737
23795.0,5914.0884
23796.0,7221.162
23797.0,6869.194
23798.0,9091.869
23799.0,6091.4155
23800.0,7630.0044
23801.0,6117.0454
23802.0,9924.503
23803.0,9245.293
23804.0,7506.383
23805.0,4281.345
23806.0,6430.793
23807.0,7237.497
23808.0,5273.512
23809.0,11615.002
23810.0,6202.2827
23811.0,6946.0356
23812.0,11389.122
23813.0,5873.3877
23814.0,4855.417
23815.0,11068.045
23816.0,10696.315
23817.0,5689.509
23818.0,8494.11
23819.0,11310.867
23820.0,7480.274
23821.0,6433.075
23822.0,7113.6426
23823.0,5369.5776
23824.0,6488.5493
23825.0,7652.474
23826.0,5011.77
23827.0,6568.2407
23828.0,8163.2935
23829.0,6434.364
23830.0,8551.492
23831.0,5863.4185
23832.0,6396.041
23833.0,4231.559
23834.0,8020.9424
23835.0,7610.344
23836.0,6282.328
23837.0,6147.989
23838.0,7361.6753
23839.0,9894.504
23840.0,6473.5215
23841.0,4886.309
23842.0,6747.0894
23843.0,7496.0654
23844.0,6461.554
23845.0,5158.035
23846.0,3843.744
23847.0,7453.6235
23848.0,6773.6494
23849.0,5503.947
23850.0,8303.599
23851.0,7592.0166
23852.0,6925.29
23853.0,5098.227
23854.0,3517.1091
23855.0,7120.994
23856.0,7213.989
23857.0,6569.8823
23858.0,9632.761
23859.0,8104.6035
23860.0,4857.0566
23861.0,8813.75
23862.0,3783.4617
23863.0,3412.4702
23864.0,7350.7437
23865.0,12991.566
23866.0,8369.323
23867.0,7142.3057
23868.0,4727.7866
23869.0,7065.82
23870.0,8884.852
23871.0,6043.018
23872.0,7616.582
23873.0,5069.437
23874.0,4296.3145
23875.0,5341.1147
23876.0,5864.168
23877.0,5545.6836
23878.0,5460.6797
23879.0,5831.448
23880.0,3798.7373
23881.0,7477.0073
23882.0,8045.768
23883.0,5563.448
23884.0,6086.92
23885.0,7750.434
23886.0,5369.363
23887.0,5412.9746
23888.0,10223.763
23889.0,8162.9663
23890.0,6662.1777
23891.0,3934.938
23892.0,13868.162
23893.0,6672.5884
23894.0,5695.9595
23895.0,8457.675
23896.0,8730.253
23897.0,7612.544
23898.0,6835.795
23899.0,6908.038
23900.0,10973.874
23901.0,13646.554
23902.0,5100.2944
23903.0,4959.0376
23904.0,5610.8467
23905.0,6253.0703
23906.0,6501.5654
23907.0,10743.982
23908.0,10082.9795
23909.0,6321.4165
23910.0,4237.412
23911.0,6122.965
23912.0,8671.108
23913.0,4986.449
23914.0,7164.4805
23915.0,4085.737
23916.0,8231.157
23917.0,7581.502
23918.0,7560.517
23919.0,8131.262
23920.0,6200.378
23921.0,4183.5093
23922.0,7037.135
23923.0,7861.674
23924.0,8645.261
23925.0,7652.832
23926.0,7844.783
23927.0,6558.975
23928.0,4455.932
23929.0,9337.8125
23930.0,4308.5073
23931.0,11726.971
23932.0,4429.767
23933.0,4512.69
23934.0,7097.16
23935.0,6361.0337
23936.0,7452.749
23937.0,7182.6807
23938.0,4021.5073
23939.0,4840.328
23940.0,7713.7593
23941.0,8098.2134
23942.0,10279.074
23943.0,5613.555
23944.0,5441.348
23945.0,6601.2515
23946.0,6652.653
23947.0,5525.2607
23948.0,10700.111
23949.0,9044.05
23950.0,12052.806
23951.0,4725.7847
23952.0,6006.8823
23953.0,8394.683
23954.0,8558.428
23955.0,5782.4297
23956.0,9929.359
23957.0,5975.68
23958.0,5519.182
23959.0,5863.939
23960.0,4728.395
23961.0,5075.4756
23962.0,6019.558
23963.0,5725.5376
23964.0,5280.7056
23965.0,8822.422
23966.0,6945.552
23967.0,21035.55
23968.0,7167.406
23969.0,4270.565
23970.0,8299.973
23971.0,10387.781
23972.0,6414.1553
23973.0,7317.5576
23974.0,5155.674
23975.0,8893.465
23976.0,8237.597
23977.0,5572.9023
23978.0,5944.85
23979.0,6556.16
23980.0,7900.838
23981.0,7313.8457
23982.0,8800.101
23983.0,5693.1245
23984.0,5057.078
23985.0,6729.9604
23986.0,10488.16
23987.0,10531.574
23988.0,10302.434
23989.0,7773.992
23990.0,5565.2637
23991.0,6568.704
23992.0,4210.3364
23993.0,8538.443
23994.0,12359.206
23995.0,11118.248
23996.0,6186.914
23997.0,4982.3984
23998.0,5157.4546
23999.0,6700.28
24000.0,11309.584
24001.0,6715.924
24002.0,5038.6943
24003.0,5615.076
24004.0,9411.929
24005.0,3629.6309
24006.0,7631.977
24007.0,4780.2026
24008.0,6766.4043
24009.0,7252.7207
24010.0,6179.636
24011.0,8173.8657
24012.0,6472.0767
24013.0,5337.784
24014.0,6996.4033
24015.0,7179.3037
24016.0,11512.29
24017.0,5877.731
24018.0,8322.676
24019.0,8423.355
24020.0,9147.188
24021.0,6485.895
24022.0,8126.1836
24023.0,4935.311
24024.0,4888.71
24025.0,6719.5376
24026.0,6543.36
24027.0,8821.345
24028.0,5371.924
24029.0,5233.4043
24030.0,7430.5967
24031.0,6796.0923
24032.0,9764.334
24033.0,4048.4773
24034.0,13751.586
24035.0,5353.213
24036.0,6060.7856
24037.0,8696.959
24038.0,4975.137
24039.0,6493.1616
24040.0,6558.9375
24041.0,7667.2686
24042.0,6259.497
24043.0,6319.849
24044.0,7499.427
24045.0,8019.8945
24046.0,8727.963
24047.0,5101.0776
24048.0,6900.307
24049.0,12326.633
24050.0,6523.655
24051.0,5847.54
24052.0,6964.1323
24053.0,5726.357
24054.0,5932.8296
24055.0,7368.152
24056.0,4065.6138
24057.0,8433.139
24058.0,5934.578
24059.0,7420.242
24060.0,8548.76
24061.0,4235.7915
24062.0,5781.1665
24063.0,5787.495
24064.0,8164.399
24065.0,9453.619
24066.0,4810.901
24067.0,5315.0024
24068.0,6724.1475
24069.0,5746.8926
24070.0,6637.3525
24071.0,8246.118
24072.0,6799.289
24073.0,7716.3345
24074.0,5640.2246
24075.0,4920.11
24076.0,6997.6577
24077.0,9053.268
24078.0,7864.2837
24079.0,9111.541
24080.0,8740.942
24081.0,6006.4355
24082.0,9062.218
24083.0,5892.6743
24084.0,7742.9644
24085.0,9202.266
24086.0,6526.555
24087.0,10210.617
24088.0,8340.294
24089.0,7500.378
24090.0,6657.8647
24091.0,7595.0366
24092.0,7973.6733
24093.0,6148.4224
24094.0,4115.96
24095.0,5809.657
24096.0,7908.3394
24097.0,6217.683
24098.0,5146.3438
24099.0,8894.118
24100.0,7193.1426
24101.0,6207.4253
24102.0,5423.104
24103.0,5554.2964
24104.0,7790.1807
24105.0,6948.679
24106.0,7143.5864
24107.0,5846.0176
24108.0,5110.3164
24109.0,6875.677
24110.0,3777.3599
24111.0,6462.4355
24112.0,5093.308
24113.0,8381.81
24114.0,7583.99
24115.0,6502.508
24116.0,12053.737
24117.0,5264.25
24118.0,4941.5947
24119.0,11260.934
24120.0,6801.079
24121.0,9025.472
24122.0,7363.7046
24123.0,5857.214
24124.0,6224.4297
24125.0,6059.9824
24126.0,8588.626
24127.0,11318.788
24128.0,7067.869
24129.0,3653.2937
24130.0,5238.9683
24131.0,8951.068
24132.0,8868.046
24133.0,6507.1055
24134.0,7486.3696
24135.0,4447.902
24136.0,5572.998
24137.0,3197.278
24138.0,5230.729
24139.0,6534.6963
24140.0,7380.5664
24141.0,7145.958
24142.0,7010.0767
24143.0,8356.888
24144.0,7809.978
24145.0,7356.9863
24146.0,5011.722
24147.0,9090.222
24148.0,11176.99
24149.0,6293.0933
24150.0,8307.948
24151.0,5673.722
24152.0,7201.1675
24153.0,4117.091
24154.0,7224.3794
24155.0,5575.9062
24156.0,8889.005
24157.0,6706.962
24158.0,9343.657
24159.0,8487.559
24160.0,5819.9624
24161.0,8718.761
24162.0,19093.45
24163.0,10925.793
24164.0,5954.7983
24165.0,3328.621
24166.0,6635.3145
24167.0,10260.8545
24168.0,5060.6055
24169.0,11071.022
24170.0,17251.074
24171.0,3969.5815
24172.0,5358.388
24173.0,9475.348
24174.0,4700.33
24175.0,9529.963
24176.0,6861.29
24177.0,7701.827
24178.0,3625.326
24179.0,6692.9663
24180.0,6785.4766
24181.0,6971.4165
24182.0,9586.073
24183.0,6409.067
24184.0,5885.765
24185.0,6889.5806
24186.0,5898.095
24187.0,4675.4272
24188.0,8339.068
24189.0,6568.704
24190.0,5776.465
24191.0,6953.035
24192.0,6001.785
24193.0,6144.9927
24194.0,6807.4263
24195.0,7207.1455
24196.0,8944.232
24197.0,6784.9326
24198.0,7716.9824
24199.0,6043.2485
24200.0,4182.1685
24201.0,6759.45
24202.0,7459.242
24203.0,6252.617
24204.0,4420.468
24205.0,8281.216
24206.0,7461.7896
24207.0,10560.18
24208.0,7002.8057
24209.0,5717.1445
24210.0,4942.7925
24211.0,5454.4644
24212.0,10307.053
24213.0,4613.6387
24214.0,8610.97
24215.0,14531.983
24216.0,7101.338
24217.0,8736.792
24218.0,5169.7827
24219.0,4851.116
24220.0,7559.313
24221.0,4655.3657
24222.0,5399.1914
24223.0,9266.401
24224.0,4930.055
24225.0,17469.908
24226.0,12003.145
24227.0,4585.598
24228.0,7459.235
24229.0,6585.8496
24230.0,6957.281
24231.0,5795.577
24232.0,11194.07
24233.0,7949.2827
24234.0,9505.118
24235.0,5351.518
24236.0,7486.734
24237.0,5082.961
24238.0,9424.082
24239.0,6914.472
24240.0,7101.1553
24241.0,7011.802
24242.0,5429.7656
24243.0,9354.107
24244.0,10443.183
24245.0,5634.7397
24246.0,10100.15
24247.0,6935.02
24248.0,9243.274
24249.0,6084.4995
24250.0,5115.818
24251.0,5571.6533
24252.0,10223.87
24253.0,6950.323
24254.0,7878.8115
24255.0,4691.2686
24256.0,9041.868
24257.0,4946.438
24258.0,9155.603
24259.0,7052.381
24260.0,3839.2366
24261.0,15949.525
24262.0,17251.52
24263.0,7405.5713
24264.0,7473.934
24265.0,9131.934
24266.0,10464.061
24267.0,10724.561
24268.0,5816.1445
24269.0,7773.5996
24270.0,6039.0884
24271.0,8488.821
24272.0,4353.3687
24273.0,6618.299
24274.0,6421.023
24275.0,5707.021
24276.0,7661.881
24277.0,5263.718
24278.0,4870.358
24279.0,6819.0654
24280.0,4010.1262
24281.0,4712.1724
24282.0,6338.5273
24283.0,6227.2266
24284.0,9441.257
24285.0,8559.546
24286.0,8660.216
24287.0,6752.375
24288.0,7136.6675
24289.0,10371.12
24290.0,8382.081
24291.0,5682.7563
24292.0,5076.2695
24293.0,10738.809
24294.0,4489.766
24295.0,7139.8945
24296.0,4024.7463
24297.0,5362.898
24298.0,8452.497
24299.0,7061.05
24300.0,5706.145
24301.0,9646.782
24302.0,10148.315
24303.0,10839.095
24304.0,6209.6167
24305.0,11332.28
24306.0,3329.52
24307.0,5122.7856
24308.0,6512.706
24309.0,4727.2993
24310.0,8388.76
24311.0,5153.5254
24312.0,5780.1465
24313.0,9345.689
24314.0,11302.597
24315.0,9848.145
24316.0,5218.256
24317.0,5574.7417
24318.0,10941.653
24319.0,7304.3784
24320.0,6979.1206
24321.0,5811.658
24322.0,6714.675
24323.0,10297.57
24324.0,4868.602
24325.0,6442.833
24326.0,8665.644
24327.0,8830.646
24328.0,13526.924
24329.0,6118.3525
24330.0,15415.964
24331.0,6704.1733
24332.0,6074.259
24333.0,4031.8245
24334.0,6473.4106
24335.0,6196.387
24336.0,5880.49
24337.0,8594.019
24338.0,5245.8486
24339.0,4989.4707
24340.0,7708.9785
24341.0,3825.9724
24342.0,8404.761
24343.0,6914.4785
24344.0,7807.386
24345.0,8819.124
24346.0,5424.946
24347.0,9409.479
24348.0,6751.9756
24349.0,5178.39
24350.0,5842.9126
24351.0,5663.746
24352.0,10325.157
24353.0,6494.8467
24354.0,4773.113
24355.0,6957.2607
24356.0,9329.338
24357.0,7494.486
24358.0,6223.4204
24359.0,9124.133
24360.0,5244.588
24361.0,5509.5615
24362.0,6561.046
24363.0,9201.738
24364.0,7062.714
24365.0,6642.6284
24366.0,5949.91
24367.0,5643.6636
24368.0,4711.907
24369.0,6144.102
24370.0,8094.267
24371.0,9864.38
24372.0,10760.185
24373.0,12532.497
24374.0,8436.123
24375.0,7844.8804
24376.0,5011.316
24377.0,12178.214
24378.0,11188.146
24379.0,8376.646
24380.0,8555.547
24381.0,9045.404
24382.0,5703.7505
24383.0,4403.6084
24384.0,11002.307
24385.0,6807.517
24386.0,7538.1377
24387.0,6592.669
24388.0,3254.1873
24389.0,12291.953
24390.0,4600.8496
24391.0,5376.558
24392.0,4778.616
24393.0,6308.0933
24394.0,6680.013
24395.0,8564.266
24396.0,6165.9355
24397.0,4867.102
24398.0,4896.135
24399.0,4296.5728
24400.0,2881.5654
24401.0,7517.61
24402.0,16502.78
24403.0,5110.2627
24404.0,6488.7227
24405.0,6974.363
24406.0,5294.2725
24407.0,5725.663
24408.0,5008.458
24409.0,4067.5767
24410.0,6989.1665
24411.0,7502.5674
24412.0,4736.024
24413.0,8630.67
24414.0,6242.4927
24415.0,5247.7456
24416.0,8258.57
24417.0,8279.305
24418.0,9580.534
24419.0,5636.8364
24420.0,7435.6304
24421.0,5019.3384
24422.0,5853.8013
24423.0,14349.046
24424.0,10998.31
24425.0,6392.5034
24426.0,6012.1787
24427.0,4673.7554
24428.0,5980.7554
24429.0,5517.9346
24430.0,10501.173
24431.0,5108.9517
24432.0,5712.5493
24433.0,7139.527
24434.0,4748.2007
24435.0,6946.837
24436.0,7331.705
24437.0,7348.6265
24438.0,7342.4053
24439.0,4561.6904
24440.0,5848.176
24441.0,6608.8555
24442.0,8914.705
24443.0,9371.503
24444.0,7095.698
24445.0,4523.7446
24446.0,8120.6904
24447.0,6409.379
24448.0,4823.804
24449.0,7233.391
24450.0,7797.0273
24451.0,6708.5166
24452.0,6415.1523
24453.0,6326.2544
24454.0,6577.1865
24455.0,5705.742
24456.0,6034.856
24457.0,6795.8203
24458.0,6370.615
24459.0,9385.305
24460.0,6098.3506
24461.0,5394.3936
24462.0,13080.525
24463.0,7036.591
24464.0,3933.0503
24465.0,8404.353
24466.0,8991.722
24467.0,10256.178
24468.0,5062.86
24469.0,6138.244
24470.0,6523.555
24471.0,7795.9414
24472.0,5696.003
24473.0,9180.262
24474.0,3470.6912
24475.0,6914.1553
24476.0,6921.11
24477.0,5349.196
24478.0,4869.368
24479.0,6850.7554
24480.0,8416.216
24481.0,6018.1973
24482.0,8401.019
24483.0,7297.888
24484.0,9074.828
24485.0,4975.721
24486.0,6533.3564
24487.0,6590.8833
24488.0,7847.754
24489.0,8551.092
24490.0,5635.89
24491.0,7497.388
24492.0,7819.429
24493.0,6995.3022
24494.0,4780.955
24495.0,4293.7495
24496.0,7651.168
24497.0,7316.825
24498.0,8827.514
24499.0,7233.384
24500.0,6393.9243
24501.0,8739.009
24502.0,7171.2417
24503.0,6945.8896
24504.0,8137.1196
24505.0,6158.6704
24506.0,8202.23
24507.0,11180.339
24508.0,8095.8657
24509.0,5232.805
24510.0,5969.9434
24511.0,4714.07
24512.0,3734.8508
24513.0,8700.22
24514.0,5816.7993
24515.0,9283.66
24516.0,4977.0264
24517.0,7333.5024
24518.0,6409.379
24519.0,9976.948
24520.0,5679.7163
24521.0,5063.227
24522.0,6359.76
24523.0,7681.1323
24524.0,5787.9863
24525.0,7861.1865
24526.0,7903.069
24527.0,9897.08
24528.0,7620.7896
24529.0,7528.0786
24530.0,6112.444
24531.0,4569.9175
24532.0,4960.547
24533.0,11280.422
24534.0,10279.524
24535.0,9216.785
24536.0,13814.922
24537.0,6564.8335
24538.0,5505.4062
24539.0,6215.317
24540.0,9239.907
24541.0,9031.732
24542.0,6375.642
24543.0,8159.183
24544.0,8117.438
24545.0,7111.8853
24546.0,6782.9336
24547.0,5973.6455
24548.0,4866.211
24549.0,5575.316
24550.0,4259.5312
24551.0,5862.082
24552.0,9926.3955
24553.0,17790.264
24554.0,6209.119
24555.0,5404.663
24556.0,7780.9805
24557.0,4071.5906
24558.0,6809.732
24559.0,4411.1294
24560.0,9103.098
24561.0,6687.651
24562.0,6743.75
24563.0,13761.177
24564.0,11195.213
24565.0,6995.222
24566.0,7208.1426
24567.0,3699.8335
24568.0,5609.841
24569.0,5685.185
24570.0,8955.44
24571.0,5183.5
24572.0,4879.0854
24573.0,6813.773
24574.0,6502.068
24575.0,7148.794
24576.0,8010.522
24577.0,3691.017
24578.0,7155.855
24579.0,7976.5107
24580.0,8277.426
24581.0,5120.973
24582.0,4799.2407
24583.0,8399.704
24584.0,4624.5654
24585.0,10254.397
24586.0,4426.3286
24587.0,4993.065
24588.0,6940.7305
24589.0,6737.912
24590.0,4869.6284
24591.0,6310.212
24592.0,7504.779
24593.0,8502.686
24594.0,9928.129
24595.0,5848.873
24596.0,3728.8206
24597.0,5535.848
24598.0,7929.1855
24599.0,5420.441
24600.0,6468.627
24601.0,6431.6333
24602.0,12657.51
24603.0,8086.713
24604.0,6544.8765
24605.0,7656.4604
24606.0,5863.0776
24607.0,10153.495
24608.0,5978.394
24609.0,12995.88
24610.0,5937.647
24611.0,5477.587
24612.0,1024.8762
24613.0,4416.485
24614.0,7640.9795
24615.0,18774.197
24616.0,4463.93
24617.0,4803.1562
24618.0,11103.338
24619.0,7225.647
24620.0,7007.703
24621.0,8194.247
24622.0,6413.623
24623.0,5956.4233
24624.0,4865.7236
24625.0,9404.992
24626.0,5431.6665
24627.0,6085.0273
24628.0,7894.6235
24629.0,4589.9395
24630.0,8026.667
24631.0,6251.287
24632.0,3921.669
24633.0,7803.0605
24634.0,8999.976
24635.0,4187.0786
24636.0,7879.6533
24637.0,6962.326
24638.0,5265.8823
24639.0,9966.467
24640.0,6297.3086
24641.0,7960.58
24642.0,4148.91
24643.0,4863.167
24644.0,7125.567
24645.0,4643.8477
24646.0,7928.694
24647.0,4782.903
24648.0,6070.7485
24649.0,5063.536
24650.0,6495.9185
24651.0,6340.178
24652.0,7544.8345
24653.0,6812.61
24654.0,8121.961
24655.0,5693.5205
24656.0,8423.235
24657.0,6720.9414
24658.0,9028.709
24659.0,9165.231
24660.0,7469.0522
24661.0,3966.224
24662.0,6318.2217
24663.0,7414.4907
24664.0,5207.655
24665.0,10860.878
24666.0,6103.4253
24667.0,7065.038
24668.0,10737.416
24669.0,7360.3623
24670.0,4809.9375
24671.0,11316.327
24672.0,10730.116
24673.0,5699.253
24674.0,9217.963
24675.0,11702.346
24676.0,6678.44
24677.0,6022.2573
24678.0,6920.344
24679.0,5451.614
24680.0,6348.257
24681.0,7346.5874
24682.0,5297.3843
24683.0,6302.1216
24684.0,7674.878
24685.0,6641.862
24686.0,9141.52
24687.0,6019.7993
24688.0,6881.765
24689.0,4605.5
24690.0,7801.4385
24691.0,7495.0645
24692.0,6529.5063
24693.0,6513.3647
24694.0,7048.4937
24695.0,8734.908
24696.0,6035.2476
24697.0,5135.08
24698.0,6228.2544
24699.0,7607.325
24700.0,7055.523
24701.0,5397.8677
24702.0,3830.9612
24703.0,7418.2114
24704.0,6364.5356
24705.0,5531.2773
24706.0,8536.05
24707.0,6827.715
24708.0,7081.196
24709.0,5830.0024
24710.0,4030.0518
24711.0,6861.5713
24712.0,6947.46
24713.0,6876.2144
24714.0,10274.79
24715.0,9344.699
24716.0,5031.8887
24717.0,9459.491
24718.0,4057.7834
24719.0,3995.1055
24720.0,7871.9985
24721.0,13243.779
24722.0,8759.6455
24723.0,7360.011
24724.0,4898.349
24725.0,7188.9106
24726.0,8863.741
24727.0,6467.8804
24728.0,7551.17
24729.0,5336.3535
24730.0,4812.843
24731.0,5519.3823
24732.0,5516.824
24733.0,5758.8384
24734.0,5535.4893
24735.0,5465.964
24736.0,3829.675
24737.0,7481.4873
24738.0,7341.446
24739.0,5540.1636
24740.0,6180.432
24741.0,7327.0493
24742.0,6155.8457
24743.0,5557.6514
24744.0,8637.555
24745.0,8391.473
24746.0,6146.7925
24747.0,4371.6743
24748.0,15372.241
24749.0,6762.597
24750.0,5794.3276
24751.0,8385.128
24752.0,8003.5034
24753.0,7980.11
24754.0,6598.5635
24755.0,7006.133
24756.0,9265.111
24757.0,15291.773
24758.0,5385.4067
24759.0,4990.9463
24760.0,5772.1577
24761.0,7117.382
24762.0,6034.5967
24763.0,11089.02
24764.0,10039.959
24765.0,5994.1016
24766.0,4301.0093
24767.0,6242.7188
24768.0,9205.54
24769.0,4599.4634
24770.0,7623.1523
24771.0,4172.3545
24772.0,7855.43
24773.0,7439.149
24774.0,8198.477
24775.0,8547.929
24776.0,6460.0933
24777.0,4195.7305
24778.0,7075.187
24779.0,8048.1396
24780.0,7964.3545
24781.0,8246.449
24782.0,7935.2075
24783.0,6932.8506
24784.0,4547.1846
24785.0,9846.642
24786.0,4389.119
24787.0,10900.874
24788.0,4160.451
24789.0,4600.8584
24790.0,7265.6963
24791.0,6339.011
24792.0,7462.622
24793.0,8110.86
24794.0,4463.7427
24795.0,4533.114
24796.0,8545.63
24797.0,8826.1
24798.0,9990.117
24799.0,5440.71
24800.0,5850.3687
24801.0,6625.891
24802.0,6636.7197
24803.0,6053.789
24804.0,10685.833
24805.0,8963.285
24806.0,11673.34
24807.0,4918.763
24808.0,6456.1943
24809.0,8131.526
24810.0,9242.517
24811.0,6151.7075
24812.0,9948.755
24813.0,5996.183
24814.0,5793.593
24815.0,5580.5303
24816.0,5536.2812
24817.0,5399.897
24818.0,5834.6143
24819.0,5783.009
24820.0,5235.821
24821.0,10189.215
24822.0,7431.419
24823.0,23397.533
24824.0,6983.609
24825.0,4301.42
24826.0,8423.548
24827.0,10812.497
24828.0,6041.4214
24829.0,7663.116
24830.0,5246.054
24831.0,9843.496
24832.0,8909.809
24833.0,5917.3384
24834.0,6216.082
24835.0,8349.247
24836.0,8309.414
24837.0,7541.1797
24838.0,9199.124
24839.0,5846.2573
24840.0,5023.2466
24841.0,6881.24
24842.0,11399.12
24843.0,11246.519
24844.0,10717.147
24845.0,8340.946
24846.0,5245.904
24847.0,6581.4165
24848.0,4156.496
24849.0,8779.971
24850.0,12740.062
24851.0,10969.615
24852.0,6377.5215
24853.0,5133.3613
24854.0,5026.036
24855.0,6878.248
24856.0,12581.155
24857.0,6741.615
24858.0,5000.7866
24859.0,5517.0186
24860.0,9792.425
24861.0,3887.9775
24862.0,7918.2573
24863.0,4885.0415
24864.0,6542.3984
24865.0,7657.819
24866.0,6430.8237
24867.0,8190.9336
24868.0,6526.891
24869.0,5376.532
24870.0,7375.718
24871.0,7435.34
24872.0,11775.972
24873.0,5578.343
24874.0,8844.167
24875.0,9151.2295
24876.0,9768.283
24877.0,6667.34
24878.0,8192.652
24879.0,5186.2446
24880.0,4974.4253
24881.0,6942.7964
24882.0,6505.585
24883.0,9084.06
24884.0,5548.784
24885.0,5445.5435
24886.0,7010.3574
24887.0,6788.2275
24888.0,9379.927
24889.0,4248.7407
24890.0,14529.101
24891.0,5558.802
24892.0,5979.021
24893.0,8831.413
24894.0,5200.308
24895.0,6400.1113
24896.0,6484.8247
24897.0,7854.194
24898.0,5844.434
24899.0,6383.017
24900.0,7550.8174
24901.0,8271.159
24902.0,10087.934
24903.0,5174.978
24904.0,6840.674
24905.0,12620.105
24906.0,6745.725
24907.0,6231.35
24908.0,6970.652
24909.0,5687.4146
24910.0,5760.6626
24911.0,7608.131
24912.0,4152.5806
24913.0,8653.85
24914.0,7801.453
24915.0,7258.7695
24916.0,10088.905
24917.0,4544.674
24918.0,5855.471
24919.0,5775.8315
24920.0,8070.8086
24921.0,9632.394
24922.0,4931.5884
24923.0,5153.963
24924.0,6977.091
24925.0,5759.959
24926.0,6927.7607
24927.0,8621.382
24928.0,7212.2344
24929.0,8274.71
24930.0,5855.8286
24931.0,5143.738
24932.0,7374.114
24933.0,8568.988
24934.0,7884.4644
24935.0,9379.363
24936.0,8932.399
24937.0,6169.265
24938.0,9294.62
24939.0,6622.4287
24940.0,8040.3213
24941.0,9316.613
24942.0,6685.132
24943.0,11026.037
24944.0,8852.058
24945.0,7710.302
24946.0,6187.3037
24947.0,8180.7686
24948.0,8152.439
24949.0,6047.631
24950.0,4212.4775
24951.0,6072.6772
24952.0,8398.183
24953.0,6261.0854
24954.0,5155.079
24955.0,9403.736
24956.0,7166.189
24957.0,6583.4883
24958.0,5614.5674
24959.0,5841.2354
24960.0,8345.092
24961.0,7126.2534
24962.0,7111.261
24963.0,5928.3887
24964.0,5355.685
24965.0,7251.3164
24966.0,3793.0525
24967.0,6611.321
24968.0,5242.5776
24969.0,8738.25
24970.0,7958.28
24971.0,6754.23
24972.0,12222.535
24973.0,6327.2256
24974.0,4869.1455
24975.0,11554.442
24976.0,7211.5054
24977.0,9320.124
24978.0,8595.06
24979.0,5229.1626
24980.0,6326.1094
24981.0,6210.037
24982.0,8662.33
24983.0,12336.159
24984.0,7204.3965
24985.0,3570.978
24986.0,5812.889
24987.0,9713.246
24988.0,9224.102
24989.0,7049.6772
24990.0,7849.5806
24991.0,4592.173
24992.0,5776.3438
24993.0,3184.8335
24994.0,5301.9336
24995.0,6807.1084
24996.0,7368.693
24997.0,7520.371
24998.0,8375.943
24999.0,9535.101
25000.0,8086.6665
25001.0,7561.6494
25002.0,5234.987
25003.0,9646.901
25004.0,11905.321
25005.0,6287.9214
25006.0,8624.482
25007.0,6362.4595
25008.0,8033.307
25009.0,3974.8333
25010.0,7658.615
25011.0,5591.5757
25012.0,9262.875
25013.0,6857.2925
25014.0,9134.094
25015.0,8523.74
25016.0,5810.184
25017.0,8991.087
25018.0,19767.588
25019.0,11208.846
25020.0,6473.6206
25021.0,3416.154
25022.0,6948.54
25023.0,10496.896
25024.0,5429.4497
25025.0,11675.444
25026.0,17755.77
25027.0,4098.4897
25028.0,5501.0337
25029.0,8762.562
25030.0,4969.735
25031.0,10235.988
25032.0,6936.1577
25033.0,7950.2607
25034.0,3799.118
25035.0,7125.166
25036.0,6776.874
25037.0,9420.505
25038.0,10026.457
25039.0,6268.6387
25040.0,5855.566
25041.0,7273.642
25042.0,5911.7085
25043.0,4954.853
25044.0,8664.536
25045.0,6746.787
25046.0,5966.4424
25047.0,7876.6323
25048.0,6319.789
25049.0,6321.8267
25050.0,7233.819
25051.0,7321.3486
25052.0,9192.344
25053.0,7136.5107
25054.0,7376.731
25055.0,6237.7847
25056.0,3987.2703
25057.0,7028.602
25058.0,7569.623
25059.0,6449.67
25060.0,4516.7725
25061.0,8601.292
25062.0,7504.3564
25063.0,10752.798
25064.0,7265.447
25065.0,5724.107
25066.0,5157.7646
25067.0,5354.648
25068.0,10211.601
25069.0,4764.5293
25070.0,8555.326
25071.0,14511.651
25072.0,7008.492
25073.0,7510.042
25074.0,5051.789
25075.0,5078.226
25076.0,7494.471
25077.0,4668.9385
25078.0,5206.1597
25079.0,12301.019
25080.0,4862.0723
25081.0,18477.246
25082.0,11953.426
25083.0,4483.7017
25084.0,7580.6997
25085.0,6682.671
25086.0,7058.572
25087.0,5851.786
25088.0,11848.141
25089.0,8092.484
25090.0,9813.593
25091.0,5260.3096
25092.0,7636.0034
25093.0,5006.848
25094.0,9827.689
25095.0,6607.4062
25096.0,7376.752
25097.0,6839.069
25098.0,5423.3213
25099.0,9673.464
25100.0,10104.583
25101.0,5446.764
25102.0,10862.981
25103.0,6828.431
25104.0,9342.614
25105.0,5961.5615
25106.0,5487.738
25107.0,5692.793
25108.0,10343.865
25109.0,7004.4023
25110.0,7543.201
25111.0,4741.177
25112.0,9543.671
25113.0,4809.139
25114.0,9333.939
25115.0,7227.591
25116.0,3792.036
25117.0,17176.836
25118.0,17371.75
25119.0,7676.159
25120.0,7865.6567
25121.0,9709.051
25122.0,10959.105
25123.0,11035.306
25124.0,6161.1323
25125.0,8215.541
25126.0,6147.068
25127.0,8282.496
25128.0,4463.7
25129.0,6771.498
25130.0,6432.0444
25131.0,5940.1904
25132.0,7906.175
25133.0,5449.8306
25134.0,4969.446
25135.0,6991.6465
25136.0,4115.512
25137.0,4698.8193
25138.0,6327.9683
25139.0,7523.8438
25140.0,9373.8545
25141.0,8795.427
25142.0,8906.054
25143.0,6473.0215
25144.0,7189.555
25145.0,10707.268
25146.0,8667.843
25147.0,5646.1025
25148.0,5424.573
25149.0,10982.911
25150.0,4603.4443
25151.0,7490.598
25152.0,4130.6504
25153.0,6140.505
25154.0,8596.707
25155.0,6955.7812
25156.0,5836.2285
25157.0,9981.069
25158.0,9726.179
25159.0,11940.664
25160.0,6484.862
25161.0,11183.719
25162.0,3422.8706
25163.0,5171.326
25164.0,6437.0464
25165.0,4482.9233
25166.0,8571.04
25167.0,5376.0605
25168.0,5994.6562
25169.0,9887.9
25170.0,11409.932
25171.0,9195.711
25172.0,5371.258
25173.0,5343.1074
25174.0,13407.114
25175.0,7702.6797
25176.0,7157.609
25177.0,5701.9663
25178.0,6866.973
25179.0,10534.93
25180.0,5229.3022
25181.0,6626.896
25182.0,8840.565
25183.0,9357.873
25184.0,13086.266
25185.0,6081.1284
25186.0,15664.841
25187.0,6655.388
25188.0,6161.6494
25189.0,3814.7297
25190.0,6485.988
25191.0,6938.09
25192.0,5888.303
25193.0,8427.808
25194.0,5127.053
25195.0,5094.484
25196.0,7569.0674
25197.0,3948.3838
25198.0,8151.778
25199.0,6915.8174
25200.0,8113.2812
25201.0,9217.523
25202.0,5387.1436
25203.0,9571.738
25204.0,6832.2295
25205.0,5298.046
25206.0,5871.6626
25207.0,6064.2725
25208.0,10202.693
25209.0,6620.8374
25210.0,4866.1924
25211.0,8059.124
25212.0,9203.941
25213.0,7879.345
25214.0,6571.5557
25215.0,9410.7705
25216.0,5401.257
25217.0,5691.1206
25218.0,6683.646
25219.0,9243.301
25220.0,7254.1665
25221.0,6512.278
25222.0,6141.571
25223.0,5847.423
25224.0,4641.89
25225.0,5538.3833
25226.0,8162.063
25227.0,9982.954
25228.0,10958.354
25229.0,11954.315
25230.0,8315.4795
25231.0,7782.331
25232.0,5110.121
25233.0,12693.778
25234.0,11354.21
25235.0,8449.088
25236.0,8741.409
25237.0,9569.794
25238.0,5817.021
25239.0,4224.5254
25240.0,11992.034
25241.0,7335.4893
25242.0,7974.814
25243.0,6876.398
25244.0,3125.6907
25245.0,12258.212
25246.0,4652.165
25247.0,5629.9478
25248.0,4893.721
25249.0,6515.633
25250.0,6879.2646
25251.0,9335.123
25252.0,6353.369
25253.0,4963.538
25254.0,4676.3643
25255.0,5017.7686
25256.0,3163.1567
25257.0,7379.081
25258.0,18144.451
25259.0,5156.3774
25260.0,6384.253
25261.0,7503.519
25262.0,5234.248
25263.0,5420.9473
25264.0,4896.7188
25265.0,4271.714
25266.0,7150.1577
25267.0,7991.8096
25268.0,4649.9336
25269.0,8709.137
25270.0,6032.0015
25271.0,5337.636
25272.0,8543.07
25273.0,8352.863
25274.0,9559.34
25275.0,6036.917
25276.0,7354.4673
25277.0,4872.453
25278.0,6291.5146
25279.0,15888.432
25280.0,10630.169
25281.0,6395.6504
25282.0,6205.182
25283.0,4709.5166
25284.0,5946.0635
25285.0,4741.81
25286.0,9287.442
25287.0,5034.74
25288.0,5845.3486
25289.0,7470.178
25290.0,4796.1016
25291.0,6938.1494
25292.0,7353.8994
25293.0,7316.0083
25294.0,7369.2764
25295.0,4547.0415
25296.0,5801.578
25297.0,6531.0947
25298.0,9748.766
25299.0,9467.542
25300.0,7031.4717
25301.0,4769.7314
25302.0,8087.677
25303.0,6874.1094
25304.0,4885.7734
25305.0,7493.5635
25306.0,8035.9663
25307.0,6909.6924
25308.0,6507.118
25309.0,6554.497
25310.0,7090.996
25311.0,5768.294
25312.0,6728.189
25313.0,6807.2837
25314.0,6623.8184
25315.0,9211.512
25316.0,5805.6636
25317.0,5331.2656
25318.0,13115.141
25319.0,7090.7456
25320.0,4161.606
25321.0,8787.83
25322.0,8711.4375
25323.0,10225.167
25324.0,4982.2227
25325.0,6239.1055
25326.0,6773.365
25327.0,7974.2285
25328.0,5555.658
25329.0,9768.395
25330.0,3589.3625
25331.0,7384.8335
25332.0,7215.895
25333.0,5762.6904
25334.0,5098.976
25335.0,7175.792
25336.0,8907.361
25337.0,6055.672
25338.0,8607.274
25339.0,7576.2686
25340.0,9255.528
25341.0,4876.2427
25342.0,6685.4824
25343.0,6827.187
25344.0,7667.3564
25345.0,8806.062
25346.0,4531.5747
25347.0,8017.623
25348.0,8467.659
25349.0,7315.3105
25350.0,4926.2993
25351.0,4386.411
25352.0,7804.1772
25353.0,7173.5815
25354.0,9000.439
25355.0,7106.7793
25356.0,6324.8906
25357.0,8816.172
25358.0,7622.1416
25359.0,7376.7026
25360.0,8216.99
25361.0,6418.476
25362.0,8438.562
25363.0,11321.477
25364.0,8216.842
25365.0,5250.8853
25366.0,6152.13
25367.0,4481.6406
25368.0,3793.957
25369.0,8561.358
25370.0,5770.2754
25371.0,9662.813
25372.0,4924.049
25373.0,7510.0493
25374.0,6394.0522
25375.0,11727.418
25376.0,5800.1284
25377.0,5202.63
25378.0,6824.14
25379.0,8027.341
25380.0,5690.3174
25381.0,7922.518
25382.0,7903.016
25383.0,9927.163
25384.0,7674.71
25385.0,7513.868
25386.0,6027.6304
25387.0,4843.5654
25388.0,4813.5728
25389.0,11524.242
25390.0,10406.851
25391.0,9506.405
25392.0,14869.375
25393.0,6740.5415
25394.0,5519.145
25395.0,6338.5215
25396.0,9311.71
25397.0,9577.081
25398.0,6525.1294
25399.0,8158.3115
25400.0,8281.658
25401.0,7838.575
25402.0,7224.717
25403.0,6285.505
25404.0,4880.3096
25405.0,5674.8315
25406.0,4220.86
25407.0,5642.431
25408.0,9792.284
25409.0,18855.736
25410.0,6406.017
25411.0,5180.3857
25412.0,8643.604
25413.0,4172.88
25414.0,6715.642
25415.0,4392.315
25416.0,9726.226
25417.0,6456.9023
25418.0,6587.1816
25419.0,14157.929
25420.0,11847.632
25421.0,7071.6787
25422.0,6819.644
25423.0,3799.9731
25424.0,5875.405
25425.0,5678.5083
25426.0,9067.717
25427.0,5325.5376
25428.0,4672.3154
25429.0,6765.933
25430.0,6362.5386
25431.0,7461.3623
25432.0,8288.541
25433.0,3618.3677
25434.0,7345.144
25435.0,8138.136
25436.0,8296.07
25437.0,5001.7456
25438.0,5318.9536
25439.0,8675.907
25440.0,4610.8535
25441.0,10643.977
25442.0,4382.6724
25443.0,5179.615
25444.0,7093.9453
25445.0,6765.907
25446.0,4917.8296
25447.0,6830.6787
25448.0,8082.0244
25449.0,8804.827
25450.0,10896.976
25451.0,5945.939
25452.0,3719.3813
25453.0,5697.8887
25454.0,7997.338
25455.0,5497.8604
25456.0,6952.339
25457.0,6451.7866
25458.0,13413.843
25459.0,8786.53
25460.0,6695.0415
25461.0,7865.1313
25462.0,6051.0586
25463.0,9762.834
25464.0,6052.779
25465.0,15616.956
25466.0,5771.255
25467.0,5706.613
25468.0,1135.5306
25469.0,4353.85
25470.0,8069.3384
25471.0,19508.398
25472.0,4624.2217
25473.0,4614.2637
25474.0,11664.348
25475.0,7718.16
25476.0,7591.01
25477.0,8271.499
25478.0,6689.112
25479.0,6362.866
25480.0,4984.5566
25481.0,9755.49
25482.0,5386.4805
25483.0,6858.588
25484.0,8146.5083
25485.0,4760.8813
25486.0,7850.3145
25487.0,6230.8687
25488.0,4167.418
25489.0,8247.747
25490.0,9036.101
25491.0,4168.567
25492.0,7925.2236
25493.0,6830.711
25494.0,5188.927
25495.0,10136.05
25496.0,6084.325
25497.0,8200.11
25498.0,4211.268
25499.0,4714.353
25500.0,8021.348
25501.0,4695.822
25502.0,8196.998
25503.0,5014.6055
25504.0,6505.641
25505.0,5032.479
25506.0,6293.1714
25507.0,6520.563
25508.0,7557.1504
25509.0,6646.45
25510.0,8128.3853
25511.0,5982.153
25512.0,8935.535
25513.0,6917.117
25514.0,9761.624
25515.0,9447.932
25516.0,7478.5405
25517.0,4038.2021
25518.0,6367.936
25519.0,7819.295
25520.0,5792.8193
25521.0,10727.886
25522.0,6448.1323
25523.0,7130.4414
25524.0,10733.944
25525.0,7015.9697
25526.0,4909.332
25527.0,11731.848
25528.0,10528.18
25529.0,5812.9556
25530.0,9465.195
25531.0,12057.543
25532.0,7076.7056
25533.0,6278.7036
25534.0,7120.363
25535.0,5651.1294
25536.0,6406.292
25537.0,7514.5205
25538.0,5368.9785
25539.0,6533.313
25540.0,8056.019
25541.0,7151.563
25542.0,9768.152
25543.0,5951.732
25544.0,7151.297
25545.0,4562.1475
25546.0,7680.8833
25547.0,7481.166
25548.0,6010.774
25549.0,7025.05
25550.0,7100.6133
25551.0,8851.99
25552.0,6101.4927
25553.0,5592.381
25554.0,6317.7817
25555.0,7778.8506
25556.0,7589.6777
25557.0,5405.416
25558.0,3997.6484
25559.0,8167.4443
25560.0,7040.7935
25561.0,5627.7896
25562.0,9009.122
25563.0,7059.811
25564.0,7722.0996
25565.0,6010.8945
25566.0,3943.5056
25567.0,6891.868
25568.0,6982.4897
25569.0,7047.4453
25570.0,10562.386
25571.0,9942.617
25572.0,5245.6587
25573.0,9218.701
25574.0,3963.554
25575.0,3940.5725
25576.0,8395.347
25577.0,13829.159
25578.0,8501.656
25579.0,7520.7656
25580.0,4982.028
25581.0,7480.8022
25582.0,9221.138
25583.0,6892.223
25584.0,7768.337
25585.0,5427.1665
25586.0,5027.801
25587.0,5780.246
25588.0,5242.387
25589.0,6038.7656
25590.0,5568.561
25591.0,5755.0273
25592.0,4254.7026
25593.0,8143.999
25594.0,7592.9146
25595.0,5631.382
25596.0,6217.5586
25597.0,7537.8286
25598.0,6329.3203
25599.0,5504.6924
25600.0,9195.158
25601.0,8814.355
25602.0,6043.4272
25603.0,4581.987
25604.0,15674.047
25605.0,6862.8804
25606.0,6119.8467
25607.0,8967.364
25608.0,8718.545
25609.0,8480.486
25610.0,6728.7026
25611.0,7042.634
25612.0,9969.681
25613.0,15847.812
25614.0,5439.2104
25615.0,5297.2627
25616.0,5810.5884
25617.0,7034.5576
25618.0,5753.8257
25619.0,12562.331
25620.0,9355.669
25621.0,6364.517
25622.0,4324.694
25623.0,6128.1587
25624.0,9393.239
25625.0,4719.4463
25626.0,7756.476
25627.0,4059.9517
25628.0,7890.024
25629.0,7775.713
25630.0,8239.066
25631.0,10016.459
25632.0,6895.8857
25633.0,4175.962
25634.0,6970.6055
25635.0,8247.039
25636.0,8113.6836
25637.0,8374.697
25638.0,7556.235
25639.0,6592.782
25640.0,4565.678
25641.0,10109.056
25642.0,4710.339
25643.0,11008.111
25644.0,4105.1924
25645.0,4700.088
25646.0,7476.743
25647.0,6495.7944
25648.0,7479.7534
25649.0,8502.191
25650.0,4342.6597
25651.0,4615.7646
25652.0,8654.608
25653.0,9604.587
25654.0,10374.157
25655.0,5276.939
25656.0,5572.19
25657.0,6904.7114
25658.0,6669.2095
25659.0,6068.5547
25660.0,11205.361
25661.0,8846.022
25662.0,12058.958
25663.0,4899.681
25664.0,6764.9976
25665.0,8342.8955
25666.0,9107.231
25667.0,6153.9907
25668.0,9868.793
25669.0,6666.532
25670.0,5833.9854
25671.0,5423.3574
25672.0,5621.1157
25673.0,5349.0786
25674.0,6500.437
25675.0,5860.8467
25676.0,5574.726
25677.0,10940.913
25678.0,6640.7026
25679.0,24192.879
25680.0,6776.9517
25681.0,4637.9688
25682.0,8834.454
25683.0,12542.386
25684.0,7060.646
25685.0,7858.3154
25686.0,6058.595
25687.0,9879.915
25688.0,9522.44
25689.0,6425.3916
25690.0,6796.1636
25691.0,8811.498
25692.0,8979.654
25693.0,7854.756
25694.0,9529.2
25695.0,6568.717
25696.0,5287.6763
25697.0,7611.9414
25698.0,10757.22
25699.0,12377.691
25700.0,12033.119
25701.0,8927.621
25702.0,6423.645
25703.0,6933.4126
25704.0,4989.3086
25705.0,10457.426
25706.0,13178.675
25707.0,9934.702
25708.0,7187.6973
25709.0,5756.153
25710.0,5148.273
25711.0,7342.7764
25712.0,11778.78
25713.0,7841.4316
25714.0,5165.46
25715.0,6173.038
25716.0,9789.483
25717.0,4668.3594
25718.0,8252.311
25719.0,5312.6
25720.0,6999.58
25721.0,8028.4277
25722.0,6622.2393
25723.0,8115.1543
25724.0,7509.512
25725.0,5633.2085
25726.0,8031.446
25727.0,7763.878
25728.0,12179.735
25729.0,6143.762
25730.0,9518.599
25731.0,8621.784
25732.0,10539.984
25733.0,7081.844
25734.0,9012.93
25735.0,6099.4443
25736.0,5657.332
25737.0,7864.576
25738.0,6667.626
25739.0,9463.101
25740.0,5727.7007
25741.0,6152.629
25742.0,7634.1904
25743.0,7260.722
25744.0,10434.162
25745.0,4535.393
25746.0,17441.94
25747.0,6077.168
25748.0,6882.7563
25749.0,9781.363
25750.0,6024.7964
25751.0,6669.248
25752.0,7208.101
25753.0,8540.838
25754.0,5984.0933
25755.0,7568.2085
25756.0,8019.3286
25757.0,8618.644
25758.0,9729.704
25759.0,5558.3667
25760.0,7421.7925
25761.0,12444.357
25762.0,7044.7637
25763.0,6266.899
25764.0,7325.847
25765.0,6094.9316
25766.0,6158.9526
25767.0,8209.321
25768.0,4693.529
25769.0,9069.239
25770.0,8189.184
25771.0,7935.3438
25772.0,9298.007
25773.0,5102.557
25774.0,6601.5728
25775.0,6197.581
25776.0,9200.124
25777.0,10949.557
25778.0,5094.9263
25779.0,5540.687
25780.0,7624.7446
25781.0,6065.9043
25782.0,7666.764
25783.0,8810.531
25784.0,8041.1416
25785.0,8549.86
25786.0,6330.89
25787.0,5421.18
25788.0,7704.1196
25789.0,8847.584
25790.0,8947.885
25791.0,9744.071
25792.0,9308.877
25793.0,6647.883
25794.0,9899.186
25795.0,7048.709
25796.0,9176.305
25797.0,9768.777
25798.0,7332.1387
25799.0,11785.298
25800.0,9115.617
25801.0,8486.749
25802.0,6616.1465
25803.0,8476.0625
25804.0,9118.704
25805.0,7320.4688
25806.0,5019.669
25807.0,6620.976
25808.0,9141.93
25809.0,6567.539
25810.0,5276.3804
25811.0,10379.452
25812.0,6872.6016
25813.0,6769.8193
25814.0,6161.15
25815.0,6491.7065
25816.0,8838.07
25817.0,7852.4336
25818.0,8345.314
25819.0,6676.5293
25820.0,5972.99
25821.0,7629.386
25822.0,4464.262
25823.0,7851.5723
25824.0,6020.2124
25825.0,9595.742
25826.0,8499.054
25827.0,6937.064
25828.0,12699.203
25829.0,6718.7427
25830.0,5223.664
25831.0,13363.085
25832.0,7246.7393
25833.0,8896.027
25834.0,9134.626
25835.0,5046.9487
25836.0,6544.2334
25837.0,6153.562
25838.0,9215.353
25839.0,12905.908
25840.0,7085.385
25841.0,3709.7786
25842.0,5689.7095
25843.0,10598.088
25844.0,9752.662
25845.0,7657.4316
25846.0,7990.217
25847.0,4920.1523
25848.0,6554.96
25849.0,3489.931
25850.0,5887.6626
25851.0,6720.749
25852.0,7280.257
25853.0,8482.679
25854.0,8925.416
25855.0,9972.647
25856.0,8965.303
25857.0,7729.999
25858.0,5774.3716
25859.0,10235.988
25860.0,13096.379
25861.0,7369.5576
25862.0,9502.498
25863.0,5771.7285
25864.0,7248.067
25865.0,4419.578
25866.0,8391.057
25867.0,5987.2505
25868.0,9769.364
25869.0,7412.652
25870.0,9703.469
25871.0,9009.577
25872.0,5643.249
25873.0,10253.273
25874.0,21964.34
25875.0,12323.377
25876.0,6947.3076
25877.0,3132.927
25878.0,7195.1255
25879.0,11519.353
25880.0,5586.788
25881.0,12353.125
25882.0,18757.195
25883.0,4613.832
25884.0,6027.6704
25885.0,9233.423
25886.0,4978.185
25887.0,11311.482
25888.0,7635.8506
25889.0,8449.289
25890.0,3412.6687
25891.0,7919.3823
25892.0,7406.7437
25893.0,10722.045
25894.0,10427.367
25895.0,6558.3057
25896.0,5715.3125
25897.0,7723.1895
25898.0,6220.9814
25899.0,5262.7188
25900.0,8914.118
25901.0,7286.961
25902.0,6456.8594
25903.0,8750.728
25904.0,7549.0386
25905.0,7005.0234
25906.0,7826.5625
25907.0,8083.219
25908.0,8736.184
25909.0,7222.4985
25910.0,8560.346
25911.0,6033.1924
25912.0,4329.585
25913.0,7473.093
25914.0,8143.8203
25915.0,7047.4517
25916.0,4865.292
25917.0,9182.801
25918.0,8696.486
25919.0,10908.144
25920.0,7821.995
25921.0,6287.0938
25922.0,5689.7095
25923.0,5242.5376
25924.0,11107.532
25925.0,5316.4478
25926.0,8660.29
25927.0,17445.484
25928.0,7452.3154
25929.0,8706.097
25930.0,4466.6265
25931.0,5811.736
25932.0,8048.1626
25933.0,5225.6772
25934.0,5695.884
25935.0,14003.586
25936.0,4777.668
25937.0,19425.945
25938.0,13354.587
25939.0,4552.94
25940.0,7816.2
25941.0,6706.533
25942.0,7388.2646
25943.0,6837.3857
25944.0,11380.316
25945.0,8480.972
25946.0,10704.919
25947.0,5859.505
25948.0,7833.3286
25949.0,4546.3345
25950.0,10627.584
25951.0,7348.43
25952.0,7230.3213
25953.0,6861.3423
25954.0,5327.621
25955.0,10625.719
25956.0,12152.281
25957.0,5627.4995
25958.0,11452.026
25959.0,7205.2827
25960.0,9885.608
25961.0,6661.1167
25962.0,6052.097
25963.0,6157.9365
25964.0,12209.172
25965.0,6708.5483
25966.0,7708.559
25967.0,4907.23
25968.0,10439.657
25969.0,5229.851
25970.0,11582.246
25971.0,8262.502
25972.0,4352.704
25973.0,16576.398
25974.0,18464.51
25975.0,8309.953
25976.0,8322.327
25977.0,10665.367
25978.0,12289.585
25979.0,11628.369
25980.0,6671.0483
25981.0,8877.77
25982.0,6435.733
25983.0,8893.262
25984.0,4364.82
25985.0,7190.3853
25986.0,6453.99
25987.0,6330.878
25988.0,8861.146
25989.0,5750.1494
25990.0,5710.3374
25991.0,7137.4907
25992.0,4354.5894
25993.0,4957.1978
25994.0,6551.978
25995.0,7799.7866
25996.0,9686.408
25997.0,9583.386
25998.0,8334.5205
25999.0,6219.284
26000.0,7483.3213
26001.0,13318.476
26002.0,9196.983
26003.0,5998.666
26004.0,5563.91
26005.0,9910.522
26006.0,4809.1436
26007.0,7760.191
26008.0,4020.119
26009.0,6675.6313
26010.0,10060.28
26011.0,6818.8833
26012.0,6124.4834
26013.0,10445.872
26014.0,10103.658
26015.0,12779.174
26016.0,6793.325
26017.0,11228.545
26018.0,3600.082
26019.0,6201.389
26020.0,6774.948
26021.0,4709.045
26022.0,9276.367
26023.0,5472.1978
26024.0,5734.419
26025.0,10508.507
26026.0,12332.171
26027.0,8833.443
26028.0,5865.365
26029.0,6116.1997
26030.0,13523.905
26031.0,7408.0576
26032.0,7760.672
26033.0,5753.013
26034.0,7619.9463
26035.0,11433.31
26036.0,5302.3027
26037.0,7245.696
26038.0,9434.137
26039.0,9529.555
26040.0,14907.543
26041.0,6058.653
26042.0,17102.002
26043.0,7607.659
26044.0,6220.56
26045.0,4235.743
26046.0,7198.544
26047.0,7270.133
26048.0,6021.562
26049.0,7825.562
26050.0,5833.3564
26051.0,5400.4634
26052.0,8235.335
26053.0,4196.427
26054.0,9080.3
26055.0,8249.941
26056.0,8492.611
26057.0,9405.817
26058.0,6053.344
26059.0,9538.293
26060.0,7284.4243
26061.0,5337.504
26062.0,5927.4956
26063.0,5964.2573
26064.0,11508.547
26065.0,6787.891
26066.0,5298.966
26067.0,7934.2847
26068.0,9622.348
26069.0,8483.357
26070.0,7573.0317
26071.0,9709.939
26072.0,5758.448
26073.0,5578.348
26074.0,7220.907
26075.0,9779.787
26076.0,8432.769
26077.0,7215.991
26078.0,6543.035
26079.0,6062.3755
26080.0,4910.9854
26081.0,5563.687
26082.0,8336.15
26083.0,10172.145
26084.0,11038.38
26085.0,13652.412
26086.0,8703.83
26087.0,7874.0938
26088.0,5357.601
26089.0,14583.619
26090.0,11921.638
26091.0,9429.378
26092.0,9662.989
26093.0,10344.19
26094.0,6188.561
26095.0,4357.44
26096.0,12020.559
26097.0,7687.8457
26098.0,8853.763
26099.0,7048.7695
26100.0,3516.455
26101.0,12953.1875
26102.0,4855.375
26103.0,6025.561
26104.0,5106.0723
26105.0,6223.9604
26106.0,7570.7207
26107.0,10551.2295
26108.0,6734.507
26109.0,5072.639
26110.0,4789.0474
26111.0,5016.0693
26112.0,3848.8438
26113.0,7867.5474
26114.0,16559.617
26115.0,5394.5786
26116.0,6054.0894
26117.0,8055.6655
26118.0,6011.8003
26119.0,5853.4775
26120.0,4879.458
26121.0,4787.2437
26122.0,7456.788
26123.0,8052.785
26124.0,4945.8345
26125.0,9695.919
26126.0,6893.801
26127.0,6101.836
26128.0,9182.897
26129.0,8733.592
26130.0,10637.745
26131.0,7005.4844
26132.0,8514.493
26133.0,5057.9995
26134.0,5726.5264
26135.0,17007.613
26136.0,11965.859
26137.0,6569.2305
26138.0,6492.0654
26139.0,5000.8535
26140.0,6416.1987
26141.0,5486.1626
26142.0,9876.109
26143.0,5951.2437
26144.0,6818.057
26145.0,7537.0596
26146.0,4895.799
26147.0,7412.935
26148.0,8612.275
26149.0,7776.306
26150.0,8217.101
26151.0,5047.165
26152.0,6139.1636
26153.0,7168.6772
26154.0,10298.582
26155.0,9376.402
26156.0,7350.197
26157.0,5427.529
26158.0,8342.855
26159.0,7473.62
26160.0,4754.836
26161.0,8532.069
26162.0,8684.749
26163.0,7592.5596
26164.0,6793.254
26165.0,7051.984
26166.0,6043.485
26167.0,6405.956
26168.0,8247.322
26169.0,7340.8154
26170.0,7568.425
26171.0,9864.991
26172.0,6208.7876
26173.0,5704.2183
26174.0,13837.022
26175.0,7835.473
26176.0,5061.952
26177.0,9339.282
26178.0,8102.9106
26179.0,11620.863
26180.0,5455.7285
26181.0,6170.7246
26182.0,6963.0566
26183.0,8765.137
26184.0,6910.219
26185.0,10198.577
26186.0,3890.9272
26187.0,7480.267
26188.0,7758.4146
26189.0,6642.92
26190.0,5758.0693
26191.0,8328.513
26192.0,10478.821
26193.0,6356.7334
26194.0,9441.445
26195.0,8697.872
26196.0,10171.466
26197.0,4902.5376
26198.0,7593.255
26199.0,7925.1553
26200.0,8616.696
26201.0,8677.389
26202.0,5099.55
26203.0,7672.265
26204.0,8659.307
26205.0,7815.917
26206.0,4910.011
26207.0,4715.464
26208.0,9044.715
26209.0,7175.511
26210.0,9328.901
26211.0,7791.407
26212.0,7069.238
26213.0,8977.394
26214.0,9168.545
26215.0,8348.674
26216.0,8157.1836
26217.0,7001.5967
26218.0,9429.81
26219.0,12080.035
26220.0,8967.142
26221.0,5810.2114
26222.0,6797.6807
26223.0,5412.918
26224.0,4664.665
26225.0,9114.296
26226.0,5966.4194
26227.0,10949.515
26228.0,5290.688
26229.0,8037.5146
26230.0,6952.087
26231.0,12064.571
26232.0,5905.537
26233.0,5520.446
26234.0,7232.7837
26235.0,8608.81
26236.0,6498.943
26237.0,8454.279
26238.0,7891.5293
26239.0,10777.718
26240.0,7580.6055
26241.0,7774.0293
26242.0,6217.505
26243.0,5101.861
26244.0,4963.794
26245.0,13559.513
26246.0,10859.2
26247.0,9928.394
26248.0,14506.006
26249.0,7848.877
26250.0,5623.0034
26251.0,7353.352
26252.0,9422.006
26253.0,10213.52
26254.0,6937.5273
26255.0,8928.55
26256.0,8749.125
26257.0,7872.719
26258.0,7495.4863
26259.0,6415.96
26260.0,5841.0737
26261.0,5686.3457
26262.0,4876.2007
26263.0,6261.9873
26264.0,10741.748
26265.0,16706.305
26266.0,6636.8525
26267.0,5226.011
26268.0,8738.983
26269.0,4220.4736
26270.0,6950.575
26271.0,4603.69
26272.0,10317.853
26273.0,6648.409
26274.0,6953.6055
26275.0,15098.983
26276.0,11331.274
26277.0,7154.64
26278.0,7321.677
26279.0,3986.4792
26280.0,6640.1323
26281.0,5901.3647
26282.0,9216.249
26283.0,5626.764
26284.0,4637.3228
26285.0,7868.861
26286.0,6205.715
26287.0,8016.2617
26288.0,8390.344
26289.0,4363.754
26290.0,7486.7124
26291.0,9122.245
26292.0,8760.456
26293.0,5925.359
26294.0,5830.0747
26295.0,9868.454
26296.0,4595.617
26297.0,11109.334
26298.0,5114.388
26299.0,5967.808
26300.0,7623.5376
26301.0,7301.606
26302.0,5174.889
26303.0,6670.8574
26304.0,8679.052
26305.0,9833.409
26306.0,11951.055
26307.0,6354.157
26308.0,4419.587
26309.0,6400.8623
26310.0,8298.318
26311.0,5437.493
26312.0,7887.6914
26313.0,6373.6177
26314.0,12879.606
26315.0,8792.793
26316.0,6623.231
26317.0,8522.977
26318.0,6677.905
26319.0,10094.295
26320.0,6552.197
26321.0,15557.136
26322.0,6646.5576
26323.0,6135.616
26324.0,1052.5045
26325.0,5273.271
26326.0,9080.049
26327.0,21109.932
26328.0,4978.4175
26329.0,4435.682
26330.0,12141.913
26331.0,7936.8125
26332.0,8380.45
26333.0,8433.589
26334.0,7341.915
26335.0,5927.4956
26336.0,5425.2046
26337.0,10698.458
26338.0,6248.4556
26339.0,8516.329
26340.0,8260.697
26341.0,5312.164
26342.0,8736.592
26343.0,6508.9863
26344.0,4191.578
26345.0,9037.928
26346.0,9780.851
26347.0,4512.4146
26348.0,8204.14
26349.0,7037.282
26350.0,5374.1533
26351.0,10160.111
26352.0,6255.2837
26353.0,8122.883
26354.0,4825.7188
26355.0,5402.9106
26356.0,7757.6895
26357.0,4616.6587
26358.0,8513.235
26359.0,5409.0317
26360.0,7121.8843
26361.0,6383.035
26362.0,6621.9805
26363.0,6827.825
26364.0,8008.6807
26365.0,7789.735
26366.0,8056.0728
26367.0,6484.4844
26368.0,8777.669
26369.0,7167.0366
26370.0,11020.098
26371.0,9925.78
26372.0,7849.865
26373.0,3848.8035
26374.0,7421.0776
26375.0,8168.7764
26376.0,5516.5923
26377.0,11244.866
26378.0,6746.8
26379.0,8129.7188
26380.0,11785.804
26381.0,7377.976
26382.0,5333.4272
26383.0,13571.532
26384.0,11371.452
26385.0,5848.7783
26386.0,10848.775
26387.0,12470.437
26388.0,7017.221
26389.0,6690.9365
26390.0,7924.203
26391.0,6605.3076
26392.0,6486.1177
26393.0,7937.5845
26394.0,5493.3784
26395.0,7241.088
26396.0,8766.574
26397.0,7867.1646
26398.0,10076.73
26399.0,6162.096
26400.0,8027.4478
26401.0,4928.245
26402.0,8519.278
26403.0,7129.9927
26404.0,6604.539
26405.0,7810.5293
26406.0,7890.912
26407.0,10152.266
26408.0,6589.2617
26409.0,6148.628
26410.0,6674.2876
26411.0,7886.1265
26412.0,7909.041
26413.0,5556.8457
26414.0,4570.114
26415.0,8321.898
26416.0,6655.9404
26417.0,6061.4854
26418.0,9222.334
26419.0,7642.0
26420.0,8313.6
26421.0,6160.6562
26422.0,4294.5977
26423.0,8119.2036
26424.0,7230.4043
26425.0,8928.907
26426.0,10978.041
26427.0,11192.758
26428.0,5969.886
26429.0,9475.429
26430.0,4055.6938
26431.0,4113.0083
26432.0,8689.804
26433.0,14328.888
26434.0,8824.122
26435.0,8448.266
26436.0,5860.7793
26437.0,8573.003
26438.0,10850.846
26439.0,7336.007
26440.0,8480.389
26441.0,5195.5483
26442.0,4921.152
26443.0,6483.136
26444.0,5540.3223
26445.0,6706.9937
26446.0,5859.1025
26447.0,6153.4097
26448.0,4350.6284
26449.0,8402.196
26450.0,9295.471
26451.0,6407.496
26452.0,7082.7695
26453.0,7446.624
26454.0,6402.7856
26455.0,6053.108
26456.0,9940.503
26457.0,9633.799
26458.0,6524.9556
26459.0,4495.9375
26460.0,17800.48
26461.0,6819.872
26462.0,7457.8335
26463.0,10999.106
26464.0,9155.961
26465.0,8918.957
26466.0,6741.0684
26467.0,7595.058
26468.0,11867.242
26469.0,15459.147
26470.0,6151.0386
26471.0,6425.8877
26472.0,5488.544
26473.0,7632.188
26474.0,6138.6133
26475.0,11374.479
26476.0,10620.116
26477.0,6771.13
26478.0,4678.684
26479.0,6868.6895
26480.0,10276.946
26481.0,5476.2026
26482.0,8263.7705
26483.0,4540.9473
26484.0,7627.749
26485.0,8597.634
26486.0,8675.774
26487.0,10103.744
26488.0,7448.571
26489.0,4588.534
26490.0,7523.7646
26491.0,10012.285
26492.0,8765.613
26493.0,8232.139
26494.0,8082.055
26495.0,7190.3164
26496.0,4927.531
26497.0,11191.732
26498.0,5363.7524
26499.0,12797.273
26500.0,4305.541
26501.0,4854.2637
26502.0,7469.772
26503.0,7189.041
26504.0,8904.423
26505.0,8782.534
26506.0,4733.201
26507.0,5286.0576
26508.0,9303.959
26509.0,10670.811
26510.0,10526.222
26511.0,5685.657
26512.0,6508.496
26513.0,7779.2886
26514.0,7416.117
26515.0,6441.4746
26516.0,11841.916
26517.0,9634.745
26518.0,12749.251
26519.0,5275.3135
26520.0,6859.8438
26521.0,8789.976
26522.0,10337.986
26523.0,6549.96
26524.0,11545.982
26525.0,7393.6997
26526.0,6179.766
26527.0,5754.9727
26528.0,5908.4727
26529.0,5896.1206
26530.0,7589.287
26531.0,6768.8633
26532.0,6125.1436
26533.0,10639.003
26534.0,7253.98
26535.0,23641.895
26536.0,7238.6914
26537.0,5298.5513
26538.0,10282.2705
26539.0,14482.864
26540.0,8513.584
26541.0,10523.23
26542.0,7402.9155
26543.0,11040.075
26544.0,11076.789
26545.0,7980.2695
26546.0,8327.583
26547.0,11278.776
26548.0,10864.37
26549.0,10626.033
26550.0,11826.622
26551.0,8524.244
26552.0,6709.3354
26553.0,10623.287
26554.0,14094.352
26555.0,13833.842
26556.0,13563.225
26557.0,12361.646
26558.0,6877.1523
26559.0,8170.0933
26560.0,6037.8213
26561.0,11834.249
26562.0,15094.592
26563.0,12063.421
26564.0,9560.553
26565.0,7461.163
26566.0,5540.946
26567.0,9391.7705
26568.0,14359.546
26569.0,9402.785
26570.0,6792.6836
26571.0,8081.4155
26572.0,10343.471
26573.0,5131.271
26574.0,10670.628
26575.0,6865.9644
26576.0,9321.813
26577.0,10261.873
26578.0,8013.319
26579.0,10399.032
26580.0,10262.323
26581.0,6621.7974
26582.0,9698.99
26583.0,10051.984
26584.0,15541.342
26585.0,7939.167
26586.0,11005.34
26587.0,9912.772
26588.0,12020.387
26589.0,9863.692
26590.0,11878.701
26591.0,8331.19
26592.0,6703.5273
26593.0,9199.29
26594.0,8653.3545
26595.0,12303.67
26596.0,7533.595
26597.0,7970.0386
26598.0,10442.505
26599.0,8427.004
26600.0,12725.137
26601.0,5672.288
26602.0,22369.922
26603.0,6671.5635
26604.0,8477.769
26605.0,11756.322
26606.0,7712.0596
26607.0,9252.766
26608.0,8659.199
26609.0,11733.001
26610.0,7993.4487
26611.0,8898.776
26612.0,10974.095
26613.0,10794.435
26614.0,12404.281
26615.0,8019.206
26616.0,9050.41
26617.0,15705.636
26618.0,9011.924
26619.0,7233.5356
26620.0,9332.399
26621.0,7277.473
26622.0,7922.805
26623.0,9510.196
26624.0,5792.0347
26625.0,12996.065
26626.0,10108.034
26627.0,10439.448
26628.0,11701.151
26629.0,5273.2607
26630.0,8033.7363
26631.0,8153.9478
26632.0,11038.927
26633.0,12537.016
26634.0,6695.073
26635.0,6695.0034
26636.0,9431.797
26637.0,7558.4624
26638.0,9399.45
26639.0,11484.172
26640.0,9431.068
26641.0,10368.835
26642.0,8006.214
26643.0,6547.0054
26644.0,9657.765
26645.0,10754.706
26646.0,11362.67
26647.0,12619.299
26648.0,12537.53
26649.0,8518.393
26650.0,13111.776
26651.0,8881.411
26652.0,10928.314
26653.0,13364.003
26654.0,9254.089
26655.0,13915.555
26656.0,10128.985
26657.0,11740.063
26658.0,8520.456
26659.0,9419.302
26660.0,11808.272
26661.0,8658.233
26662.0,5971.9307
26663.0,7760.22
26664.0,11497.115
26665.0,8539.07
26666.0,6733.3574
26667.0,13429.844
26668.0,7483.9565
26669.0,8047.019
26670.0,7390.4497
26671.0,8230.874
26672.0,11545.663
26673.0,9219.326
26674.0,10361.114
26675.0,8740.4
26676.0,7713.796
26677.0,10224.095
26678.0,5425.8774
26679.0,9125.2295
26680.0,7816.118
26681.0,11573.611
26682.0,10028.714
26683.0,7558.275
26684.0,14556.313
26685.0,8136.7007
26686.0,6345.6533
26687.0,15073.171
26688.0,9111.106
26689.0,12703.733
26690.0,10632.978
26691.0,6745.294
26692.0,8344.495
26693.0,8201.042
26694.0,10695.326
26695.0,17000.088
26696.0,8771.467
26697.0,4845.2754
26698.0,7001.1826
26699.0,13190.797
26700.0,13885.169
26701.0,9980.727
26702.0,10885.082
26703.0,5803.3936
26704.0,8131.1846
26705.0,4283.7637
26706.0,7205.4546
26707.0,8999.4
26708.0,9866.619
26709.0,9405.656
26710.0,8864.942
26711.0,11377.853
26712.0,10285.772
26713.0,10327.698
26714.0,7904.2676
26715.0,12678.774
26716.0,16878.904
26717.0,9675.467
26718.0,12063.133
26719.0,8025.595
26720.0,9899.432
26721.0,7012.4775
26722.0,10603.042
26723.0,8908.959
26724.0,11931.432
26725.0,9425.826
26726.0,13027.151
26727.0,10892.436
26728.0,7418.565
26729.0,13206.507
26730.0,25606.377
26731.0,19758.56
26732.0,8700.294
26733.0,4120.9766
26734.0,9188.978
26735.0,14489.455
26736.0,6862.54
26737.0,12836.855
26738.0,18489.955
26739.0,5285.664
26740.0,7635.545
26741.0,11205.308
26742.0,6772.0986
26743.0,14843.7705
26744.0,9672.08
26745.0,11664.647
26746.0,3790.9507
26747.0,9464.581
26748.0,9508.908
26749.0,13114.777
26750.0,13634.169
26751.0,8552.438
26752.0,7507.6855
26753.0,9335.969
26754.0,7822.0547
26755.0,6374.566
26756.0,10961.27
26757.0,10191.547
26758.0,8688.635
26759.0,10965.379
26760.0,8701.605
26761.0,8718.462
26762.0,9689.347
26763.0,10134.803
26764.0,11966.921
26765.0,9320.177
26766.0,8837.277
26767.0,7913.123
26768.0,6045.7046
26769.0,8579.775
26770.0,8981.821
26771.0,9410.466
26772.0,5657.197
26773.0,10604.822
26774.0,11310.436
26775.0,14070.833
26776.0,9749.426
26777.0,8644.585
26778.0,7794.8633
26779.0,6339.7793
26780.0,14335.23
26781.0,7149.067
26782.0,10369.241
26783.0,21226.742
26784.0,10377.492
26785.0,9145.74
26786.0,6737.6553
26787.0,7077.9683
26788.0,9643.682
26789.0,5815.6562
26790.0,6951.3047
26791.0,17586.578
26792.0,6278.1826
26793.0,21298.305
26794.0,15723.575
26795.0,6541.5
26796.0,9685.7705
26797.0,8316.193
26798.0,9337.465
26799.0,8224.047
26800.0,14484.84
26801.0,11290.077
26802.0,12986.438
26803.0,6683.2383
26804.0,9816.148
26805.0,6643.902
26806.0,11874.93
26807.0,9148.663
26808.0,9897.723
26809.0,9169.594
26810.0,5838.734
26811.0,14160.994
26812.0,13558.259
26813.0,7300.805
26814.0,14890.5205
26815.0,9374.775
26816.0,13155.455
26817.0,7724.781
26818.0,7341.3896
26819.0,8594.289
26820.0,14706.379
26821.0,9088.922
26822.0,10328.357
26823.0,6978.6016
26824.0,13230.826
26825.0,6065.956
26826.0,12294.685
26827.0,10428.173
26828.0,5651.097
26829.0,18807.01
26830.0,22535.748
26831.0,10427.119
26832.0,11006.768
26833.0,14258.245
26834.0,15028.6
26835.0,13929.298
26836.0,8396.909
26837.0,10971.164
26838.0,8780.424
26839.0,11132.647
26840.0,5634.3745
26841.0,8690.616
26842.0,7951.5195
26843.0,8731.752
26844.0,10323.434
26845.0,7157.3975
26846.0,7692.878
26847.0,8895.883
26848.0,5439.506
26849.0,6203.7026
26850.0,7775.9946
26851.0,9785.861
26852.0,13047.195
26853.0,11967.058
26854.0,11078.924
26855.0,8049.03
26856.0,9056.402
26857.0,15122.431
26858.0,10941.737
26859.0,8033.6826
26860.0,6433.161
26861.0,11889.209
26862.0,6135.8853
26863.0,10257.988
26864.0,5569.1133
26865.0,7569.8184
26866.0,13024.406
26867.0,9179.027
26868.0,8112.4067
26869.0,12907.09
26870.0,13004.931
26871.0,13989.022
26872.0,8467.474
26873.0,11833.301
26874.0,4959.189
26875.0,7577.2227
26876.0,8162.3745
26877.0,5749.7217
26878.0,10388.098
26879.0,7761.02
26880.0,7154.8584
26881.0,13380.838
26882.0,16084.073
26883.0,10775.569
26884.0,7166.483
26885.0,7184.558
26886.0,15181.536
26887.0,9215.432
26888.0,9255.299
26889.0,7684.0557
26890.0,9567.221
26891.0,14082.755
26892.0,6788.3765
26893.0,9242.208
26894.0,10976.983
26895.0,11785.837
26896.0,18128.158
26897.0,8157.3857
26898.0,19161.383
26899.0,9916.47
26900.0,8189.4106
26901.0,5112.9395
26902.0,8180.4326
26903.0,9833.381
26904.0,8787.896
26905.0,9808.783
26906.0,7075.2075
26907.0,6581.4224
26908.0,9568.781
26909.0,5686.1343
26910.0,9367.804
26911.0,10286.772
26912.0,10613.17
26913.0,13382.203
26914.0,8151.871
26915.0,11764.05
26916.0,8081.7163
26917.0,6999.093
26918.0,7287.837
26919.0,7451.875
26920.0,14571.94
26921.0,8691.021
26922.0,6217.434
26923.0,10484.83
26924.0,13089.323
26925.0,10918.959
26926.0,9798.311
26927.0,12519.26
26928.0,7077.2456
26929.0,6038.328
26930.0,8178.545
26931.0,12864.163
26932.0,10310.504
26933.0,9381.224
26934.0,9341.277
26935.0,8019.053
26936.0,6327.95
26937.0,7137.0757
26938.0,11252.58
26939.0,13019.141
26940.0,13894.323
26941.0,17380.549
26942.0,11619.522
26943.0,10209.536
26944.0,6478.692
26945.0,15512.347
26946.0,15258.542
26947.0,12258.598
26948.0,11512.258
26949.0,11761.369
26950.0,7411.1743
26951.0,6218.134
26952.0,12662.774
26953.0,11349.381
26954.0,11366.768
26955.0,9189.679
26956.0,4591.0996
26957.0,16532.854
26958.0,6577.4062
26959.0,7934.822
26960.0,6144.1255
26961.0,8446.558
26962.0,8561.481
26963.0,13919.524
26964.0,8156.1567
26965.0,6052.513
26966.0,6680.7207
26967.0,6732.272
26968.0,4701.72
26969.0,9931.244
26970.0,20135.854
26971.0,7143.852
26972.0,7739.088
26973.0,10523.461
26974.0,6883.8726
26975.0,7681.5425
26976.0,6319.1743
26977.0,6642.673
26978.0,9947.854
26979.0,10649.47
26980.0,5616.3296
26981.0,12453.678
26982.0,9616.54
26983.0,7395.2725
26984.0,12025.168
26985.0,11323.302
26986.0,12419.741
26987.0,9060.575
26988.0,9416.472
26989.0,6467.048
26990.0,7237.318
26991.0,19176.63
26992.0,12778.687
26993.0,8585.244
26994.0,8326.781
26995.0,6293.6216
26996.0,7855.9546
26997.0,6127.329
26998.0,12798.152
26999.0,6008.8193
27000.0,7765.737
27001.0,10175.347
27002.0,6419.927
27003.0,8554.551
27004.0,9571.4375
27005.0,10511.514
27006.0,10345.493
27007.0,7481.152
27008.0,7646.878
27009.0,9694.356
27010.0,14353.604
27011.0,12224.202
27012.0,9384.294
27013.0,6658.792
27014.0,9810.757
27015.0,7962.19
27016.0,5973.845
27017.0,10328.821
27018.0,11085.128
27019.0,9477.896
27020.0,8992.099
27021.0,8854.945
27022.0,8484.814
27023.0,7845.5835
27024.0,10515.595
27025.0,8497.165
27026.0,9872.747
27027.0,12711.345
27028.0,8089.1504
27029.0,7288.5107
27030.0,18154.457
27031.0,9450.941
27032.0,5619.5986
27033.0,10877.227
27034.0,10878.782
27035.0,14199.674
27036.0,7051.6543
27037.0,8415.093
27038.0,8416.915
27039.0,9850.69
27040.0,9022.675
27041.0,14561.0625
27042.0,4447.9316
27043.0,10435.556
27044.0,9814.613
27045.0,8282.33
27046.0,7218.8345
27047.0,10432.77
27048.0,13114.14
27049.0,7290.437
27050.0,11455.839
27051.0,12097.687
27052.0,13473.965
27053.0,6156.5327
27054.0,9020.953
27055.0,9080.803
27056.0,10676.349
27057.0,11505.518
27058.0,6493.645
27059.0,8580.046
27060.0,11609.83
27061.0,9958.105
27062.0,6488.8403
27063.0,5995.0566
27064.0,11270.023
27065.0,9282.262
27066.0,11912.818
27067.0,9858.2
27068.0,7929.5713
27069.0,11779.488
27070.0,10779.876
27071.0,12056.439
27072.0,10134.106
27073.0,9256.711
27074.0,10574.381
27075.0,15045.623
27076.0,10183.765
27077.0,6811.726
27078.0,8948.063
27079.0,6470.818
27080.0,4847.226
27081.0,11323.863
27082.0,8115.255
27083.0,13155.981
27084.0,6998.9795
27085.0,10291.709
27086.0,8759.295
27087.0,14886.856
27088.0,7259.1157
27089.0,7450.83
27090.0,8935.834
27091.0,10121.752
27092.0,8769.836
27093.0,10281.339
27094.0,9337.866
27095.0,12539.886
27096.0,10118.934
27097.0,9864.991
27098.0,8117.848
27099.0,6294.318
27100.0,6392.15
27101.0,17133.363
27102.0,13730.578
27103.0,11822.224
27104.0,15302.395
27105.0,8958.516
27106.0,7180.975
27107.0,9773.763
27108.0,12144.09
27109.0,13699.289
27110.0,9769.662
27111.0,11397.196
27112.0,11984.008
27113.0,8974.209
27114.0,9856.818
27115.0,8458.239
27116.0,7610.366
27117.0,7842.4414
27118.0,5862.6357
27119.0,8820.966
27120.0,13594.67
27121.0,21297.898
27122.0,8807.969
27123.0,7666.1426
27124.0,11143.8545
27125.0,6173.515
27126.0,8648.37
27127.0,4636.266
27128.0,13158.152
27129.0,8563.882
27130.0,9174.7295
27131.0,20044.307
27132.0,12271.6875
27133.0,9775.021
27134.0,9768.283
27135.0,4953.0244
27136.0,7049.6436
27137.0,7655.8105
27138.0,12235.436
27139.0,7442.953
27140.0,6443.7607
27141.0,8374.697
27142.0,7980.247
27143.0,10519.096
27144.0,11498.015
27145.0,4863.6167
27146.0,9624.964
27147.0,11377.201
27148.0,11663.38
27149.0,8304.265
27150.0,7504.858
27151.0,12423.995
27152.0,6177.8564
27153.0,13590.573
27154.0,6442.237
27155.0,7471.6816
27156.0,10230.62
27157.0,9468.7705
27158.0,6334.6772
27159.0,9602.133
27160.0,11380.783
27161.0,11720.061
27162.0,14830.894
27163.0,8458.603
27164.0,5669.6377
27165.0,7502.417
27166.0,10372.752
27167.0,7072.1646
27168.0,10606.066
27169.0,8284.146
27170.0,16282.202
27171.0,11152.542
27172.0,8170.756
27173.0,10322.399
27174.0,7379.5527
27175.0,12748.497
27176.0,7690.8457
27177.0,17163.473
27178.0,8007.4434
27179.0,8175.386
27180.0,1477.1017
27181.0,6144.946
27182.0,10100.709
27183.0,20826.863
27184.0,6416.352
27185.0,6215.7734
27186.0,13734.271
27187.0,9569.84
27188.0,9591.963
27189.0,10503.065
27190.0,9114.253
27191.0,7617.563
27192.0,6818.194
27193.0,12618.288
27194.0,7600.0513
27195.0,10348.275
27196.0,9829.733
27197.0,6891.3423
27198.0,10212.186
27199.0,8465.221
27200.0,4944.655
27201.0,10645.783
27202.0,11443.717
27203.0,4953.2324
27204.0,10504.889
27205.0,9306.08
27206.0,6708.894
27207.0,13478.746
27208.0,8243.437
27209.0,10990.235
27210.0,6130.363
27211.0,7812.213
27212.0,8804.743
27213.0,6116.4214
27214.0,10556.534
27215.0,6770.3228
27216.0,8137.8647
27217.0,6985.6875
27218.0,8782.308
27219.0,7701.4453
27220.0,9807.174
27221.0,10327.028
27222.0,9911.959
27223.0,8678.48
27224.0,10974.743
27225.0,7876.8955
27226.0,13319.619
27227.0,12341.749
27228.0,9977.919
27229.0,5011.985
27230.0,7983.673
27231.0,10615.285
27232.0,5786.568
27233.0,13510.69
27234.0,9095.417
27235.0,10220.77
27236.0,14753.132
27237.0,7571.616
27238.0,6741.673
27239.0,15855.446
27240.0,13904.332
27241.0,7585.2705
27242.0,13035.814
27243.0,13071.159
27244.0,8196.646
27245.0,7785.271
27246.0,9931.661
27247.0,7743.0527
27248.0,7120.512
27249.0,9766.01
27250.0,6967.7603
27251.0,8045.5835
27252.0,11348.157
27253.0,10009.955
27254.0,13943.627
27255.0,7629.808
27256.0,9100.667
27257.0,5895.2603
27258.0,9636.437
27259.0,10044.48
27260.0,7973.9473
27261.0,9419.445
27262.0,9676.029
27263.0,11753.788
27264.0,8512.602
27265.0,7100.4644
27266.0,8861.747
27267.0,10152.1875
27268.0,9203.5205
27269.0,6939.01
27270.0,5936.8716
27271.0,9734.123
27272.0,7120.811
27273.0,8015.4897
27274.0,11856.042
27275.0,9160.451
27276.0,10589.267
27277.0,8264.827
27278.0,5527.3955
27279.0,9979.622
27280.0,9528.882
27281.0,10655.394
27282.0,13631.776
27283.0,12977.647
27284.0,6946.3003
27285.0,12381.339
27286.0,4901.995
27287.0,5612.8755
27288.0,10881.252
27289.0,15202.139
27290.0,11066.367
27291.0,10678.885
27292.0,8435.142
27293.0,10844.534
27294.0,15091.065
27295.0,8733.001
27296.0,11087.264
27297.0,7423.357
27298.0,6207.0464
27299.0,7567.003
27300.0,6948.699
27301.0,7636.732
27302.0,7508.9604
27303.0,8601.555
27304.0,6078.919
27305.0,8936.319
27306.0,11715.534
27307.0,8712.177
27308.0,8581.789
27309.0,10134.513
27310.0,7680.729
27311.0,6976.7646
27312.0,12553.348
27313.0,12280.328
27314.0,9214.939
27315.0,6054.603
27316.0,21775.266
27317.0,9023.38
27318.0,9762.49
27319.0,13744.112
27320.0,10759.99
27321.0,11628.004
27322.0,8958.969
27323.0,9016.162
27324.0,13208.736
27325.0,21335.896
27326.0,7951.6636
27327.0,8081.6006
27328.0,7567.8257
27329.0,9183.353
27330.0,8665.734
27331.0,14297.136
27332.0,13558.142
27333.0,7395.5405
27334.0,6146.3115
27335.0,7894.7437
27336.0,12394.773
27337.0,7178.0645
27338.0,10214.172
27339.0,5190.184
27340.0,10517.149
27341.0,9345.787
27342.0,10837.151
27343.0,12901.171
27344.0,9474.959
27345.0,5975.76
27346.0,9170.758
27347.0,11631.975
27348.0,11431.543
27349.0,10140.111
27350.0,10827.471
27351.0,10039.759
27352.0,6675.599
27353.0,13461.749
27354.0,6306.83
27355.0,14089.728
27356.0,6198.4976
27357.0,6445.9307
27358.0,10065.329
27359.0,8507.066
27360.0,10828.628
27361.0,10131.652
27362.0,5571.6797
27363.0,7096.6255
27364.0,11687.31
27365.0,12969.431
27366.0,13031.774
27367.0,7237.173
27368.0,7347.884
27369.0,10884.429
27370.0,8988.292
27371.0,7629.197
27372.0,15082.145
27373.0,12957.364
27374.0,14588.738
27375.0,5830.575
27376.0,9271.396
27377.0,9833.624
27378.0,12581.624
27379.0,8494.005
27380.0,16178.567
27381.0,7967.5
27382.0,7954.5083
27383.0,7078.913
27384.0,8399.271
27385.0,7163.51
27386.0,9342.757
27387.0,8366.314
27388.0,8094.6533
27389.0,16496.406
27390.0,8361.919
27391.0,25865.96
27392.0,9379.372
27393.0,4158.931
27394.0,4838.611
27395.0,4665.684
27396.0,2655.8633
27397.0,3804.173
27398.0,4098.3257
27399.0,4536.3237
27400.0,2620.2148
27401.0,3267.2083
27402.0,2726.3093
27403.0,2779.1912
27404.0,2738.1995
27405.0,1972.0806
27406.0,4480.824
27407.0,2819.923
27408.0,2595.4448
27409.0,4388.395
27410.0,3720.109
27411.0,6408.1807
27412.0,6528.23
27413.0,3617.7014
27414.0,3362.5952
27415.0,3558.7935
27416.0,2012.2983
27417.0,5280.378
27418.0,4585.069
27419.0,4702.209
27420.0,4965.2856
27421.0,2725.0312
27422.0,3543.262
27423.0,2875.1782
27424.0,4921.1753
27425.0,3245.5747
27426.0,4130.938
27427.0,3484.6082
27428.0,4749.306
27429.0,3016.6272
27430.0,5459.05
27431.0,4226.569
27432.0,4020.0957
27433.0,2884.5632
27434.0,2575.1716
27435.0,4461.423
27436.0,3611.4192
27437.0,3239.1255
27438.0,2681.6946
27439.0,3447.4478
27440.0,7755.8916
27441.0,4469.239
27442.0,3992.6748
27443.0,5092.8613
27444.0,3080.4556
27445.0,2829.865
27446.0,5357.8667
27447.0,2189.2344
27448.0,2008.8424
27449.0,3401.8223
27450.0,1726.8502
27451.0,5620.3438
27452.0,2592.2834
27453.0,2814.823
27454.0,5596.773
27455.0,5491.429
27456.0,6465.1914
27457.0,2142.7827
27458.0,6235.054
27459.0,3548.2983
27460.0,3174.5503
27461.0,6325.7896
27462.0,2674.8098
27463.0,4061.0015
27464.0,3740.9163
27465.0,5026.4775
27466.0,3671.8635
27467.0,3270.2048
27468.0,10313.051
27469.0,3150.7876
27470.0,4651.0205
27471.0,1597.767
27472.0,5846.9043
27473.0,6372.797
27474.0,2980.3418
27475.0,2523.1042
27476.0,2803.8906
27477.0,4706.746
27478.0,4459.555
27479.0,4785.116
27480.0,2183.528
27481.0,4289.128
27482.0,2794.764
27483.0,2898.1758
27484.0,4003.1128
27485.0,2729.3035
27486.0,3492.3787
27487.0,3488.7158
27488.0,3544.1138
27489.0,4990.6084
27490.0,2779.0388
27491.0,3125.023
27492.0,3035.565
27493.0,4117.3657
27494.0,3003.1975
27495.0,4360.7207
27496.0,3853.6492
27497.0,3995.0598
27498.0,2098.3381
27499.0,2916.9338
27500.0,4872.8345
27501.0,6177.9272
27502.0,4374.152
27503.0,3840.5771
27504.0,4098.232
27505.0,3325.4949
27506.0,5337.845
27507.0,2455.1672
27508.0,4909.037
27509.0,7064.1553
27510.0,4732.3706
27511.0,4367.2646
27512.0,5240.6323
27513.0,6040.114
27514.0,4148.0396
27515.0,4004.6826
27516.0,3932.7466
27517.0,2933.8083
27518.0,2763.265
27519.0,3813.6055
27520.0,4175.281
27521.0,4190.4146
27522.0,2526.6982
27523.0,3886.576
27524.0,4387.5244
27525.0,7071.153
27526.0,3940.3093
27527.0,2118.6487
27528.0,3708.204
27529.0,5980.5327
27530.0,3480.3525
27531.0,2763.2268
27532.0,2179.0027
27533.0,2902.4631
27534.0,3165.931
27535.0,4224.167
27536.0,3491.9155
27537.0,5120.148
27538.0,4748.4727
27539.0,4765.9795
27540.0,7409.9517
27541.0,3063.1309
27542.0,3776.679
27543.0,7582.7314
27544.0,4811.199
27545.0,4542.303
27546.0,6143.4165
27547.0,5934.182
27548.0,3394.849
27549.0,4117.727
27550.0,2672.8367
27551.0,5707.353
27552.0,3018.2134
27553.0,2592.8203
27554.0,2909.0024
27555.0,3812.1506
27556.0,7337.9385
27557.0,4310.5547
27558.0,4670.404
27559.0,2909.602
27560.0,1406.1383
27561.0,1999.1947
27562.0,3022.844
27563.0,4747.209
27564.0,3166.0579
27565.0,3566.0967
27566.0,3064.4607
27567.0,3354.3997
27568.0,4011.5112
27569.0,3737.4028
27570.0,2491.3125
27571.0,5277.4927
27572.0,6723.9165
27573.0,3851.1062
27574.0,4195.1543
27575.0,2964.5386
27576.0,3772.9482
27577.0,2655.4883
27578.0,3742.1545
27579.0,4204.0435
27580.0,4945.8013
27581.0,4933.7295
27582.0,5237.744
27583.0,4168.134
27584.0,3955.5276
27585.0,5562.8594
27586.0,13008.144
27587.0,5602.2476
27588.0,2211.8137
27589.0,2958.096
27590.0,2857.2678
27591.0,4482.9277
27592.0,3936.312
27593.0,16967.594
27594.0,28982.77
27595.0,2635.483
27596.0,1734.858
27597.0,8833.267
27598.0,2594.4175
27599.0,5491.7803
27600.0,4384.667
27601.0,3059.8071
27602.0,7156.8105
27603.0,4463.849
27604.0,2426.5728
27605.0,3177.2227
27606.0,4247.716
27607.0,4378.736
27608.0,3309.5317
27609.0,3927.9363
27610.0,3691.9785
27611.0,4121.877
27612.0,8019.8486
27613.0,3679.5845
27614.0,4554.5903
27615.0,3709.0674
27616.0,3137.59
27617.0,4576.5835
27618.0,3128.4473
27619.0,4375.1245
27620.0,10135.992
27621.0,5112.076
27622.0,5383.378
27623.0,2617.9287
27624.0,2616.1099
27625.0,4860.44
27626.0,3842.7466
27627.0,3586.2139
27628.0,2115.5217
27629.0,4322.223
27630.0,4028.937
27631.0,2898.2297
27632.0,2554.5715
27633.0,3933.6394
27634.0,2777.6882
27635.0,1458.8353
27636.0,6688.6206
27637.0,4408.1724
27638.0,3860.2827
27639.0,11178.633
27640.0,4356.613
27641.0,2719.4412
27642.0,3809.217
27643.0,2236.7322
27644.0,3485.1267
27645.0,2438.8403
27646.0,1815.2107
27647.0,4753.734
27648.0,1969.4574
27649.0,7720.045
27650.0,6710.7114
27651.0,2673.2754
27652.0,3053.4329
27653.0,2698.7532
27654.0,3008.3992
27655.0,4312.7056
27656.0,9090.022
27657.0,5599.0156
27658.0,4186.687
27659.0,2922.7598
27660.0,3293.6296
27661.0,3066.2417
27662.0,11209.776
27663.0,5164.8145
27664.0,5610.2847
27665.0,3443.612
27666.0,7163.537
27667.0,4570.846
27668.0,3040.9968
27669.0,3445.1003
27670.0,7140.9297
27671.0,4165.4824
27672.0,6527.1836
27673.0,3273.6506
27674.0,4380.315
27675.0,1964.4136
27676.0,3993.8748
27677.0,3569.8337
27678.0,5789.1626
27679.0,2626.67
27680.0,4578.6094
27681.0,2682.2434
27682.0,5165.258
27683.0,2942.6182
27684.0,2226.9922
27685.0,8575.423
27686.0,13822.909
27687.0,6003.657
27688.0,3242.8635
27689.0,4956.607
27690.0,5605.8394
27691.0,3233.8306
27692.0,2167.5432
27693.0,3492.432
27694.0,2870.9858
27695.0,6420.8086
27696.0,2494.0403
27697.0,3009.7456
27698.0,3049.9568
27699.0,4342.647
27700.0,3829.6897
27701.0,1798.5016
27702.0,2616.7026
27703.0,3817.6785
27704.0,2944.983
27705.0,3613.6694
27706.0,2988.4219
27707.0,4445.806
27708.0,5120.939
27709.0,4982.2036
27710.0,2482.2837
27711.0,3794.5505
27712.0,3304.437
27713.0,3629.482
27714.0,2949.245
27715.0,2263.0417
27716.0,3238.3994
27717.0,6967.322
27718.0,2550.029
27719.0,3003.954
27720.0,1491.9486
27721.0,3066.8735
27722.0,4924.2837
27723.0,3549.5205
27724.0,3506.764
27725.0,3931.055
27726.0,5010.843
27727.0,6342.017
27728.0,1558.7943
27729.0,9634.516
27730.0,1742.4125
27731.0,3167.4688
27732.0,5042.709
27733.0,3769.696
27734.0,8559.031
27735.0,2173.8433
27736.0,2802.9985
27737.0,2330.538
27738.0,4852.745
27739.0,7145.3857
27740.0,5076.5356
27741.0,1463.2734
27742.0,5987.81
27743.0,3725.5708
27744.0,3985.0496
27745.0,4178.564
27746.0,6929.01
27747.0,4695.0557
27748.0,3092.218
27749.0,3033.3042
27750.0,3761.0972
27751.0,2454.7317
27752.0,6837.438
27753.0,2974.218
27754.0,10191.684
27755.0,5473.9624
27756.0,2155.386
27757.0,1737.1938
27758.0,5311.673
27759.0,5026.1943
27760.0,2825.9678
27761.0,5301.3823
27762.0,2797.4834
27763.0,2166.071
27764.0,4113.793
27765.0,1794.5271
27766.0,6769.135
27767.0,3558.9497
27768.0,5367.6777
27769.0,3316.273
27770.0,3711.3076
27771.0,4445.501
27772.0,5068.3877
27773.0,2815.5186
27774.0,3538.624
27775.0,2076.042
27776.0,7909.1616
27777.0,3714.1233
27778.0,2767.9956
27779.0,3317.1682
27780.0,3498.1335
27781.0,2611.3994
27782.0,3486.3503
27783.0,3165.7588
27784.0,5548.313
27785.0,6472.6265
27786.0,3238.9092
27787.0,4370.132
27788.0,3212.3198
27789.0,2828.155
27790.0,2580.9036
27791.0,3473.573
27792.0,1771.2687
27793.0,4770.846
27794.0,3012.2676
27795.0,1867.0253
27796.0,5250.229
27797.0,5980.9893
27798.0,3164.3157
27799.0,6107.397
27800.0,2361.7488
27801.0,4837.342
27802.0,4450.4185
27803.0,5699.6826
27804.0,4222.5474
27805.0,3128.1428
27806.0,3870.5334
27807.0,2309.1794
27808.0,8906.249
27809.0,3381.8584
27810.0,3164.8318
27811.0,4016.7302
27812.0,1255.396
27813.0,4169.9473
27814.0,2974.7585
27815.0,3409.3594
27816.0,2190.324
27817.0,4851.4634
27818.0,2357.2578
27819.0,4067.018
27820.0,7180.7695
27821.0,2501.5813
27822.0,2941.0706
27823.0,2894.3752
27824.0,2226.322
27825.0,6088.47
27826.0,19262.012
27827.0,3664.697
27828.0,2950.948
27829.0,4847.7993
27830.0,3198.1414
27831.0,2732.5159
27832.0,2859.0825
27833.0,2387.86
27834.0,7474.2905
27835.0,2608.45
27836.0,2637.353
27837.0,5927.9873
27838.0,2413.7212
27839.0,2312.4414
27840.0,6606.7505
27841.0,7704.1562
27842.0,8125.6875
27843.0,2359.67
27844.0,4800.518
27845.0,3869.5774
27846.0,2554.3193
27847.0,15846.421
27848.0,6440.277
27849.0,3522.915
27850.0,1992.022
27851.0,3229.8533
27852.0,2513.543
27853.0,2178.752
27854.0,3779.5044
27855.0,4078.934
27856.0,4345.0835
27857.0,3169.367
27858.0,4147.2803
27859.0,3943.8367
27860.0,5493.2314
27861.0,5521.989
27862.0,5995.9946
27863.0,2599.5312
27864.0,4937.105
27865.0,2390.6023
27866.0,7329.104
27867.0,2539.7673
27868.0,3781.69
27869.0,2590.139
27870.0,5006.0938
27871.0,4346.269
27872.0,3174.947
27873.0,4563.3794
27874.0,2175.1692
27875.0,3978.8582
27876.0,3720.6943
27877.0,2538.039
27878.0,3574.6284
27879.0,2743.28
27880.0,6372.6694
27881.0,7526.37
27882.0,3794.6375
27883.0,3578.2175
27884.0,5336.4097
27885.0,2552.7905
27886.0,6173.6743
27887.0,2548.1042
27888.0,2271.747
27889.0,5417.7427
27890.0,8150.752
27891.0,8286.494
27892.0,3279.7837
27893.0,3010.429
27894.0,5222.588
27895.0,6245.2085
27896.0,1414.0944
27897.0,5550.303
27898.0,2805.0852
27899.0,3124.975
27900.0,2103.58
27901.0,3393.4504
27902.0,2125.7063
27903.0,3408.7512
27904.0,5429.434
27905.0,2568.2393
27906.0,5005.588
27907.0,4707.976
27908.0,3712.632
27909.0,5502.204
27910.0,4283.2773
27911.0,2566.2502
27912.0,5677.4956
27913.0,4597.121
27914.0,1862.073
27915.0,12291.624
27916.0,5726.379
27917.0,4750.6787
27918.0,4507.123
27919.0,1746.5974
27920.0,5230.0405
27921.0,2345.2183
27922.0,4872.5
27923.0,5429.6567
27924.0,3896.4094
27925.0,3813.2708
27926.0,3471.0059
27927.0,3606.3928
27928.0,4956.536
27929.0,2548.3875
27930.0,4176.7344
27931.0,7973.08
27932.0,5738.7144
27933.0,1729.8898
27934.0,4919.6924
27935.0,3211.0208
27936.0,2142.2605
27937.0,4621.942
27938.0,4286.985
27939.0,2424.1455
27940.0,4139.585
27941.0,6309.1226
27942.0,4581.3833
27943.0,6970.931
27944.0,3480.6282
27945.0,5158.675
27946.0,2534.6309
27947.0,4634.895
27948.0,2953.973
27949.0,4690.28
27950.0,4930.427
27951.0,7752.578
27952.0,4516.083
27953.0,3489.315
27954.0,2802.4104
27955.0,2507.9739
27956.0,6636.27
27957.0,3901.8845
27958.0,7768.752
27959.0,4902.8086
27960.0,15501.536
27961.0,2809.7146
27962.0,2612.097
27963.0,4067.5884
27964.0,3081.7783
27965.0,3162.855
27966.0,5362.6523
27967.0,5735.0044
27968.0,4462.653
27969.0,5741.1396
27970.0,3650.7678
27971.0,4836.382
27972.0,2083.4058
27973.0,4777.855
27974.0,3020.3074
27975.0,2812.575
27976.0,3147.366
27977.0,13036.3
27978.0,3176.574
27979.0,2101.1108
27980.0,4250.8936
27981.0,2586.3176
27982.0,2958.2651
27983.0,1552.6918
27984.0,2116.2878
27985.0,3640.974
27986.0,3420.491
27987.0,5159.4766
27988.0,10644.352
27989.0,4033.9326
27990.0,4611.078
27991.0,2893.2585
27992.0,3683.019
27993.0,2491.0452
27994.0,3372.1616
27995.0,3221.3542
27996.0,2953.8237
27997.0,4160.63
27998.0,3532.351
27999.0,2880.3245
28000.0,4120.796
28001.0,1388.4475
28002.0,3399.8467
28003.0,5859.136
28004.0,5140.422
28005.0,3412.33
28006.0,3250.3337
28007.0,2347.2686
28008.0,3903.299
28009.0,5996.6235
28010.0,2962.2302
28011.0,3382.6875
28012.0,3362.393
28013.0,7348.052
28014.0,3821.909
28015.0,3898.3687
28016.0,5086.5156
28017.0,8330.603
28018.0,6353.2603
28019.0,2560.6707
28020.0,3435.2026
28021.0,4086.1348
28022.0,5386.9224
28023.0,2527.33
28024.0,3745.4438
28025.0,2260.2388
28026.0,5924.6016
28027.0,3294.6414
28028.0,2385.2815
28029.0,6859.8965
28030.0,4503.7065
28031.0,3128.0024
28032.0,4851.4634
28033.0,8146.2285
28034.0,5675.4976
28035.0,2354.7144
28036.0,2975.9153
28037.0,1751.739
28038.0,3607.876
28039.0,7548.0234
28040.0,1937.4167
28041.0,4384.801
28042.0,3220.107
28043.0,5272.0186
28044.0,2296.2588
28045.0,4987.71
28046.0,5194.8745
28047.0,3561.2793
28048.0,2248.2012
28049.0,9494.245
28050.0,3335.891
28051.0,5706.1665
28052.0,6437.2305
28053.0,3316.39
28054.0,7259.732
28055.0,3600.8994
28056.0,2117.2947
28057.0,3427.0918
28058.0,2635.318
28059.0,2558.1506
28060.0,4829.4346
28061.0,5918.4507
28062.0,1975.4252
28063.0,4606.317
28064.0,4573.3496
28065.0,3154.6194
28066.0,3561.6394
28067.0,3068.2285
28068.0,3941.3882
28069.0,3268.1746
28070.0,3822.7803
28071.0,2388.6338
28072.0,6065.9214
28073.0,2607.778
28074.0,3134.5862
28075.0,4545.628
28076.0,2677.23
28077.0,6906.714
28078.0,7287.2183
28079.0,4198.501
28080.0,4857.738
28081.0,5035.6963
28082.0,6496.9966
28083.0,5416.3525
28084.0,7954.038
28085.0,2988.878
28086.0,3669.1743
28087.0,3210.6655
28088.0,3380.8423
28089.0,4464.105
28090.0,2920.7444
28091.0,4769.3267
28092.0,7903.5435
28093.0,6393.571
28094.0,1973.2795
28095.0,4654.0425
28096.0,7382.531
28097.0,3354.563
28098.0,6795.969
28099.0,4199.1777
28100.0,4978.3604
28101.0,5652.9463
28102.0,3808.6538
28103.0,2856.4558
28104.0,4771.7974
28105.0,5623.6685
28106.0,2693.6665
28107.0,7053.3896
28108.0,3555.1118
28109.0,4450.4736
28110.0,4466.861
28111.0,2780.2876
28112.0,6443.73
28113.0,2404.3792
28114.0,6142.6724
28115.0,3285.7932
28116.0,1724.8336
28117.0,5215.479
28118.0,5825.9556
28119.0,6208.953
28120.0,6200.6733
28121.0,4106.849
28122.0,3452.3777
28123.0,5822.067
28124.0,6292.865
28125.0,2210.4192
28126.0,2547.3374
28127.0,8546.127
28128.0,10135.44
28129.0,3615.3762
28130.0,4452.958
28131.0,4208.927
28132.0,5599.1973
28133.0,3279.208
28134.0,1760.0437
28135.0,5970.3306
28136.0,4091.2908
28137.0,4990.2036
28138.0,8875.704
28139.0,7722.762
28140.0,2997.9392
28141.0,4771.142
28142.0,2388.521
28143.0,1091.7115
28144.0,4202.861
28145.0,7707.045
28146.0,3717.8064
28147.0,4315.8335
28148.0,2569.1948
28149.0,4806.915
28150.0,6662.559
28151.0,5637.804
28152.0,4610.0093
28153.0,3021.5725
28154.0,4594.083
28155.0,2923.0874
28156.0,6215.388
28157.0,3410.5435
28158.0,2511.1245
28159.0,1912.1222
28160.0,2825.2346
28161.0,4660.7334
28162.0,3889.7878
28163.0,3708.3599
28164.0,5090.239
28165.0,4357.5356
28166.0,4836.7417
28167.0,2908.0688
28168.0,4632.8486
28169.0,4012.0315
28170.0,3607.277
28171.0,2095.6409
28172.0,5191.6147
28173.0,3070.8113
28174.0,2989.143
28175.0,3610.1172
28176.0,9214.772
28177.0,5702.3525
28178.0,4229.7837
28179.0,5517.6294
28180.0,6628.7104
28181.0,9832.649
28182.0,3047.2986
28183.0,3258.1538
28184.0,3637.2214
28185.0,6384.929
28186.0,6636.1816
28187.0,9306.249
28188.0,6156.9204
28189.0,5974.6885
28190.0,2713.4275
28191.0,6092.8564
28192.0,4167.1797
28193.0,3354.2366
28194.0,4151.1865
28195.0,3326.8784
28196.0,4372.759
28197.0,4640.637
28198.0,3861.4797
28199.0,5918.05
28200.0,3633.2993
28201.0,3193.617
28202.0,3637.7559
28203.0,4646.892
28204.0,8319.9375
28205.0,4083.6875
28206.0,5223.6294
28207.0,5138.9365
28208.0,2438.1772
28209.0,7403.89
28210.0,2834.819
28211.0,10152.973
28212.0,3126.2515
28213.0,3425.1995
28214.0,4446.082
28215.0,4623.291
28216.0,2597.2803
28217.0,4077.518
28218.0,2557.4954
28219.0,2679.986
28220.0,3407.347
28221.0,7880.818
28222.0,9144.153
28223.0,3860.5774
28224.0,5237.2944
28225.0,3814.8098
28226.0,3071.696
28227.0,2788.0063
28228.0,9271.396
28229.0,4478.2944
28230.0,10636.558
28231.0,5134.267
28232.0,3840.46
28233.0,11548.339
28234.0,5439.1636
28235.0,3270.963
28236.0,4406.882
28237.0,5576.1406
28238.0,3298.9595
28239.0,5680.8486
28240.0,3356.714
28241.0,2192.26
28242.0,5911.184
28243.0,3543.2654
28244.0,2930.2292
28245.0,4344.1177
28246.0,4043.4097
28247.0,9539.448
28248.0,4613.775
28249.0,4411.6934
28250.0,4018.7346
28251.0,6458.6147
28252.0,3387.2212
28253.0,6262.453
28254.0,4401.1895
28255.0,6411.476
28256.0,5838.912
28257.0,3575.6208
28258.0,3348.7598
28259.0,5164.189
28260.0,4857.001
28261.0,3943.103
28262.0,4083.7656
28263.0,4914.0737
28264.0,2196.57
28265.0,5011.636
28266.0,6965.5874
28267.0,7613.684
28268.0,7199.1416
28269.0,6730.0635
28270.0,4533.2524
28271.0,5357.821
28272.0,1857.7924
28273.0,7442.584
28274.0,7587.622
28275.0,7005.939
28276.0,5446.671
28277.0,2838.2166
28278.0,4805.2505
28279.0,3881.6406
28280.0,8031.5527
28281.0,4150.696
28282.0,4633.6
28283.0,3353.7854
28284.0,5921.8047
28285.0,2716.4397
28286.0,6985.414
28287.0,4057.5784
28288.0,5564.8125
28289.0,4867.3574
28290.0,3781.4302
28291.0,7730.4414
28292.0,3908.8547
28293.0,4673.051
28294.0,3615.021
28295.0,6599.6714
28296.0,10026.858
28297.0,5729.7227
28298.0,5205.325
28299.0,8849.913
28300.0,7333.978
28301.0,5157.666
28302.0,4406.747
28303.0,1552.4769
28304.0,2619.9324
28305.0,4617.861
28306.0,2414.4778
28307.0,7092.7275
28308.0,4643.6704
28309.0,3746.1084
28310.0,7492.02
28311.0,5122.4194
28312.0,5455.9785
28313.0,2839.2998
28314.0,10168.817
28315.0,3476.1252
28316.0,3305.4805
28317.0,6576.8037
28318.0,3958.9478
28319.0,5732.915
28320.0,2802.4265
28321.0,5168.1064
28322.0,4627.266
28323.0,4261.173
28324.0,7416.683
28325.0,6508.7817
28326.0,5948.724
28327.0,3090.711
28328.0,6336.5327
28329.0,9107.171
28330.0,4755.353
28331.0,3509.5818
28332.0,6238.558
28333.0,5142.4473
28334.0,5348.2676
28335.0,4683.489
28336.0,2215.1157
28337.0,6941.9688
28338.0,4368.2646
28339.0,3825.3264
28340.0,6983.7954
28341.0,2692.997
28342.0,4331.477
28343.0,3159.7969
28344.0,7378.9194
28345.0,4990.6177
28346.0,3880.6743
28347.0,4160.904
28348.0,3753.3267
28349.0,5614.712
28350.0,3130.9133
28351.0,3688.4724
28352.0,2655.4453
28353.0,5710.964
28354.0,3944.6116
28355.0,3034.508
28356.0,5309.221
28357.0,4227.956
28358.0,4647.739
28359.0,6633.467
28360.0,7617.454
28361.0,2758.2527
28362.0,7234.4604
28363.0,3126.0127
28364.0,3576.3645
28365.0,7410.4746
28366.0,5028.463
28367.0,6959.1855
28368.0,8951.333
28369.0,4657.609
28370.0,4964.542
28371.0,6385.8306
28372.0,7202.4727
28373.0,2490.8835
28374.0,2249.9146
28375.0,5831.2593
28376.0,4620.0815
28377.0,6079.394
28378.0,3163.395
28379.0,5329.5625
28380.0,4213.1123
28381.0,3959.8467
28382.0,5443.684
28383.0,2853.7878
28384.0,5934.1597
28385.0,6479.143
28386.0,2379.0825
28387.0,5282.3677
28388.0,2569.2698
28389.0,5202.4463
28390.0,2299.5684
28391.0,3853.3477
28392.0,4319.8247
28393.0,6886.749
28394.0,3493.6282
28395.0,3304.1028
28396.0,7255.9453
28397.0,3938.4153
28398.0,4243.6416
28399.0,9816.214
28400.0,5265.9927
28401.0,7581.849
28402.0,6819.7285
28403.0,4888.1787
28404.0,5630.2754
28405.0,3741.994
28406.0,4667.5044
28407.0,7926.1987
28408.0,5244.578
28409.0,2727.8652
28410.0,3310.056
28411.0,7818.8325
28412.0,9697.732
28413.0,4593.1016
28414.0,6467.3867
28415.0,3834.6467
28416.0,1874.0118
28417.0,1905.7062
28418.0,3175.253
28419.0,5563.7666
28420.0,6330.1597
28421.0,4686.5366
28422.0,4035.9224
28423.0,7954.6147
28424.0,5513.4785
28425.0,6305.05
28426.0,3241.1223
28427.0,7374.128
28428.0,8663.008
28429.0,3870.1826
28430.0,5866.8535
28431.0,4912.274
28432.0,6251.627
28433.0,2775.6418
28434.0,3276.6406
28435.0,4449.06
28436.0,8021.891
28437.0,5334.3584
28438.0,7120.071
28439.0,6289.649
28440.0,4802.162
28441.0,7243.74
28442.0,17015.45
28443.0,8502.791
28444.0,3489.2185
28445.0,2981.4365
28446.0,5448.152
28447.0,7647.3887
28448.0,2391.0667
28449.0,9721.523
28450.0,16462.16
28451.0,2335.367
28452.0,2547.8892
28453.0,9857.072
28454.0,3022.6565
28455.0,6339.5615
28456.0,3240.7822
28457.0,5641.382
28458.0,3592.788
28459.0,3146.7686
28460.0,4494.0166
28461.0,5171.41
28462.0,5615.376
28463.0,5879.3853
28464.0,5544.2026
28465.0,3411.5034
28466.0,2765.955
28467.0,5487.544
28468.0,5769.345
28469.0,3821.4678
28470.0,5182.986
28471.0,3954.577
28472.0,3290.2568
28473.0,4840.559
28474.0,4039.986
28475.0,4784.961
28476.0,6463.385
28477.0,7034.4165
28478.0,7007.556
28479.0,4214.286
28480.0,3846.66
28481.0,4544.0625
28482.0,4958.319
28483.0,5911.466
28484.0,1471.3251
28485.0,5322.501
28486.0,5102.7324
28487.0,7519.833
28488.0,5332.858
28489.0,4109.753
28490.0,3100.1516
28491.0,3028.2356
28492.0,7584.9307
28493.0,3021.806
28494.0,5720.985
28495.0,11468.9795
28496.0,6913.463
28497.0,4225.267
28498.0,4764.293
28499.0,2472.6057
28500.0,3949.3557
28501.0,3848.572
28502.0,3258.6047
28503.0,8157.938
28504.0,3311.5876
28505.0,8256.452
28506.0,9320.88
28507.0,4847.684
28508.0,5350.931
28509.0,4546.6035
28510.0,4932.3223
28511.0,4659.96
28512.0,5364.8267
28513.0,6026.2793
28514.0,6125.979
28515.0,2025.3767
28516.0,5189.7285
28517.0,5015.452
28518.0,5397.1006
28519.0,5949.655
28520.0,5888.0615
28521.0,6266.576
28522.0,4419.8184
28523.0,10328.713
28524.0,6995.2085
28525.0,5826.8003
28526.0,8357.079
28527.0,6355.794
28528.0,7823.9873
28529.0,3458.2383
28530.0,3872.6238
28531.0,4302.971
28532.0,8170.2026
28533.0,7179.667
28534.0,6250.6494
28535.0,4672.73
28536.0,7805.212
28537.0,4768.4575
28538.0,6646.1646
28539.0,6123.537
28540.0,2625.1555
28541.0,12251.211
28542.0,16218.658
28543.0,3882.6516
28544.0,6259.306
28545.0,6009.146
28546.0,7485.0415
28547.0,7426.7354
28548.0,2771.4097
28549.0,4153.27
28550.0,5149.1816
28551.0,7761.9746
28552.0,2497.214
28553.0,4266.5825
28554.0,4854.6943
28555.0,3125.4463
28556.0,4940.0396
28557.0,2753.502
28558.0,2886.3843
28559.0,6368.1484
28560.0,2326.1284
28561.0,4496.3276
28562.0,5309.854
28563.0,4824.89
28564.0,8633.725
28565.0,7309.222
28566.0,4012.6133
28567.0,6892.1245
28568.0,6009.7017
28569.0,8783.531
28570.0,5349.2676
28571.0,2506.5947
28572.0,2710.1003
28573.0,11233.558
28574.0,3994.8044
28575.0,6595.8135
28576.0,2066.6997
28577.0,3636.0593
28578.0,4585.362
28579.0,2551.4236
28580.0,4356.9077
28581.0,5431.3457
28582.0,8136.6616
28583.0,7016.6255
28584.0,3896.0786
28585.0,8156.514
28586.0,2034.8517
28587.0,3706.5703
28588.0,6088.4297
28589.0,4640.797
28590.0,10221.102
28591.0,2479.136
28592.0,5142.4277
28593.0,5209.0605
28594.0,7543.8203
28595.0,8818.173
28596.0,5660.695
28597.0,2930.182
28598.0,10036.445
28599.0,8669.827
28600.0,4629.88
28601.0,2975.498
28602.0,8396.092
28603.0,5437.0835
28604.0,4838.1816
28605.0,3608.967
28606.0,7024.594
28607.0,4059.6458
28608.0,16629.414
28609.0,6588.1367
28610.0,11891.953
28611.0,4858.7344
28612.0,4916.352
28613.0,2082.3752
28614.0,6006.5674
28615.0,3523.2244
28616.0,5024.9
28617.0,8352.099
28618.0,2968.1028
28619.0,2575.6619
28620.0,6526.032
28621.0,3238.9277
28622.0,4234.7534
28623.0,6371.065
28624.0,4385.6206
28625.0,7324.6943
28626.0,4241.0435
28627.0,7095.434
28628.0,3218.9827
28629.0,4530.6025
28630.0,3985.1028
28631.0,2775.4922
28632.0,8980.536
28633.0,5501.564
28634.0,3364.498
28635.0,4649.4146
28636.0,7337.6514
28637.0,5463.7695
28638.0,3923.5173
28639.0,5240.8726
28640.0,6043.0586
28641.0,8125.006
28642.0,3571.3972
28643.0,9337.35
28644.0,4499.331
28645.0,3500.2766
28646.0,3286.2354
28647.0,5330.427
28648.0,2873.8167
28649.0,4867.0977
28650.0,4601.1924
28651.0,7016.3643
28652.0,9580.379
28653.0,9214.192
28654.0,6886.69
28655.0,5849.2524
28656.0,3964.0342
28657.0,9437.358
28658.0,7465.9116
28659.0,4162.15
28660.0,4871.5474
28661.0,4975.4883
28662.0,4399.116
28663.0,2525.58
28664.0,5722.5728
28665.0,3769.894
28666.0,5554.694
28667.0,3209.0823
28668.0,1349.2113
28669.0,7501.108
28670.0,3829.8687
28671.0,5954.8213
28672.0,3676.0515
28673.0,5889.7075
28674.0,4894.524
28675.0,4592.8213
28676.0,8435.206
28677.0,3941.392
28678.0,2220.5527
28679.0,3469.3042
28680.0,2410.3613
28681.0,4729.541
28682.0,12730.817
28683.0,4807.2036
28684.0,5337.962
28685.0,4992.008
28686.0,3932.829
28687.0,2994.5576
28688.0,5361.916
28689.0,2540.2397
28690.0,5774.5205
28691.0,5689.6226
28692.0,1858.5051
28693.0,7445.594
28694.0,1704.457
28695.0,3750.2917
28696.0,7978.1846
28697.0,7987.527
28698.0,7885.134
28699.0,2620.1174
28700.0,5160.7666
28701.0,4148.9897
28702.0,4144.5674
28703.0,15674.031
28704.0,8552.772
28705.0,4851.764
28706.0,3001.7395
28707.0,4842.9375
28708.0,3830.0186
28709.0,2195.3538
28710.0,7387.835
28711.0,4045.6707
28712.0,3350.7634
28713.0,6364.9907
28714.0,4628.202
28715.0,4038.572
28716.0,5601.713
28717.0,4404.8267
28718.0,5841.5527
28719.0,2574.717
28720.0,5041.949
28721.0,4593.6973
28722.0,7694.3013
28723.0,5697.704
28724.0,6045.353
28725.0,2317.4749
28726.0,5512.653
28727.0,4436.0464
28728.0,3112.2122
28729.0,4658.373
28730.0,4515.0234
28731.0,4145.3696
28732.0,5961.5786
28733.0,3743.4863
28734.0,3368.0818
28735.0,4441.1016
28736.0,6942.207
28737.0,6172.308
28738.0,3319.2131
28739.0,5627.666
28740.0,4388.0854
28741.0,2697.2822
28742.0,9742.269
28743.0,3597.401
28744.0,2980.0945
28745.0,5528.0703
28746.0,7911.878
28747.0,9148.951
28748.0,3354.6877
28749.0,4582.97
28750.0,4815.5796
28751.0,6642.318
28752.0,4264.5356
28753.0,8385.4795
28754.0,2950.5596
28755.0,4224.6826
28756.0,3825.0637
28757.0,3084.7961
28758.0,1882.0605
28759.0,6828.366
28760.0,6253.0884
28761.0,5506.4043
28762.0,5050.0786
28763.0,7096.199
28764.0,7488.955
28765.0,3904.867
28766.0,3819.0225
28767.0,3732.397
28768.0,6532.609
28769.0,4965.3994
28770.0,1688.4027
28771.0,5768.7896
28772.0,4985.7646
28773.0,5281.31
28774.0,4862.6567
28775.0,2677.5469
28776.0,6406.0537
28777.0,2634.6018
28778.0,7933.195
28779.0,4607.433
28780.0,4139.131
28781.0,7666.011
28782.0,3549.6865
28783.0,4059.5334
28784.0,5943.1035
28785.0,2537.4978
28786.0,5765.291
28787.0,8762.253
28788.0,6233.1396
28789.0,2658.9197
28790.0,3804.184
28791.0,2871.4502
28792.0,2165.5742
28793.0,4586.823
28794.0,3813.9512
28795.0,4798.275
28796.0,3163.5127
28797.0,4508.568
28798.0,3663.4387
28799.0,9986.992
28800.0,5216.1655
28801.0,3940.5874
28802.0,4243.1963
28803.0,5386.4497
28804.0,4673.479
28805.0,5886.4946
28806.0,7158.6196
28807.0,8314.916
28808.0,7334.9644
28809.0,5361.9517
28810.0,4780.435
28811.0,2531.873
28812.0,4833.707
28813.0,8491.574
28814.0,6759.902
28815.0,7893.9834
28816.0,13063.956
28817.0,3035.4954
28818.0,3526.2302
28819.0,4193.874
28820.0,6494.4565
28821.0,6131.3276
28822.0,5995.331
28823.0,6981.711
28824.0,6891.4014
28825.0,5442.35
28826.0,5966.5674
28827.0,4806.406
28828.0,2138.5854
28829.0,4021.5994
28830.0,3048.2434
28831.0,2791.4875
28832.0,6980.339
28833.0,16842.932
28834.0,4704.636
28835.0,3177.1802
28836.0,4276.129
28837.0,4004.0295
28838.0,5406.7
28839.0,1894.377
28840.0,6090.1606
28841.0,4719.631
28842.0,3735.1323
28843.0,9763.8125
28844.0,10468.832
28845.0,3820.7388
28846.0,2383.6072
28847.0,3276.7815
28848.0,3963.1606
28849.0,4255.653
28850.0,7008.412
28851.0,3367.1116
28852.0,4258.654
28853.0,3970.8616
28854.0,5075.645
28855.0,4204.132
28856.0,6762.178
28857.0,2956.0945
28858.0,7364.126
28859.0,5905.464
28860.0,4576.164
28861.0,3591.205
28862.0,3415.3816
28863.0,4591.7744
28864.0,3223.011
28865.0,9148.759
28866.0,3885.8494
28867.0,3492.1787
28868.0,6180.008
28869.0,8932.672
28870.0,4336.769
28871.0,2522.8923
28872.0,4600.648
28873.0,8829.796
28874.0,6807.5625
28875.0,5555.897
28876.0,3396.242
28877.0,4378.698
28878.0,5097.3374
28879.0,3489.295
28880.0,4036.6963
28881.0,4801.0537
28882.0,7686.4233
28883.0,5959.924
28884.0,4323.7246
28885.0,5115.2954
28886.0,3939.8772
28887.0,6658.3027
28888.0,5358.3726
28889.0,8622.154
28890.0,6166.0474
28891.0,4968.6543
28892.0,3368.673
28893.0,2213.5977
28894.0,3817.183
28895.0,11289.345
28896.0,1899.6805
28897.0,4525.3286
28898.0,6671.92
28899.0,6733.948
28900.0,5174.588
28901.0,7510.8374
28902.0,5478.867
28903.0,4058.5269
28904.0,2388.0823
28905.0,7364.182
28906.0,3644.557
28907.0,5820.812
28908.0,7539.389
28909.0,2857.235
28910.0,4205.2104
28911.0,5733.954
28912.0,2951.4307
28913.0,5664.443
28914.0,6317.6133
28915.0,2454.7983
28916.0,7926.486
28917.0,6424.325
28918.0,4108.5967
28919.0,8177.336
28920.0,7308.3926
28921.0,6318.3726
28922.0,3861.082
28923.0,3442.6265
28924.0,5339.5713
28925.0,2826.9412
28926.0,5690.437
28927.0,2551.4868
28928.0,5921.1836
28929.0,2713.5205
28930.0,4058.395
28931.0,4921.809
28932.0,4467.5723
28933.0,5018.247
28934.0,7311.7324
28935.0,3563.393
28936.0,7506.762
28937.0,4741.9546
28938.0,6289.145
28939.0,8102.656
28940.0,7314.111
28941.0,4269.172
28942.0,3701.8071
28943.0,5070.7236
28944.0,2825.5513
28945.0,7042.184
28946.0,4022.8232
28947.0,5640.8325
28948.0,8817.089
28949.0,6266.415
28950.0,1889.7327
28951.0,6960.261
28952.0,7926.9775
28953.0,5970.6553
28954.0,7280.354
28955.0,6755.325
28956.0,4862.2993
28957.0,5549.52
28958.0,4089.2854
28959.0,2533.4136
28960.0,4384.265
28961.0,6016.5786
28962.0,2875.7542
28963.0,7589.837
28964.0,6479.1553
28965.0,4650.5723
28966.0,7311.1675
28967.0,4347.5796
28968.0,6876.0835
28969.0,2936.6729
28970.0,3749.1472
28971.0,4678.8447
28972.0,3426.7256
28973.0,5342.7607
28974.0,6207.141
28975.0,6887.406
28976.0,6013.796
28977.0,3303.841
28978.0,5570.941
28979.0,6376.7734
28980.0,6677.185
28981.0,3384.7405
28982.0,2648.571
28983.0,8420.15
28984.0,5723.4897
28985.0,3877.5994
28986.0,7422.1533
28987.0,4626.9395
28988.0,6295.237
28989.0,4407.159
28990.0,1692.412
28991.0,5556.713
28992.0,5746.662
28993.0,4851.718
28994.0,8562.167
28995.0,6877.6772
28996.0,3071.1128
28997.0,6142.2915
28998.0,2779.0825
28999.0,1050.289
29000.0,5800.82
29001.0,6464.9507
29002.0,5386.4546
29003.0,4062.869
29004.0,2216.42
29005.0,4908.9434
29006.0,8142.6006
29007.0,5540.3857
29008.0,7788.227
29009.0,3713.2837
29010.0,4373.9224
29011.0,2668.9265
29012.0,5809.746
29013.0,3400.69
29014.0,2387.129
29015.0,3878.7905
29016.0,2944.1038
29017.0,5279.376
29018.0,3561.2861
29019.0,3874.963
29020.0,4974.6343
29021.0,6929.016
29022.0,4531.51
29023.0,2738.3406
29024.0,8009.9717
29025.0,6832.4897
29026.0,5692.1143
29027.0,1945.9391
29028.0,5453.3403
29029.0,4581.9297
29030.0,3610.7473
29031.0,6152.799
29032.0,9184.982
29033.0,6227.7256
29034.0,6134.1006
29035.0,5546.7734
29036.0,7413.2812
29037.0,8617.337
29038.0,2839.717
29039.0,3381.1582
29040.0,4906.8975
29041.0,5559.2153
29042.0,4682.006
29043.0,11985.208
29044.0,6540.4146
29045.0,3791.1821
29046.0,2534.476
29047.0,5798.071
29048.0,6952.8296
29049.0,3249.4658
29050.0,5570.293
29051.0,2371.9739
29052.0,6522.5225
29053.0,5049.125
29054.0,4889.4424
29055.0,6180.892
29056.0,3648.9053
29057.0,3322.6125
29058.0,6219.5693
29059.0,4424.771
29060.0,8313.513
29061.0,5094.5615
29062.0,7328.44
29063.0,4993.746
29064.0,3359.3953
29065.0,7967.272
29066.0,2358.5771
29067.0,9968.121
29068.0,4348.9604
29069.0,4535.895
29070.0,5763.669
29071.0,4332.6875
29072.0,3673.682
29073.0,5331.393
29074.0,2602.4917
29075.0,2720.9697
29076.0,5583.075
29077.0,5804.733
29078.0,6292.367
29079.0,5136.5938
29080.0,5026.06
29081.0,3818.1775
29082.0,5576.1562
29083.0,2856.5605
29084.0,9552.951
29085.0,6662.235
29086.0,9515.885
29087.0,3302.0168
29088.0,4563.475
29089.0,6433.333
29090.0,6942.942
29091.0,3068.208
29092.0,7697.7075
29093.0,4476.552
29094.0,4942.6885
29095.0,4606.4795
29096.0,4499.7515
29097.0,2923.9421
29098.0,4296.544
29099.0,2895.241
29100.0,2768.6902
29101.0,6777.3135
29102.0,5832.7837
29103.0,21087.816
29104.0,6397.884
29105.0,3657.792
29106.0,5419.748
29107.0,9497.388
29108.0,4356.3013
29109.0,6162.3843
29110.0,4743.47
29111.0,7269.925
29112.0,5715.7593
29113.0,3978.2585
29114.0,4691.0806
29115.0,6783.8457
29116.0,6376.2446
29117.0,5807.347
29118.0,7246.1104
29119.0,3955.637
29120.0,4170.663
29121.0,5294.4287
29122.0,8645.483
29123.0,9070.744
29124.0,7657.0957
29125.0,6059.1675
29126.0,3976.043
29127.0,5588.2856
29128.0,3356.2146
29129.0,7120.41
29130.0,8251.909
29131.0,8375.44
29132.0,4565.944
29133.0,3849.031
29134.0,3952.8042
29135.0,6100.6196
29136.0,8988.258
29137.0,5398.5835
29138.0,4299.1963
29139.0,3767.5032
29140.0,6552.0967
29141.0,3032.0542
29142.0,6575.9824
29143.0,3309.0142
29144.0,6209.4272
29145.0,6064.3535
29146.0,4754.201
29147.0,7307.173
29148.0,5303.406
29149.0,3860.058
29150.0,5727.0835
29151.0,6176.0713
29152.0,10270.9795
29153.0,5387.498
29154.0,6230.215
29155.0,7554.6855
29156.0,8010.461
29157.0,5369.7363
29158.0,5266.279
29159.0,3394.6418
29160.0,3967.4993
29161.0,5238.2437
29162.0,2565.5183
29163.0,8324.352
29164.0,4558.524
29165.0,4382.204
29166.0,6276.7275
29167.0,6291.2446
29168.0,7407.7754
29169.0,3378.4177
29170.0,10699.621
29171.0,3801.9675
29172.0,5555.266
29173.0,7180.379
29174.0,4408.0083
29175.0,4900.3027
29176.0,5599.373
29177.0,5991.6836
29178.0,4570.3403
29179.0,4651.7925
29180.0,7410.5454
29181.0,6527.2085
29182.0,6416.1313
29183.0,4316.34
29184.0,6047.9253
29185.0,10684.111
29186.0,5661.407
29187.0,4938.3013
29188.0,5721.994
29189.0,5186.9126
29190.0,5702.4014
29191.0,7532.798
29192.0,3521.578
29193.0,6642.115
29194.0,5776.8506
29195.0,5472.9023
29196.0,7995.286
29197.0,4418.4526
29198.0,4447.783
29199.0,3602.3906
29200.0,6666.2144
29201.0,8652.454
29202.0,4245.8926
29203.0,3805.0261
29204.0,6094.0825
29205.0,5068.3926
29206.0,4783.4185
29207.0,7956.7695
29208.0,5766.523
29209.0,6063.324
29210.0,4276.7124
29211.0,4111.5254
29212.0,5135.1387
29213.0,7333.027
29214.0,6424.025
29215.0,7272.532
29216.0,6880.1113
29217.0,5204.109
29218.0,7128.3335
29219.0,4458.785
29220.0,5238.5435
29221.0,7795.5327
29222.0,5589.7944
29223.0,8234.902
29224.0,7880.7505
29225.0,6172.132
29226.0,5438.3594
29227.0,6403.537
29228.0,6726.2065
29229.0,4017.2053
29230.0,3550.2927
29231.0,5430.382
29232.0,6277.368
29233.0,6356.824
29234.0,3916.3418
29235.0,6884.2534
29236.0,6679.223
29237.0,5912.78
29238.0,4591.818
29239.0,4511.915
29240.0,5763.988
29241.0,5858.784
29242.0,5168.417
29243.0,5076.1436
29244.0,4258.743
29245.0,5427.9844
29246.0,3505.563
29247.0,5858.298
29248.0,4037.582
29249.0,6841.072
29250.0,6899.6553
29251.0,5541.337
29252.0,11245.456
29253.0,3767.1511
29254.0,4514.382
29255.0,9161.359
29256.0,5371.842
29257.0,6890.3823
29258.0,7344.219
29259.0,4879.22
29260.0,5171.9478
29261.0,6162.3667
29262.0,6302.735
29263.0,8438.409
29264.0,6286.332
29265.0,2698.2705
29266.0,3853.2742
29267.0,7517.911
29268.0,8410.968
29269.0,5297.733
29270.0,5772.868
29271.0,3609.425
29272.0,4585.9873
29273.0,2885.294
29274.0,3867.3152
29275.0,5960.123
29276.0,5936.9844
29277.0,5355.0005
29278.0,5457.1284
29279.0,7417.037
29280.0,7380.841
29281.0,6368.9077
29282.0,4405.23
29283.0,7473.178
29284.0,8302.546
29285.0,5001.383
29286.0,6522.261
29287.0,4181.1274
29288.0,5892.663
29289.0,3547.8718
29290.0,5796.351
29291.0,4264.9263
29292.0,7656.117
29293.0,5300.5684
29294.0,7113.079
29295.0,7397.9463
29296.0,5091.71
29297.0,6513.713
29298.0,16232.462
29299.0,9315.05
29300.0,4130.024
29301.0,2644.0745
29302.0,4967.228
29303.0,7092.748
29304.0,4134.802
29305.0,11511.17
29306.0,16412.73
29307.0,4054.4097
29308.0,4049.4583
29309.0,7919.254
29310.0,3713.6558
29311.0,6880.6562
29312.0,4623.8247
29313.0,5732.5376
29314.0,3961.1008
29315.0,6093.42
29316.0,5837.32
29317.0,8456.812
29318.0,7507.743
29319.0,6360.967
29320.0,5215.0166
29321.0,6509.483
29322.0,4513.3228
29323.0,4368.2686
29324.0,7755.5366
29325.0,5168.989
29326.0,5177.185
29327.0,6119.4204
29328.0,4890.5664
29329.0,4603.238
29330.0,5882.05
29331.0,5585.8555
29332.0,7840.1753
29333.0,6805.764
29334.0,6584.9077
29335.0,4736.6924
29336.0,3415.4956
29337.0,5290.017
29338.0,5807.7734
29339.0,5183.213
29340.0,3724.1885
29341.0,6384.503
29342.0,5582.974
29343.0,8604.96
29344.0,5836.7295
29345.0,5035.927
29346.0,4351.2427
29347.0,4592.786
29348.0,7796.0825
29349.0,4522.748
29350.0,7592.8203
29351.0,12433.241
29352.0,6856.331
29353.0,5096.122
29354.0,4716.0264
29355.0,3867.5366
29356.0,6508.595
29357.0,3649.323
29358.0,4306.412
29359.0,11104.418
29360.0,3983.4153
29361.0,12257.288
29362.0,9470.36
29363.0,4889.9365
29364.0,5602.0015
29365.0,5368.779
29366.0,5395.222
29367.0,4699.5005
29368.0,10756.039
29369.0,6777.8564
29370.0,6415.397
29371.0,4260.356
29372.0,6149.1265
29373.0,4828.4766
29374.0,9124.882
29375.0,5649.0923
29376.0,6210.979
29377.0,6464.729
29378.0,5707.5166
29379.0,8519.871
29380.0,8237.354
29381.0,5392.156
29382.0,7809.233
29383.0,6237.731
29384.0,7342.7974
29385.0,4921.377
29386.0,4530.7534
29387.0,4238.9404
29388.0,7543.1147
29389.0,6013.498
29390.0,6457.198
29391.0,3842.1052
29392.0,8025.909
29393.0,4525.579
29394.0,7766.796
29395.0,5772.6646
29396.0,3290.282
29397.0,11563.074
29398.0,15569.025
29399.0,5861.361
29400.0,6238.4507
29401.0,6594.713
29402.0,8461.232
29403.0,8627.749
29404.0,4752.7456
29405.0,6054.909
29406.0,4915.3535
29407.0,7104.5835
29408.0,3784.2014
29409.0,4888.929
29410.0,4765.7886
29411.0,4947.632
29412.0,6811.011
29413.0,3988.4458
29414.0,3543.671
29415.0,5883.4526
29416.0,3763.272
29417.0,3772.0847
29418.0,5028.688
29419.0,4832.43
29420.0,7663.92
29421.0,8202.293
29422.0,6801.8315
29423.0,6043.2485
29424.0,5686.9805
29425.0,8369.979
29426.0,6459.6807
29427.0,4628.6216
29428.0,4523.8096
29429.0,9781.941
29430.0,4058.3486
29431.0,6360.385
29432.0,2791.1826
29433.0,3804.576
29434.0,5714.048
29435.0,5181.2407
29436.0,5289.321
29437.0,9012.199
29438.0,8417.564
29439.0,8433.42
29440.0,5216.31
29441.0,10488.9
29442.0,2824.8438
29443.0,4592.217
29444.0,5288.6445
29445.0,3462.0012
29446.0,7613.7783
29447.0,4443.788
29448.0,4584.435
29449.0,7553.4966
29450.0,9080.863
29451.0,6975.3076
29452.0,4826.9434
29453.0,4195.8584
29454.0,11109.906
29455.0,6972.813
29456.0,4934.6895
29457.0,5123.524
29458.0,5857.141
29459.0,6538.88
29460.0,4830.6973
29461.0,4901.415
29462.0,6400.1846
29463.0,6552.6406
29464.0,13209.983
29465.0,5425.1685
29466.0,10780.627
29467.0,6227.607
29468.0,5047.6226
29469.0,2911.6194
29470.0,4965.309
29471.0,5491.623
29472.0,4622.9204
29473.0,7845.284
29474.0,4766.2383
29475.0,3941.768
29476.0,6567.764
29477.0,3129.25
29478.0,7303.6816
29479.0,5987.405
29480.0,7447.7393
29481.0,7389.4556
29482.0,4334.1426
29483.0,7854.906
29484.0,6545.2637
29485.0,4294.5117
29486.0,5634.557
29487.0,4469.077
29488.0,8748.966
29489.0,5416.0527
29490.0,3953.6074
29491.0,5467.137
29492.0,7113.7715
29493.0,6220.263
29494.0,5296.9897
29495.0,7225.9985
29496.0,5094.4644
29497.0,5837.4087
29498.0,5071.4395
29499.0,8476.184
29500.0,4772.9536
29501.0,4972.4614
29502.0,4710.8647
29503.0,4888.9946
29504.0,3972.176
29505.0,5246.3994
29506.0,7310.7
29507.0,7919.662
29508.0,9177.959
29509.0,9752.932
29510.0,7403.2124
29511.0,6653.6177
29512.0,4381.063
29513.0,9630.051
29514.0,8873.994
29515.0,6859.399
29516.0,7003.6006
29517.0,7462.6865
29518.0,4620.518
29519.0,3375.0967
29520.0,9850.521
29521.0,5558.5474
29522.0,5804.578
29523.0,5578.0024
29524.0,1934.8885
29525.0,9253.427
29526.0,4051.738
29527.0,4757.8125
29528.0,4315.9116
29529.0,5369.0244
29530.0,5605.7646
29531.0,6341.9746
29532.0,6252.8853
29533.0,3957.641
29534.0,3782.5918
29535.0,3311.2876
29536.0,2663.454
29537.0,5896.88
29538.0,15138.203
29539.0,4573.3496
29540.0,5457.519
29541.0,5482.8667
29542.0,4676.431
29543.0,4199.6987
29544.0,4810.3823
29545.0,3556.4688
29546.0,6816.373
29547.0,6090.5264
29548.0,3385.2087
29549.0,7536.9014
29550.0,4188.7524
29551.0,4259.6167
29552.0,7908.6187
29553.0,6739.178
29554.0,7761.842
29555.0,4212.0312
29556.0,5368.451
29557.0,3830.6396
29558.0,4665.2744
29559.0,13287.999
29560.0,9318.178
29561.0,5718.9004
29562.0,4094.5234
29563.0,4763.166
29564.0,5122.043
29565.0,3954.1091
29566.0,7759.769
29567.0,4271.6035
29568.0,4936.7754
29569.0,6626.6055
29570.0,4522.765
29571.0,5457.222
29572.0,5317.3604
29573.0,6559.688
29574.0,6230.013
29575.0,3425.219
29576.0,6070.164
29577.0,5840.9175
29578.0,7571.732
29579.0,7718.072
29580.0,6262.471
29581.0,3684.6602
29582.0,8000.3516
29583.0,4727.0874
29584.0,4142.528
29585.0,6331.6147
29586.0,6425.949
29587.0,5310.158
29588.0,5124.1445
29589.0,5189.293
29590.0,5962.7896
29591.0,5028.6016
29592.0,6027.1875
29593.0,6650.109
29594.0,3623.777
29595.0,8312.934
29596.0,5823.778
29597.0,4334.3413
29598.0,10728.397
29599.0,4828.776
29600.0,3059.9968
29601.0,6879.882
29602.0,8568.327
29603.0,7714.495
29604.0,4528.589
29605.0,4982.4795
29606.0,6098.0425
29607.0,6079.742
29608.0,5173.803
29609.0,8068.7534
29610.0,3223.008
29611.0,4921.6777
29612.0,5215.6084
29613.0,4430.9165
29614.0,4216.22
29615.0,6081.9287
29616.0,5943.3477
29617.0,4903.641
29618.0,6491.236
29619.0,5411.5913
29620.0,7088.9062
29621.0,4778.598
29622.0,5594.4404
29623.0,4865.255
29624.0,6771.776
29625.0,7411.4077
29626.0,2871.8599
29627.0,7185.312
29628.0,6448.4214
29629.0,5896.6494
29630.0,4329.659
29631.0,3358.5527
29632.0,6660.71
29633.0,4408.929
29634.0,7194.364
29635.0,6037.8154
29636.0,4321.6626
29637.0,7087.723
29638.0,5080.1396
29639.0,4461.789
29640.0,7391.1333
29641.0,4309.7324
29642.0,6447.056
29643.0,9146.352
29644.0,6786.033
29645.0,4177.436
29646.0,4622.81
29647.0,3898.6514
29648.0,2853.5305
29649.0,6586.308
29650.0,5352.4575
29651.0,7808.4434
29652.0,4128.3657
29653.0,5966.926
29654.0,5673.0513
29655.0,9090.36
29656.0,5139.461
29657.0,4770.7188
29658.0,4694.1333
29659.0,6612.5254
29660.0,5798.895
29661.0,6252.2593
29662.0,7259.067
29663.0,8164.8115
29664.0,6435.5303
29665.0,6378.124
29666.0,5571.0156
29667.0,3688.606
29668.0,4905.5547
29669.0,8677.306
29670.0,7882.5396
29671.0,8751.361
29672.0,14749.53
29673.0,4633.8916
29674.0,4243.5
29675.0,5100.8926
29676.0,7512.1484
29677.0,7452.145
29678.0,5559.979
29679.0,6629.2607
29680.0,6984.448
29681.0,6647.5215
29682.0,5643.7495
29683.0,4968.2417
29684.0,3960.655
29685.0,4710.591
29686.0,3324.6257
29687.0,4164.076
29688.0,7161.925
29689.0,14496.767
29690.0,5267.5903
29691.0,4083.2668
29692.0,6424.0986
29693.0,3632.717
29694.0,5490.183
29695.0,3830.3508
29696.0,7887.3906
29697.0,5504.5874
29698.0,5516.4346
29699.0,10722.402
29700.0,11641.975
29701.0,5085.3564
29702.0,6227.714
29703.0,3145.925
29704.0,4563.0527
29705.0,4653.7363
29706.0,8176.127
29707.0,3701.8918
29708.0,4270.292
29709.0,5355.9966
29710.0,5388.3203
29711.0,5655.039
29712.0,5991.935
29713.0,3883.685
29714.0,6623.1616
29715.0,6658.7026
29716.0,5807.131
29717.0,3846.2341
29718.0,3397.2788
29719.0,6366.509
29720.0,4238.4185
29721.0,8703.282
29722.0,3886.1162
29723.0,4789.751
29724.0,5769.202
29725.0,6898.4185
29726.0,4540.501
29727.0,5360.806
29728.0,5908.602
29729.0,8141.094
29730.0,7742.0337
29731.0,5496.7173
29732.0,3204.8696
29733.0,4689.452
29734.0,6576.1953
29735.0,4058.4492
29736.0,4844.254
29737.0,5155.92
29738.0,11721.737
29739.0,4975.9155
29740.0,5379.0103
29741.0,6163.789
29742.0,4748.762
29743.0,7782.91
29744.0,4433.445
29745.0,10576.267
29746.0,5499.2764
29747.0,4758.5977
29748.0,4007.8394
29749.0,4280.3774
29750.0,6126.9604
29751.0,16591.63
29752.0,3383.317
29753.0,4781.6665
29754.0,8113.3667
29755.0,5936.1523
29756.0,5544.922
29757.0,6858.5684
29758.0,5361.829
29759.0,6105.853
29760.0,3707.967
29761.0,8004.9233
29762.0,4907.8525
29763.0,6133.919
29764.0,7020.18
29765.0,4140.1733
29766.0,7796.0605
29767.0,5131.7847
29768.0,3320.914
29769.0,6732.3555
29770.0,8471.706
29771.0,3661.2585
29772.0,6717.4614
29773.0,6197.4746
29774.0,4747.793
29775.0,8047.579
29776.0,5590.9355
29777.0,7375.148
29778.0,3774.968
29779.0,4171.0767
29780.0,5982.769
29781.0,4211.421
29782.0,6580.9517
29783.0,3516.8005
29784.0,5518.2505
29785.0,4329.8037
29786.0,5022.1978
29787.0,5428.305
29788.0,5892.461
29789.0,5930.8154
29790.0,7235.585
29791.0,5168.392
29792.0,6905.568
29793.0,5330.1826
29794.0,7751.462
29795.0,7891.5063
29796.0,7113.0317
29797.0,4080.693
29798.0,5384.4463
29799.0,5947.4927
29800.0,4093.8245
29801.0,9277.358
29802.0,5207.4062
29803.0,5671.19
29804.0,8595.478
29805.0,5620.896
29806.0,3409.418
29807.0,9000.233
29808.0,8685.155
29809.0,5153.604
29810.0,6149.795
29811.0,8518.596
29812.0,6408.8223
29813.0,5398.4497
29814.0,6097.1
29815.0,4737.4424
29816.0,5773.6445
29817.0,6459.9395
29818.0,4431.952
29819.0,6235.637
29820.0,6162.9663
29821.0,5117.145
29822.0,6913.0674
29823.0,4802.533
29824.0,5274.3677
29825.0,3838.4382
29826.0,6523.107
29827.0,6217.3154
29828.0,5243.3027
29829.0,5686.3784
29830.0,5527.601
29831.0,7445.6724
29832.0,5483.395
29833.0,4408.538
29834.0,5575.6616
29835.0,6586.8047
29836.0,5722.491
29837.0,4536.631
29838.0,3788.0117
29839.0,6202.4424
29840.0,6920.8657
29841.0,4654.6064
29842.0,7076.1655
29843.0,6164.5596
29844.0,5535.922
29845.0,4556.672
29846.0,3101.6958
29847.0,5892.382
29848.0,5921.7993
29849.0,5266.6807
29850.0,7564.7876
29851.0,6871.887
29852.0,4389.6343
29853.0,7689.5254
29854.0,2989.802
29855.0,2660.277
29856.0,6326.453
29857.0,10729.563
29858.0,6969.083
29859.0,5859.8906
29860.0,3086.1235
29861.0,5948.781
29862.0,7117.1035
29863.0,4627.7295
29864.0,6669.6675
29865.0,4439.0093
29866.0,4046.1956
29867.0,5127.87
29868.0,4935.5747
29869.0,4893.24
29870.0,4015.765
29871.0,4474.2256
29872.0,3349.0632
29873.0,6781.8916
29874.0,5103.0
29875.0,4442.695
29876.0,5542.696
29877.0,6166.818
29878.0,4476.5903
29879.0,4509.0283
29880.0,7915.237
29881.0,6885.2974
29882.0,6041.5312
29883.0,3289.3247
29884.0,11206.206
29885.0,5510.9546
29886.0,4131.5215
29887.0,7290.0405
29888.0,6914.7554
29889.0,6101.603
29890.0,6006.7446
29891.0,5881.7017
29892.0,8186.7476
29893.0,10713.09
29894.0,3938.7573
29895.0,3444.6897
29896.0,4977.2354
29897.0,5457.373
29898.0,5735.8306
29899.0,8632.0205
29900.0,7841.1772
29901.0,5433.7188
29902.0,3641.6724
29903.0,4974.435
29904.0,7963.595
29905.0,4133.161
29906.0,5896.7056
29907.0,3715.1262
29908.0,6473.4844
29909.0,5550.0703
29910.0,6294.618
29911.0,7214.4634
29912.0,5379.7744
29913.0,3942.2344
29914.0,6076.6
29915.0,6498.9673
29916.0,6306.734
29917.0,6398.488
29918.0,6714.7324
29919.0,4901.2563
29920.0,3366.8225
29921.0,8328.163
29922.0,3819.959
29923.0,10242.57
29924.0,3564.719
29925.0,4151.222
29926.0,5724.0522
29927.0,5040.5596
29928.0,6099.427
29929.0,6766.4043
29930.0,3480.349
29931.0,3743.515
29932.0,5606.3047
29933.0,7056.7075
29934.0,9602.087
29935.0,4895.0093
29936.0,4756.9185
29937.0,4943.8438
29938.0,5962.2324
29939.0,4577.09
29940.0,9246.122
29941.0,7170.0312
29942.0,10669.56
29943.0,4246.549
29944.0,5120.6655
29945.0,7725.665
29946.0,7402.711
29947.0,4232.6167
29948.0,8718.12
29949.0,6167.5117
29950.0,4882.5864
29951.0,4772.8945
29952.0,4204.5566
29953.0,4444.0806
29954.0,5042.9014
29955.0,4449.5015
29956.0,3968.9946
29957.0,7223.5386
29958.0,5609.102
29959.0,20195.59
29960.0,5958.2075
29961.0,3700.797
29962.0,5375.5737
29963.0,8579.686
29964.0,4948.279
29965.0,5657.019
29966.0,4402.222
29967.0,7218.662
29968.0,5692.451
29969.0,3592.264
29970.0,4474.4473
29971.0,5292.5254
29972.0,6277.997
29973.0,5479.6934
29974.0,7658.031
29975.0,3729.041
29976.0,3668.9294
29977.0,4812.7783
29978.0,7429.3423
29979.0,8411.883
29980.0,7216.7554
29981.0,5519.656
29982.0,4156.2188
29983.0,5058.12
29984.0,3125.8071
29985.0,6552.8154
29986.0,7753.791
29987.0,7812.9653
29988.0,4056.46
29989.0,3692.475
29990.0,3977.511
29991.0,5285.0693
29992.0,9034.4375
29993.0,5103.9053
29994.0,3902.9827
29995.0,3542.5825
29996.0,6548.9917
29997.0,2750.5154
29998.0,5991.2266
29999.0,3094.9626
30000.0,5457.7427
30001.0,5586.0796
30002.0,4784.413
30003.0,6408.297
30004.0,5122.884
30005.0,3892.204
30006.0,5418.611
30007.0,5245.984
30008.0,9730.233
30009.0,4929.4346
30010.0,6187.8765
30011.0,7320.413
30012.0,7498.926
30013.0,4992.5176
30014.0,5033.4585
30015.0,3249.0503
30016.0,3986.7607
30017.0,5036.282
30018.0,2321.723
30019.0,7693.399
30020.0,3853.9983
30021.0,3951.4395
30022.0,5835.6274
30023.0,5418.9727
30024.0,7363.325
30025.0,3094.8386
30026.0,10393.391
30027.0,3516.18
30028.0,5038.1226
30029.0,6933.5186
30030.0,4261.3276
30031.0,4507.592
30032.0,5091.365
30033.0,5790.1235
30034.0,4268.895
30035.0,4370.044
30036.0,6975.121
30037.0,5593.224
30038.0,5383.9736
30039.0,3904.2078
30040.0,5880.1255
30041.0,8687.864
30042.0,5312.8687
30043.0,5242.1973
30044.0,5170.108
30045.0,5183.564
30046.0,5336.394
30047.0,5916.983
30048.0,3395.3835
30049.0,6083.4604
30050.0,4376.3516
30051.0,4922.1987
30052.0,8238.729
30053.0,3565.195
30054.0,3977.4692
30055.0,3038.7058
30056.0,5679.169
30057.0,7796.9824
30058.0,4094.1995
30059.0,3727.1028
30060.0,5179.63
30061.0,4374.048
30062.0,4359.186
30063.0,6968.9033
30064.0,5184.815
30065.0,5910.1636
30066.0,3999.9065
30067.0,3830.2485
30068.0,4549.5015
30069.0,6974.6753
30070.0,6062.694
30071.0,6388.1333
30072.0,6477.561
30073.0,4550.326
30074.0,7288.8237
30075.0,4285.2715
30076.0,5125.2295
30077.0,7264.8228
30078.0,4796.5635
30079.0,7873.1772
30080.0,6848.2725
30081.0,5818.07
30082.0,5084.682
30083.0,5962.306
30084.0,5857.5825
30085.0,3691.961
30086.0,3176.2832
30087.0,5112.7246
30088.0,6088.883
30089.0,5892.2583
30090.0,3599.9548
30091.0,6588.9346
30092.0,6388.755
30093.0,5647.3955
30094.0,4321.4688
30095.0,4349.6743
30096.0,5715.9336
30097.0,5831.137
30098.0,5085.0605
30099.0,4303.7427
30100.0,4160.336
30101.0,5226.2007
30102.0,3208.0938
30103.0,4867.622
30104.0,3622.5432
30105.0,6437.5254
30106.0,6159.7983
30107.0,4751.431
30108.0,8890.353
30109.0,3864.3171
30110.0,3942.1553
30111.0,8520.156
30112.0,4678.604
30113.0,6200.4487
30114.0,6705.452
30115.0,4569.4946
30116.0,4995.4375
30117.0,5175.689
30118.0,6760.7656
30119.0,8306.498
30120.0,6055.8564
30121.0,2455.0889
30122.0,3989.4312
30123.0,6628.9
30124.0,7225.764
30125.0,4467.6577
30126.0,5461.7944
30127.0,3518.9048
30128.0,4587.506
30129.0,2855.9626
30130.0,3809.0208
30131.0,5439.6304
30132.0,5465.8594
30133.0,5224.0327
30134.0,4871.2915
30135.0,6898.247
30136.0,6503.9287
30137.0,6022.355
30138.0,3581.9126
30139.0,7144.227
30140.0,7653.3794
30141.0,4495.9463
30142.0,6306.932
30143.0,4037.1008
30144.0,5342.4346
30145.0,3085.6672
30146.0,5399.629
30147.0,3899.968
30148.0,7257.35
30149.0,5037.248
30150.0,6348.9165
30151.0,6619.947
30152.0,4851.3706
30153.0,5955.5825
30154.0,15900.513
30155.0,8491.615
30156.0,4050.4048
30157.0,2416.6682
30158.0,4628.5596
30159.0,6946.082
30160.0,3630.0427
30161.0,11060.68
30162.0,15423.465
30163.0,2929.381
30164.0,4005.8403
30165.0,7793.079
30166.0,3648.0977
30167.0,6593.6875
30168.0,4539.0806
30169.0,5626.2275
30170.0,3347.8206
30171.0,5423.13
30172.0,5288.3774
30173.0,5174.0103
30174.0,6272.0957
30175.0,5531.9365
30176.0,4671.2993
30177.0,5796.6553
30178.0,3774.7878
30179.0,3925.8386
30180.0,7050.141
30181.0,4628.97
30182.0,4772.917
30183.0,5562.472
30184.0,4704.2456
30185.0,4786.928
30186.0,5799.354
30187.0,5515.1353
30188.0,7345.2417
30189.0,6933.0024
30190.0,5883.885
30191.0,4448.148
30192.0,2728.7058
30193.0,5159.728
30194.0,5692.69
30195.0,4626.657
30196.0,3663.5225
30197.0,6186.7964
30198.0,5218.3604
30199.0,7912.912
30200.0,5758.0693
30201.0,4556.8457
30202.0,4146.9478
30203.0,4910.8496
30204.0,7512.901
30205.0,3795.1697
30206.0,6744.7085
30207.0,12534.099
30208.0,6110.736
30209.0,6442.433
30210.0,4228.6577
30211.0,3719.0444
30212.0,5597.1304
30213.0,3451.9956
30214.0,4486.6025
30215.0,6903.75
30216.0,3604.4358
30217.0,12425.642
30218.0,9172.647
30219.0,3973.6543
30220.0,5237.694
30221.0,5023.779
30222.0,5237.389
30223.0,4536.9165
30224.0,9053.069
30225.0,6379.286
30226.0,6492.2017
30227.0,4111.0234
30228.0,6009.7764
30229.0,4204.8936
30230.0,8453.19
30231.0,5135.296
30232.0,5633.1333
30233.0,5216.703
30234.0,5085.57
30235.0,7637.468
30236.0,8044.6323
30237.0,4803.6836
30238.0,7209.607
30239.0,5680.8433
30240.0,7399.4565
30241.0,4544.6567
30242.0,3972.9683
30243.0,3890.1108
30244.0,6702.907
30245.0,5581.206
30246.0,6093.699
30247.0,3294.5566
30248.0,7279.174
30249.0,3900.2434
30250.0,7279.243
30251.0,5568.779
30252.0,3162.9062
30253.0,11238.444
30254.0,14570.272
30255.0,5279.905
30256.0,5488.8633
30257.0,6392.65
30258.0,8085.224
30259.0,8519.367
30260.0,4584.6973
30261.0,5841.87
30262.0,4538.7173
30263.0,6508.13
30264.0,3685.845
30265.0,4737.438
30266.0,4434.1426
30267.0,4578.841
30268.0,6642.1724
30269.0,3817.62
30270.0,3292.282
30271.0,5095.315
30272.0,3045.2354
30273.0,3377.2578
30274.0,4495.1484
30275.0,4608.541
30276.0,7141.1475
30277.0,6799.2046
30278.0,6640.582
30279.0,5366.408
30280.0,5273.97
30281.0,8161.7363
30282.0,6605.3706
30283.0,3842.8674
30284.0,4187.6294
30285.0,7850.876
30286.0,3780.4924
30287.0,5804.3896
30288.0,2810.649
30289.0,3790.3975
30290.0,5526.2197
30291.0,4951.277
30292.0,4539.28
30293.0,8754.108
30294.0,8213.323
30295.0,8642.8955
30296.0,5249.1675
30297.0,9462.938
30298.0,2765.8179
30299.0,4030.94
30300.0,4874.4985
30301.0,3220.2205
30302.0,6756.762
30303.0,4078.3972
30304.0,4297.671
30305.0,7150.826
30306.0,8826.849
30307.0,7643.582
30308.0,4279.5156
30309.0,3961.7432
30310.0,11460.57
30311.0,6148.593
30312.0,5036.7817
30313.0,4537.1934
30314.0,5405.612
30315.0,6866.2656
30316.0,3853.958
30317.0,5063.4927
30318.0,5918.592
30319.0,5881.7974
30320.0,14749.938
30321.0,4754.8135
30322.0,10282.2705
30323.0,5558.5684
30324.0,4733.8647
30325.0,2916.1812
30326.0,4778.384
30327.0,4869.7725
30328.0,4147.6914
30329.0,6434.554
30330.0,4086.5518
30331.0,3691.1191
30332.0,5518.808
30333.0,2925.0107
30334.0,6583.815
30335.0,4977.957
30336.0,6473.0645
30337.0,6660.977
30338.0,3946.889
30339.0,7428.634
30340.0,5734.3535
30341.0,3976.1985
30342.0,4935.7534
30343.0,4335.863
30344.0,8113.846
30345.0,5217.116
30346.0,3675.6448
30347.0,5180.4453
30348.0,6807.621
30349.0,5682.8105
30350.0,4971.1333
30351.0,6849.886
30352.0,4928.1934
30353.0,5102.718
30354.0,4698.725
30355.0,7300.3735
30356.0,5093.7065
30357.0,5043.161
30358.0,3790.5674
30359.0,4351.521
30360.0,3721.9192
30361.0,4639.987
30362.0,6556.7295
30363.0,8450.917
30364.0,8446.969
30365.0,9297.572
30366.0,6879.022
30367.0,6642.7485
30368.0,4325.6055
30369.0,9607.208
30370.0,8295.557
30371.0,5810.849
30372.0,6830.9653
30373.0,6653.548
30374.0,4392.818
30375.0,3326.5642
30376.0,8849.66
30377.0,4929.8906
30378.0,5618.537
30379.0,5191.58
30380.0,1928.6805
30381.0,9160.259
30382.0,3149.9822
30383.0,3618.73
30384.0,3901.6538
30385.0,4866.3643
30386.0,5448.011
30387.0,6367.6445
30388.0,5353.121
30389.0,4062.342
30390.0,3406.8853
30391.0,3248.223
30392.0,1863.351
30393.0,5667.7344
30394.0,14447.134
30395.0,4527.142
30396.0,4979.41
30397.0,5410.574
30398.0,4194.2856
30399.0,4157.0234
30400.0,4091.0176
30401.0,3444.0718
30402.0,5649.0923
30403.0,5759.459
30404.0,3107.249
30405.0,6855.9585
30406.0,3924.382
30407.0,3879.3862
30408.0,7498.254
30409.0,6613.56
30410.0,7764.8774
30411.0,4241.6787
30412.0,5291.6724
30413.0,3403.903
30414.0,4565.652
30415.0,13065.177
30416.0,7511.1167
30417.0,5445.985
30418.0,3992.0352
30419.0,3966.648
30420.0,4559.7544
30421.0,4545.1855
30422.0,9177.162
30423.0,4270.28
30424.0,4573.69
30425.0,5927.433
30426.0,4064.3264
30427.0,4891.91
30428.0,5202.1685
30429.0,6210.902
30430.0,5521.8096
30431.0,3266.0708
30432.0,5115.53
30433.0,5166.524
30434.0,7205.503
30435.0,7199.485
30436.0,5713.7915
30437.0,3376.9614
30438.0,6553.178
30439.0,4478.8286
30440.0,3710.0015
30441.0,5818.4863
30442.0,6070.031
30443.0,4953.5537
30444.0,4490.7812
30445.0,5096.433
30446.0,5915.211
30447.0,4341.3716
30448.0,4348.7407
30449.0,6133.9365
30450.0,3563.6072
30451.0,7649.533
30452.0,5345.039
30453.0,4042.1372
30454.0,9765.34
30455.0,5037.551
30456.0,3042.6653
30457.0,6392.912
30458.0,7831.625
30459.0,7220.4663
30460.0,4570.1226
30461.0,4530.611
30462.0,5224.207
30463.0,5866.1763
30464.0,4805.361
30465.0,6882.586
30466.0,2923.8306
30467.0,4922.828
30468.0,5062.107
30469.0,4407.916
30470.0,3752.2708
30471.0,5582.106
30472.0,5551.6216
30473.0,4595.455
30474.0,6142.321
30475.0,5005.798
30476.0,6602.3726
30477.0,4251.6357
30478.0,5042.488
30479.0,4500.778
30480.0,6091.578
30481.0,6770.471
30482.0,3362.6465
30483.0,6972.3276
30484.0,5682.615
30485.0,5274.0005
30486.0,4079.8953
30487.0,3246.934
30488.0,5485.7334
30489.0,4344.205
30490.0,6657.382
30491.0,5653.836
30492.0,4558.737
30493.0,6361.962
30494.0,5118.976
30495.0,4253.7734
30496.0,6341.9688
30497.0,4137.7725
30498.0,6262.71
30499.0,8073.003
30500.0,6440.191
30501.0,3888.3484
30502.0,4063.0938
30503.0,3425.3596
30504.0,2714.8489
30505.0,6234.8105
30506.0,4631.3154
30507.0,7018.9014
30508.0,3347.2905
30509.0,5663.0654
30510.0,5106.7397
30511.0,8743.102
30512.0,4528.0015
30513.0,3813.9185
30514.0,4297.0234
30515.0,6282.094
30516.0,5059.9004
30517.0,5999.2783
30518.0,6366.6665
30519.0,7959.0312
30520.0,5584.689
30521.0,6040.724
30522.0,5047.9404
30523.0,3462.3645
30524.0,4422.5093
30525.0,8449.918
30526.0,7793.213
30527.0,8953.963
30528.0,13814.658
30529.0,4534.532
30530.0,3999.651
30531.0,4998.6787
30532.0,7067.1475
30533.0,6290.4766
30534.0,5113.8467
30535.0,6142.86
30536.0,6262.567
30537.0,5727.7227
30538.0,4947.7783
30539.0,4303.0283
30540.0,3892.297
30541.0,4086.0295
30542.0,3213.733
30543.0,3866.8098
30544.0,6685.508
30545.0,13344.286
30546.0,5008.7925
30547.0,4243.872
30548.0,5659.75
30549.0,3089.3196
30550.0,5518.0293
30551.0,3434.3408
30552.0,8010.682
30553.0,5026.928
30554.0,5129.9346
30555.0,10397.386
30556.0,10367.807
30557.0,5052.844
30558.0,6170.0654
30559.0,2940.0647
30560.0,4361.0244
30561.0,4574.2744
30562.0,7395.9497
30563.0,3490.9397
30564.0,3699.0042
30565.0,4961.446
30566.0,5117.5796
30567.0,5101.6226
30568.0,5537.1313
30569.0,3732.8955
30570.0,6051.2256
30571.0,6315.3237
30572.0,5651.8843
30573.0,3511.8423
30574.0,3074.6277
30575.0,6228.6284
30576.0,3628.305
30577.0,8356.601
30578.0,3591.7532
30579.0,4637.3364
30580.0,5264.1694
30581.0,6515.981
30582.0,4022.8232
30583.0,4885.242
30584.0,5248.146
30585.0,7268.3926
30586.0,7014.946
30587.0,5120.68
30588.0,3199.7495
30589.0,4574.2
30590.0,5987.319
30591.0,3924.599
30592.0,4528.9604
30593.0,4997.0054
30594.0,10156.953
30595.0,4382.5425
30596.0,5062.8843
30597.0,6101.295
30598.0,4279.5605
30599.0,7360.685
30600.0,4241.509
30601.0,11038.085
30602.0,4774.4834
30603.0,4057.083
30604.0,663.8544
30605.0,3932.0337
30606.0,6055.487
30607.0,14286.886
30608.0,3286.1067
30609.0,4217.137
30610.0,8014.5186
30611.0,5712.3203
30612.0,5686.785
30613.0,6181.175
30614.0,5060.427
30615.0,4945.5938
30616.0,3680.3708
30617.0,7555.8027
30618.0,4230.385
30619.0,4365.503
30620.0,6806.303
30621.0,3702.6724
30622.0,7262.017
30623.0,4584.789
30624.0,3162.6287
30625.0,6833.324
30626.0,7805.584
30627.0,3376.7004
30628.0,6003.2793
30629.0,5268.52
30630.0,4591.4062
30631.0,7215.028
30632.0,5008.6255
30633.0,6500.4556
30634.0,3366.4917
30635.0,4119.318
30636.0,5949.121
30637.0,3317.0417
30638.0,6266.361
30639.0,3580.2695
30640.0,4936.0737
30641.0,4175.3525
30642.0,4821.5684
30643.0,5488.403
30644.0,5692.7983
30645.0,5260.495
30646.0,6390.7354
30647.0,4476.078
30648.0,6574.8784
30649.0,5493.8706
30650.0,6510.0728
30651.0,7382.453
30652.0,6637.9033
30653.0,3186.8696
30654.0,5148.5186
30655.0,5681.1465
30656.0,3870.238
30657.0,8336.452
30658.0,4704.2637
30659.0,5616.9297
30660.0,8420.648
30661.0,5406.4526
30662.0,3050.4514
30663.0,8176.8677
30664.0,8261.635
30665.0,4794.0293
30666.0,5991.958
30667.0,8108.547
30668.0,5065.6714
30669.0,5062.5366
30670.0,5523.2373
30671.0,4377.4287
30672.0,4896.158
30673.0,5940.4795
30674.0,4265.9927
30675.0,5494.138
30676.0,5570.92
30677.0,4873.755
30678.0,6240.0635
30679.0,4649.0024
30680.0,5088.6704
30681.0,3895.9524
30682.0,6180.7153
30683.0,5728.1323
30684.0,5323.9326
30685.0,5353.208
30686.0,5098.1396
30687.0,7233.515
30688.0,4747.2407
30689.0,4134.364
30690.0,4882.363
30691.0,6153.6147
30692.0,5811.0376
30693.0,4209.015
30694.0,3407.7078
30695.0,5745.358
30696.0,6370.214
30697.0,4290.7646
30698.0,6397.3525
30699.0,5317.401
30700.0,5513.189
30701.0,4122.9663
30702.0,3080.9463
30703.0,5235.152
30704.0,5432.1587
30705.0,4958.456
30706.0,7117.4907
30707.0,6912.975
30708.0,3952.6196
30709.0,8071.2783
30710.0,3164.6235
30711.0,2722.1743
30712.0,6082.213
30713.0,9766.97
30714.0,7001.7573
30715.0,5748.8936
30716.0,2939.072
30717.0,5485.362
30718.0,7216.762
30719.0,4514.0376
30720.0,6324.2695
30721.0,4146.224
30722.0,4171.8765
30723.0,4467.402
30724.0,4318.8936
30725.0,4630.4805
30726.0,3644.4143
30727.0,3981.5083
30728.0,3038.242
30729.0,5730.4385
30730.0,4351.5913
30731.0,3719.644
30732.0,5207.8184
30733.0,5529.3467
30734.0,4220.655
30735.0,4428.1235
30736.0,6599.451
30737.0,6657.9536
30738.0,5144.832
30739.0,3132.132
30740.0,10388.931
30741.0,4969.5405
30742.0,3782.5305
30743.0,6467.8926
30744.0,6479.897
30745.0,5898.1455
30746.0,5143.811
30747.0,5871.086
30748.0,6546.0127
30749.0,9739.574
30750.0,3685.0679
30751.0,3466.8164
30752.0,4621.382
30753.0,5334.9536
30754.0,4936.803
30755.0,8227.146
30756.0,7468.746
30757.0,4825.042
30758.0,3445.9878
30759.0,4893.749
30760.0,8512.756
30761.0,3623.1375
30762.0,5171.0996
30763.0,3460.9412
30764.0,5697.8345
30765.0,5725.6523
30766.0,6060.5894
30767.0,6754.2754
30768.0,5000.9297
30769.0,3271.8774
30770.0,5590.28
30771.0,5920.743
30772.0,6058.283
30773.0,6110.6016
30774.0,6106.3774
30775.0,4492.4136
30776.0,3195.3723
30777.0,7833.7095
30778.0,3619.852
30779.0,9519.135
30780.0,3146.3904
30781.0,3424.1833
30782.0,5399.1963
30783.0,4874.843
30784.0,5923.618
30785.0,6347.5605
30786.0,3397.8494
30787.0,3418.6055
30788.0,5130.331
30789.0,6575.0166
30790.0,8205.438
30791.0,4315.751
30792.0,4687.051
30793.0,4889.8154
30794.0,5566.5854
30795.0,4470.053
30796.0,8417.123
30797.0,6676.51
30798.0,10047.432
30799.0,3590.8625
30800.0,4872.5557
30801.0,7524.5615
30802.0,7785.6646
30803.0,4098.521
30804.0,8075.8833
30805.0,5393.704
30806.0,4169.462
30807.0,4257.9507
30808.0,3844.301
30809.0,4373.8306
30810.0,4464.454
30811.0,4083.446
30812.0,3818.6765
30813.0,7046.5107
30814.0,5831.7876
30815.0,18066.006
30816.0,4872.9927
30817.0,3710.3875
30818.0,5529.547
30819.0,8794.555
30820.0,4399.456
30821.0,5825.9556
30822.0,4321.737
30823.0,7437.872
30824.0,5790.6094
30825.0,3543.9246
30826.0,4791.1035
30827.0,5192.962
30828.0,6449.4854
30829.0,5693.0645
30830.0,7283.7227
30831.0,3509.0796
30832.0,3655.3052
30833.0,4423.484
30834.0,7991.0244
30835.0,8658.258
30836.0,6990.1797
30837.0,5779.5845
30838.0,3837.6182
30839.0,4851.8013
30840.0,3088.0232
30841.0,6855.638
30842.0,7828.541
30843.0,7893.9155
30844.0,4111.71
30845.0,3854.193
30846.0,3851.5837
30847.0,5170.8135
30848.0,9435.352
30849.0,5244.948
30850.0,3508.8752
30851.0,3290.8564
30852.0,6830.5156
30853.0,2904.5144
30854.0,5728.8154
30855.0,2897.591
30856.0,5064.227
30857.0,5414.922
30858.0,4790.071
30859.0,6031.731
30860.0,5075.3203
30861.0,4170.6274
30862.0,5599.363
30863.0,4998.3213
30864.0,9052.387
30865.0,4681.019
30866.0,6432.382
30867.0,7371.3574
30868.0,7375.8164
30869.0,4975.1655
30870.0,3514.5703
30871.0,3081.74
30872.0,4004.82
30873.0,5187.546
30874.0,5581.7227
30875.0,7582.8545
30876.0,3795.166
30877.0,3995.22
30878.0,5234.792
30879.0,5575.7627
30880.0,6614.7524
30881.0,3239.2861
30882.0,10774.192
30883.0,3727.9314
30884.0,5100.5327
30885.0,6829.8184
30886.0,4226.2627
30887.0,4571.7837
30888.0,4856.2505
30889.0,5715.716
30890.0,4097.4346
30891.0,4156.6626
30892.0,6674.9053
30893.0,5528.0703
30894.0,4346.3726
30895.0,3942.0913
30896.0,5689.0474
30897.0,8861.214
30898.0,5352.861
30899.0,5347.951
30900.0,4912.869
30901.0,4996.424
30902.0,5351.8857
30903.0,5972.717
30904.0,3488.9055
30905.0,6032.3066
30906.0,4692.2217
30907.0,4820.3867
30908.0,8931.939
30909.0,3981.7742
30910.0,4072.9153
30911.0,2882.5825
30912.0,5552.395
30913.0,7477.107
30914.0,4102.378
30915.0,3784.5408
30916.0,5147.674
30917.0,4246.727
30918.0,4406.0073
30919.0,6771.4272
30920.0,5065.5312
30921.0,5756.2407
30922.0,3961.1199
30923.0,3942.614
30924.0,4555.6377
30925.0,6762.1846
30926.0,6063.0464
30927.0,6242.8438
30928.0,6398.5366
30929.0,4420.8013
30930.0,6954.793
30931.0,4592.751
30932.0,5250.329
30933.0,7078.9067
30934.0,4747.9424
30935.0,8146.2363
30936.0,6952.3984
30937.0,5640.386
30938.0,4627.359
30939.0,6211.0796
30940.0,5636.2075
30941.0,3614.1418
30942.0,3182.5798
30943.0,5173.1123
30944.0,6221.9067
30945.0,5977.436
30946.0,3645.5757
30947.0,6853.1406
30948.0,6547.555
30949.0,5471.6235
30950.0,4270.2266
30951.0,4445.149
30952.0,5948.412
30953.0,5623.2124
30954.0,4795.639
30955.0,4247.335
30956.0,4209.3003
30957.0,5445.0137
30958.0,3258.5176
30959.0,4905.7275
30960.0,3533.4023
30961.0,6414.2837
30962.0,5724.074
30963.0,5099.365
30964.0,9113.783
30965.0,4159.1733
30966.0,3889.9253
30967.0,8857.894
30968.0,4811.631
30969.0,5828.19
30970.0,6795.055
30971.0,3834.9868
30972.0,5016.0645
30973.0,4903.8936
30974.0,6585.347
30975.0,8303.313
30976.0,5685.1255
30977.0,2285.3591
30978.0,4226.6377
30979.0,7204.1216
30980.0,7192.697
30981.0,4485.524
30982.0,5693.5205
30983.0,3604.0232
30984.0,4488.6187
30985.0,2960.0225
30986.0,3990.181
30987.0,5384.7236
30988.0,5342.674
30989.0,5361.0923
30990.0,5132.5093
30991.0,6634.536
30992.0,6175.7886
30993.0,5900.7397
30994.0,3520.6204
30995.0,7202.974
30996.0,7979.775
30997.0,4301.6904
30998.0,6654.182
30999.0,3973.6921
31000.0,5568.428
31001.0,2735.1045
31002.0,5452.399
31003.0,3932.694
31004.0,7261.38
31005.0,5041.011
31006.0,6277.3086
31007.0,6664.879
31008.0,4645.828
31009.0,5783.461
31010.0,16393.488
31011.0,8272.461
31012.0,4297.171
31013.0,1674.3934
31014.0,4707.6304
31015.0,6918.3906
31016.0,3464.0066
31017.0,11150.394
31018.0,15277.152
31019.0,3202.5164
31020.0,3837.578
31021.0,6730.776
31022.0,3731.8486
31023.0,6821.7065
31024.0,4592.427
31025.0,5841.759
31026.0,3201.6152
31027.0,5791.1396
31028.0,5027.0527
31029.0,5157.4297
31030.0,6157.202
31031.0,5140.6523
31032.0,4435.001
31033.0,5889.3086
31034.0,3833.7322
31035.0,3911.5889
31036.0,6853.1343
31037.0,4428.702
31038.0,4549.7837
31039.0,5859.0186
31040.0,4760.1455
31041.0,4851.5234
31042.0,5602.91
31043.0,5371.6113
31044.0,6591.5435
31045.0,6923.533
31046.0,5647.223
31047.0,4503.015
31048.0,2666.3103
31049.0,5107.2314
31050.0,5500.7607
31051.0,4535.5835
31052.0,3794.413
31053.0,6102.168
31054.0,5052.7676
31055.0,7701.9814
31056.0,5926.3594
31057.0,4342.063
31058.0,4153.8325
31059.0,4738.0796
31060.0,7158.913
31061.0,3785.003
31062.0,6636.049
31063.0,12530.907
31064.0,5946.228
31065.0,5463.3315
31066.0,3784.8801
31067.0,3793.9607
31068.0,5581.563
31069.0,3539.6033
31070.0,4085.2617
31071.0,6873.441
31072.0,3641.7175
31073.0,13361.722
31074.0,9237.625
31075.0,3927.4792
31076.0,5170.858
31077.0,4909.388
31078.0,5232.0117
31079.0,4557.7197
31080.0,8742.719
31081.0,5918.586
31082.0,6434.5728
31083.0,4142.5513
31084.0,5965.9927
31085.0,3989.3743
31086.0,7614.599
31087.0,4769.7085
31088.0,5667.437
31089.0,5061.952
31090.0,4764.2886
31091.0,7797.667
31092.0,7686.123
31093.0,4482.697
31094.0,7899.881
31095.0,5278.384
31096.0,7372.145
31097.0,4566.183
31098.0,4120.894
31099.0,3834.4272
31100.0,6810.0693
31101.0,5448.432
31102.0,5601.8306
31103.0,3148.4111
31104.0,7321.0835
31105.0,3816.3604
31106.0,6794.6406
31107.0,5621.1533
31108.0,3052.6145
31109.0,11184.082
31110.0,14637.714
31111.0,5024.977
31112.0,5670.049
31113.0,6590.462
31114.0,8206.628
31115.0,8390.6
31116.0,4726.348
31117.0,6042.6436
31118.0,4555.681
31119.0,6051.63
31120.0,3748.0422
31121.0,4870.497
31122.0,4277.3
31123.0,4578.43
31124.0,6645.2964
31125.0,3811.6343
31126.0,3270.9973
31127.0,5182.491
31128.0,3067.6782
31129.0,3298.069
31130.0,4448.1523
31131.0,5177.8467
31132.0,6834.55
31133.0,6542.1865
31134.0,6710.2188
31135.0,5058.733
31136.0,4980.237
31137.0,8239.105
31138.0,6818.7856
31139.0,3747.5488
31140.0,4116.105
31141.0,7750.5674
31142.0,3744.6328
31143.0,6011.3184
31144.0,2860.2214
31145.0,4248.976
31146.0,5650.1216
31147.0,4324.0215
31148.0,4682.0684
31149.0,8781.01
31150.0,7800.1514
31151.0,9259.095
31152.0,5206.4375
31153.0,9377.923
31154.0,2829.0295
31155.0,4055.2373
31156.0,4822.18
31157.0,3157.1755
31158.0,7107.7417
31159.0,4200.52
31160.0,4386.0054
31161.0,7267.1514
31162.0,8651.538
31163.0,6751.937
31164.0,4126.2
31165.0,3639.6267
31166.0,12671.195
31167.0,6214.8013
31168.0,5241.4824
31169.0,4366.444
31170.0,5212.684
31171.0,6470.287
31172.0,3715.172
31173.0,5311.7437
31174.0,5704.197
31175.0,6342.114
31176.0,14246.405
31177.0,4594.232
31178.0,10300.861
31179.0,5433.449
31180.0,4594.7446
31181.0,2798.8823
31182.0,4986.811
31183.0,4605.4736
31184.0,4193.654
31185.0,6160.016
31186.0,3951.349
31187.0,3732.8562
31188.0,5310.133
31189.0,2982.0398
31190.0,6646.995
31191.0,4891.7563
31192.0,6417.784
31193.0,6852.7617
31194.0,3727.8281
31195.0,7391.8315
31196.0,6047.9077
31197.0,4019.6472
31198.0,4865.385
31199.0,4322.619
31200.0,7983.68
31201.0,5228.8936
31202.0,3690.2883
31203.0,5323.12
31204.0,6606.1836
31205.0,5840.132
31206.0,4855.3105
31207.0,6987.2466
31208.0,4547.2715
31209.0,4950.1055
31210.0,4661.0444
31211.0,7043.6885
31212.0,4929.0586
31213.0,4758.212
31214.0,3653.9734
31215.0,4183.4653
31216.0,3635.8374
31217.0,4039.2732
31218.0,6301.1177
31219.0,7980.7417
31220.0,8763.188
31221.0,8201.183
31222.0,6569.625
31223.0,6434.5728
31224.0,4326.3647
31225.0,10034.675
31226.0,8702.162
31227.0,5602.9263
31228.0,6971.051
31229.0,6956.2524
31230.0,4438.336
31231.0,3456.929
31232.0,8995.444
31233.0,5179.8867
31234.0,5812.2515
31235.0,5207.1084
31236.0,1932.8735
31237.0,9377.073
31238.0,2878.2588
31239.0,3573.3635
31240.0,3871.283
31241.0,4744.6333
31242.0,5386.691
31243.0,6166.4707
31244.0,5039.55
31245.0,4018.0562
31246.0,3363.1887
31247.0,3570.6035
31248.0,1865.8667
31249.0,5508.369
31250.0,14391.107
31251.0,4471.6313
31252.0,5071.3037
31253.0,5556.8457
31254.0,4015.6116
31255.0,4148.5303
31256.0,3947.6758
31257.0,3369.8687
31258.0,5580.5034
31259.0,5612.0454
31260.0,3055.7437
31261.0,6597.947
31262.0,3886.6462
31263.0,3832.4597
31264.0,7270.0146
31265.0,6374.6147
31266.0,7874.7993
31267.0,4235.9814
31268.0,5256.8438
31269.0,3320.3215
31270.0,4524.4136
31271.0,13406.054
31272.0,7345.543
31273.0,5113.549
31274.0,4039.3503
31275.0,3697.8506
31276.0,4476.8423
31277.0,3997.4158
31278.0,7791.6074
31279.0,2943.0674
31280.0,4689.676
31281.0,5418.177
31282.0,3813.3618
31283.0,4835.0674
31284.0,5136.6084
31285.0,5940.718
31286.0,5343.8516
31287.0,3314.154
31288.0,4781.858
31289.0,4955.3354
31290.0,7102.564
31291.0,7173.13
31292.0,5470.4497
31293.0,3357.1753
31294.0,6602.0703
31295.0,4449.069
31296.0,3759.5366
31297.0,5860.6396
31298.0,6213.2603
31299.0,5030.612
31300.0,4351.1807
31301.0,5110.8623
31302.0,5477.0596
31303.0,4289.3203
31304.0,4273.2544
31305.0,5618.355
31306.0,3580.3618
31307.0,6916.8794
31308.0,4956.082
31309.0,4005.4163
31310.0,9699.305
31311.0,4546.096
31312.0,3278.5325
31313.0,6151.9365
31314.0,7193.0605
31315.0,7473.107
31316.0,4560.777
31317.0,4428.0645
31318.0,5323.2573
31319.0,6053.229
31320.0,4848.6274
31321.0,7095.36
31322.0,2772.9753
31323.0,5196.6733
31324.0,5124.7407
31325.0,4504.1274
31326.0,3783.1152
31327.0,5513.105
31328.0,5510.2134
31329.0,4609.1562
31330.0,6171.584
31331.0,4891.6626
31332.0,6528.9336
31333.0,4088.2244
31334.0,5095.4023
31335.0,4434.862
31336.0,5904.478
31337.0,6877.0474
31338.0,2776.5078
31339.0,6759.953
31340.0,5792.6094
31341.0,5398.434
31342.0,4165.6177
31343.0,3257.2402
31344.0,5472.0884
31345.0,4363.808
31346.0,6821.934
31347.0,5309.91
31348.0,4610.5063
31349.0,6468.405
31350.0,5250.5293
31351.0,4182.5396
31352.0,6518.579
31353.0,4339.9927
31354.0,6335.8193
31355.0,8140.931
31356.0,6568.7354
31357.0,3895.2017
31358.0,4041.2349
31359.0,3098.7207
31360.0,2761.32
31361.0,6185.392
31362.0,4539.5396
31363.0,7220.122
31364.0,3177.5894
31365.0,5406.169
31366.0,5004.213
31367.0,9119.644
31368.0,4673.412
31369.0,3921.856
31370.0,4441.0
31371.0,6246.8525
31372.0,4530.68
31373.0,5815.5566
31374.0,6223.9727
31375.0,8047.786
31376.0,5477.2056
31377.0,6203.448
31378.0,4800.564
31379.0,3458.6475
31380.0,4095.0508
31381.0,8595.797
31382.0,7578.9136
31383.0,8899.227
31384.0,13922.83
31385.0,4661.3604
31386.0,3852.3406
31387.0,5102.4985
31388.0,7113.1133
31389.0,6172.3496
31390.0,4972.836
31391.0,6023.1304
31392.0,6389.9126
31393.0,5535.436
31394.0,4757.168
31395.0,4203.466
31396.0,3670.298
31397.0,3858.5488
31398.0,3235.2654
31399.0,3895.6624
31400.0,6665.642
31401.0,13533.183
31402.0,4976.618
31403.0,4160.1973
31404.0,5879.7104
31405.0,3045.4387
31406.0,5394.373
31407.0,3458.8289
31408.0,7659.1484
31409.0,4836.982
31410.0,5017.084
31411.0,10176.123
31412.0,10624.158
31413.0,5240.0127
31414.0,5660.943
31415.0,3027.4817
31416.0,4451.5986
31417.0,4572.752
31418.0,6954.6934
31419.0,3568.3186
31420.0,3611.6362
31421.0,5169.0825
31422.0,5070.617
31423.0,5231.5923
31424.0,5635.2666
31425.0,3773.7546
31426.0,5759.569
31427.0,6429.5786
31428.0,5344.7993
31429.0,3490.8533
31430.0,3183.4846
31431.0,6383.8755
31432.0,3634.7483
31433.0,8561.759
31434.0,3528.165
31435.0,4288.0767
31436.0,5160.924
31437.0,4721.603
31438.0,3959.5217
31439.0,5173.808
31440.0,5240.8525
31441.0,7113.9272
31442.0,7073.4326
31443.0,4862.7817
31444.0,3297.5784
31445.0,4558.189
31446.0,6020.3735
31447.0,4033.9634
31448.0,4674.4287
31449.0,4967.1235
31450.0,10366.907
31451.0,4429.9023
31452.0,4875.954
31453.0,5921.8726
31454.0,4286.9355
31455.0,7347.246
31456.0,4297.0728
31457.0,11338.28
31458.0,4702.5005
31459.0,3948.2144
31460.0,476.5513
31461.0,3702.2627
31462.0,6187.2036
31463.0,13996.536
31464.0,3378.5596
31465.0,4090.1592
31466.0,7801.111
31467.0,5961.1235
31468.0,5705.9434
31469.0,6178.2573
31470.0,5033.0166
31471.0,5162.0464
31472.0,3671.3032
31473.0,7454.4624
31474.0,4215.3955
31475.0,4308.4624
31476.0,6607.236
31477.0,3537.9456
31478.0,7230.149
31479.0,4467.739
31480.0,3173.4998
31481.0,6515.2974
31482.0,7350.6387
31483.0,3447.8884
31484.0,5996.24
31485.0,4972.907
31486.0,4400.4546
31487.0,7080.372
31488.0,4733.3003
31489.0,6544.134
31490.0,3312.425
31491.0,3717.0864
31492.0,6351.848
31493.0,3207.1084
31494.0,6346.4224
31495.0,3899.492
31496.0,5139.863
31497.0,4262.856
31498.0,4619.328
31499.0,5789.5767
31500.0,5692.1577
31501.0,4562.587
31502.0,6088.412
31503.0,4366.823
31504.0,6876.372
31505.0,5742.6074
31506.0,6750.7007
31507.0,7316.727
31508.0,6713.2017
31509.0,3104.819
31510.0,5148.779
31511.0,5786.358
31512.0,4282.7134
31513.0,8089.4204
31514.0,4624.1953
31515.0,5707.5654
31516.0,8269.534
31517.0,5333.163
31518.0,2909.86
31519.0,8201.144
31520.0,8015.1226
31521.0,4717.7627
31522.0,6212.4424
31523.0,7643.6914
31524.0,5079.229
31525.0,5341.6445
31526.0,5669.8647
31527.0,4349.3794
31528.0,5027.35
31529.0,6004.568
31530.0,4290.8057
31531.0,5532.459
31532.0,5713.5244
31533.0,5301.6655
31534.0,6409.3115
31535.0,4558.5063
31536.0,5105.571
31537.0,3812.1943
31538.0,5926.4155
31539.0,5970.8545
31540.0,4921.8984
31541.0,5762.976
31542.0,5034.9805
31543.0,7063.8857
31544.0,4684.1904
31545.0,4185.3574
31546.0,4630.308
31547.0,6033.584
31548.0,5809.6187
31549.0,4195.39
31550.0,2950.5088
31551.0,6399.44
31552.0,6352.727
31553.0,4401.542
31554.0,6549.66
31555.0,5237.3794
31556.0,5749.53
31557.0,4047.4
31558.0,2990.6064
31559.0,5008.429
31560.0,5389.8726
31561.0,4971.1763
31562.0,7377.709
31563.0,7207.5234
31564.0,4117.0005
31565.0,7487.7905
31566.0,3148.1558
31567.0,2671.7124
31568.0,6207.343
31569.0,10627.188
31570.0,6586.968
31571.0,5902.327
31572.0,3059.559
31573.0,5739.3438
31574.0,6876.0376
31575.0,4715.203
31576.0,6155.4463
31577.0,4278.8384
31578.0,4249.1787
31579.0,4461.738
31580.0,4252.739
31581.0,4822.125
31582.0,3715.7039
31583.0,3759.0454
31584.0,3121.6262
31585.0,6280.0933
31586.0,4533.6416
31587.0,3686.5234
31588.0,5282.7007
31589.0,5499.717
31590.0,4210.6055
31591.0,4610.9595
31592.0,6101.8184
31593.0,6764.3906
31594.0,4717.9385
31595.0,3344.0225
31596.0,10611.51
31597.0,4568.026
31598.0,3815.261
31599.0,6369.479
31600.0,7003.2397
31601.0,6058.7456
31602.0,4937.99
31603.0,5989.8267
31604.0,6780.4883
31605.0,10001.758
31606.0,3797.1216
31607.0,3603.9512
31608.0,4514.6104
31609.0,5253.9814
31610.0,4529.613
31611.0,8899.15
31612.0,7056.943
31613.0,4885.95
31614.0,3427.4973
31615.0,4957.983
31616.0,7942.5073
31617.0,3710.352
31618.0,5136.7803
31619.0,3364.684
31620.0,5492.891
31621.0,5685.104
31622.0,6164.336
31623.0,6833.898
31624.0,4998.2593
31625.0,3330.597
31626.0,5344.3
31627.0,6121.5337
31628.0,5914.6978
31629.0,6220.72
31630.0,5751.318
31631.0,4335.9707
31632.0,3247.938
31633.0,8065.545
31634.0,3660.232
31635.0,9548.815
31636.0,3119.6287
31637.0,3568.067
31638.0,5376.2812
31639.0,4873.75
31640.0,6109.6865
31641.0,6622.2646
31642.0,3384.1013
31643.0,3428.9722
31644.0,5207.6646
31645.0,6380.3813
31646.0,8638.106
31647.0,4321.733
31648.0,4718.0464
31649.0,4741.5205
31650.0,5434.1025
31651.0,4633.6133
31652.0,8494.296
31653.0,6656.4995
31654.0,9783.453
31655.0,3762.6187
31656.0,4968.346
31657.0,7346.1597
31658.0,7714.7964
31659.0,4063.6248
31660.0,7935.412
31661.0,5591.8423
31662.0,3907.8853
31663.0,4074.1316
31664.0,3977.1165
31665.0,4308.6636
31666.0,4514.326
31667.0,4012.2917
31668.0,3923.8281
31669.0,6809.0107
31670.0,5488.5283
31671.0,17836.32
31672.0,4628.511
31673.0,3777.039
31674.0,5657.202
31675.0,9953.709
31676.0,4679.519
31677.0,5459.133
31678.0,4521.6094
31679.0,7461.9746
31680.0,5785.3867
31681.0,3488.919
31682.0,4870.92
31683.0,5157.823
31684.0,6649.6904
31685.0,5363.8135
31686.0,8079.0728
31687.0,3678.823
31688.0,3860.684
31689.0,4416.165
31690.0,7546.634
31691.0,9217.356
31692.0,7936.3433
31693.0,5592.093
31694.0,3856.032
31695.0,4816.319
31696.0,3205.261
31697.0,6663.589
31698.0,7548.455
31699.0,8604.2705
31700.0,3880.193
31701.0,3697.5366
31702.0,4122.0264
31703.0,5024.464
31704.0,8229.548
31705.0,5350.645
31706.0,3551.468
31707.0,3484.462
31708.0,7067.788
31709.0,3086.9658
31710.0,5776.178
31711.0,2928.7776
31712.0,5426.1
31713.0,5633.5684
31714.0,4915.6255
31715.0,6269.0093
31716.0,5229.4473
31717.0,4130.7964
31718.0,5562.785
31719.0,4903.9453
31720.0,8154.9585
31721.0,4849.9824
31722.0,6393.0767
31723.0,7112.265
31724.0,7552.9854
31725.0,5120.0845
31726.0,4113.887
31727.0,3316.8044
31728.0,4362.4307
31729.0,4804.1646
31730.0,5340.7686
31731.0,7348.9277
31732.0,3718.9626
31733.0,4162.7495
31734.0,5385.7715
31735.0,5717.0137
31736.0,6773.2617
31737.0,3036.1848
31738.0,10410.454
31739.0,3786.5776
31740.0,5539.3184
31741.0,6521.2407
31742.0,4506.801
31743.0,4366.2563
31744.0,4798.513
31745.0,5621.496
31746.0,4090.7056
31747.0,4358.7993
31748.0,6883.4653
31749.0,6232.747
31750.0,5159.5703
31751.0,4278.112
31752.0,5986.8623
31753.0,9748.068
31754.0,5428.3726
31755.0,6092.6763
31756.0,5013.013
31757.0,5283.305
31758.0,5175.378
31759.0,5945.0825
31760.0,3296.0342
31761.0,5834.937
31762.0,4862.9766
31763.0,5401.1484
31764.0,9154.197
31765.0,4227.847
31766.0,3857.6802
31767.0,3003.9167
31768.0,6040.056
31769.0,7932.975
31770.0,4393.555
31771.0,3859.2998
31772.0,5180.7764
31773.0,4370.211
31774.0,4593.9473
31775.0,7334.251
31776.0,5605.7485
31777.0,5906.7144
31778.0,4277.5366
31779.0,3953.9885
31780.0,4610.8623
31781.0,7292.9126
31782.0,6473.219
31783.0,6072.4688
31784.0,6258.285
31785.0,5129.294
31786.0,6620.698
31787.0,4293.672
31788.0,5507.791
31789.0,7161.57
31790.0,4940.379
31791.0,8080.7295
31792.0,6961.436
31793.0,5756.922
31794.0,4773.2314
31795.0,6078.2983
31796.0,5678.3945
31797.0,3935.8464
31798.0,3371.782
31799.0,5296.758
31800.0,6446.865
31801.0,6248.9624
31802.0,3687.73
31803.0,6623.433
31804.0,6681.715
31805.0,5700.4707
31806.0,4500.838
31807.0,4299.7705
31808.0,5685.2285
31809.0,5574.9385
31810.0,5262.6787
31811.0,4133.5356
31812.0,4488.203
31813.0,5148.6514
31814.0,3253.6252
31815.0,6076.994
31816.0,3567.941
31817.0,6362.7812
31818.0,6644.9795
31819.0,5566.7817
31820.0,9015.483
31821.0,4053.903
31822.0,3908.262
31823.0,8370.233
31824.0,5051.1143
31825.0,5818.4307
31826.0,6917.256
31827.0,4128.3066
31828.0,4850.1353
31829.0,5368.999
31830.0,6316.872
31831.0,8915.249
31832.0,6109.5757
31833.0,2327.6714
31834.0,3967.662
31835.0,6635.2637
31836.0,7181.0093
31837.0,4506.212
31838.0,5880.7705
31839.0,3759.2139
31840.0,4849.765
31841.0,2673.6719
31842.0,3946.9265
31843.0,5317.675
31844.0,5383.907
31845.0,5688.9443
31846.0,3929.5027
31847.0,6506.311
31848.0,6393.339
31849.0,5809.364
31850.0,3571.7378
31851.0,7723.241
31852.0,7715.834
31853.0,4640.562
31854.0,6571.4365
31855.0,3491.526
31856.0,4911.6133
31857.0,2889.7346
31858.0,5767.5625
31859.0,3595.1914
31860.0,7882.006
31861.0,5428.357
31862.0,5308.036
31863.0,7000.3013
31864.0,4586.0664
31865.0,6122.474
31866.0,16347.181
31867.0,8071.786
31868.0,4424.1465
31869.0,1427.403
31870.0,4384.8047
31871.0,7078.4136
31872.0,3877.751
31873.0,10759.774
31874.0,16296.06
31875.0,3389.8525
31876.0,3981.2766
31877.0,7444.8276
31878.0,3592.5415
31879.0,6947.566
31880.0,4871.18
31881.0,5818.647
31882.0,3290.1343
31883.0,5753.3096
31884.0,5190.1494
31885.0,5430.2783
31886.0,6209.048
31887.0,5115.037
31888.0,4395.924
31889.0,5986.9766
31890.0,3793.5952
31891.0,4142.5356
31892.0,7202.9673
31893.0,4642.603
31894.0,4805.7046
31895.0,5922.6406
31896.0,5252.6733
31897.0,5028.2466
31898.0,6077.8403
31899.0,5760.525
31900.0,6581.2407
31901.0,6982.936
31902.0,5912.9546
31903.0,4744.719
31904.0,2720.4038
31905.0,5828.3345
31906.0,5999.7305
31907.0,4643.622
31908.0,3972.0435
31909.0,6797.2725
31910.0,5275.379
31911.0,8388.456
31912.0,6039.5776
31913.0,4480.559
31914.0,4158.6895
31915.0,5001.9746
31916.0,7396.606
31917.0,3831.5752
31918.0,7093.147
31919.0,13062.922
31920.0,6052.7153
31921.0,5078.822
31922.0,3908.8398
31923.0,3740.6985
31924.0,5628.557
31925.0,3329.0625
31926.0,4668.5063
31927.0,7075.3086
31928.0,3366.19
31929.0,11004.069
31930.0,10413.234
31931.0,3822.9226
31932.0,5433.3506
31933.0,5354.127
31934.0,5463.1753
31935.0,4295.081
31936.0,9394.906
31937.0,5749.815
31938.0,6647.604
31939.0,4246.217
31940.0,6013.584
31941.0,4021.139
31942.0,8716.648
31943.0,4985.1416
31944.0,5609.91
31945.0,5576.0234
31946.0,5027.6807
31947.0,7270.535
31948.0,8159.6426
31949.0,4765.011
31950.0,7697.788
31951.0,5402.246
31952.0,8072.094
31953.0,4888.4443
31954.0,4269.131
31955.0,3887.0505
31956.0,6856.835
31957.0,5375.517
31958.0,5961.9536
31959.0,3004.2864
31960.0,7065.2944
31961.0,3962.3706
31962.0,7427.7837
31963.0,5673.7925
31964.0,3161.443
31965.0,11913.454
31966.0,15121.292
31967.0,5252.2876
31968.0,5453.949
31969.0,6912.7905
31970.0,8131.1924
31971.0,8556.575
31972.0,4823.9653
31973.0,5860.8857
31974.0,4323.444
31975.0,6281.004
31976.0,3422.459
31977.0,4692.8394
31978.0,4459.993
31979.0,4751.6123
31980.0,6605.6226
31981.0,4111.82
31982.0,3246.516
31983.0,5221.313
31984.0,3167.067
31985.0,3456.7937
31986.0,4400.5093
31987.0,4319.9727
31988.0,6927.7476
31989.0,7258.5894
31990.0,7087.737
31991.0,5032.013
31992.0,5074.6523
31993.0,8544.684
31994.0,6499.3394
31995.0,3829.2659
31996.0,4125.0986
31997.0,8104.109
31998.0,3903.3997
31999.0,5392.547
32000.0,2677.9453
32001.0,3989.1536
32002.0,5841.33
32003.0,4828.661
32004.0,4654.54
32005.0,8791.72
32006.0,7385.249
32007.0,10085.75
32008.0,5213.405
32009.0,9790.893
32010.0,2710.174
32011.0,4184.695
32012.0,4523.5205
32013.0,3133.2468
32014.0,7020.1733
32015.0,4310.6616
32016.0,4720.662
32017.0,7030.8145
32018.0,8900.619
32019.0,6994.6216
32020.0,4389.8687
32021.0,3910.4434
32022.0,13310.856
32023.0,5939.805
32024.0,5091.5156
32025.0,4417.2896
32026.0,5282.3228
32027.0,6947.314
32028.0,3749.072
32029.0,5099.91
32030.0,6010.8887
32031.0,6234.745
32032.0,15354.629
32033.0,4509.067
32034.0,10261.295
32035.0,5720.7827
32036.0,4556.0415
32037.0,2820.6953
32038.0,4874.015
32039.0,4829.527
32040.0,4359.7393
32041.0,6062.786
32042.0,4187.845
32043.0,3663.9734
32044.0,5431.1177
32045.0,3238.1802
32046.0,7170.0723
32047.0,5094.4062
32048.0,6802.6943
32049.0,6296.1733
32050.0,3837.9658
32051.0,7688.279
32052.0,6266.827
32053.0,4253.4126
32054.0,5281.7534
32055.0,4387.4365
32056.0,8249.454
32057.0,5443.518
32058.0,3885.8826
32059.0,5534.676
32060.0,6558.418
32061.0,5500.756
32062.0,5049.5005
32063.0,7056.4717
32064.0,4863.255
32065.0,5131.32
32066.0,4849.312
32067.0,6962.731
32068.0,4970.0005
32069.0,5089.53
32070.0,3726.303
32071.0,4381.427
32072.0,3960.3604
32073.0,3988.9976
32074.0,6382.177
32075.0,8325.82
32076.0,8166.455
32077.0,9067.89
32078.0,6714.4956
32079.0,7099.2656
32080.0,4492.2295
32081.0,8726.989
32082.0,9417.128
32083.0,5757.575
32084.0,6883.774
32085.0,6893.7876
32086.0,4814.3027
32087.0,3680.3708
32088.0,10486.02
32089.0,4894.9023
32090.0,5645.9087
32091.0,5582.362
32092.0,1982.5459
32093.0,8763.13
32094.0,2988.3733
32095.0,3680.1392
32096.0,4023.019
32097.0,4812.7964
32098.0,5931.6865
32099.0,6556.4106
32100.0,5415.3555
32101.0,4381.251
32102.0,3441.9568
32103.0,3271.6152
32104.0,2029.6007
32105.0,5738.621
32106.0,15105.695
32107.0,4629.275
32108.0,4665.6396
32109.0,5246.98
32110.0,4246.3057
32111.0,4300.558
32112.0,3932.0789
32113.0,3306.7388
32114.0,5602.4824
32115.0,5580.36
32116.0,3277.5254
32117.0,6891.27
32118.0,4204.4165
32119.0,4131.155
32120.0,7621.8364
32121.0,6416.67
32122.0,8349.718
32123.0,4538.085
32124.0,5610.0815
32125.0,3491.3162
32126.0,4555.3594
32127.0,13084.543
32128.0,7881.8706
32129.0,5341.9404
32130.0,4278.6587
32131.0,3548.6912
32132.0,4673.9873
32133.0,3874.061
32134.0,8171.465
32135.0,3063.654
32136.0,4964.5703
32137.0,5528.044
32138.0,3846.2966
32139.0,5299.8354
32140.0,5509.141
32141.0,6321.7603
32142.0,5653.475
32143.0,3235.1543
32144.0,5321.663
32145.0,5024.0327
32146.0,7691.388
32147.0,7143.2524
32148.0,5762.064
32149.0,3565.787
32150.0,6934.504
32151.0,4504.566
32152.0,3981.2349
32153.0,5967.023
32154.0,5969.2886
32155.0,4790.8525
32156.0,4592.5713
32157.0,5397.214
32158.0,5845.789
32159.0,4534.9995
32160.0,4518.9917
32161.0,5795.859
32162.0,3678.686
32163.0,7313.476
32164.0,4864.09
32165.0,3866.1975
32166.0,9594.928
32167.0,5023.606
32168.0,3038.1753
32169.0,6780.831
32170.0,7525.3364
32171.0,7676.5767
32172.0,4902.4766
32173.0,4728.2734
32174.0,5629.0728
32175.0,5899.26
32176.0,4748.5947
32177.0,6942.3926
32178.0,2780.6736
32179.0,5104.524
32180.0,4835.0674
32181.0,4382.8853
32182.0,3972.267
32183.0,5608.032
32184.0,5639.5093
32185.0,4795.479
32186.0,6381.075
32187.0,4993.4985
32188.0,6534.584
32189.0,4017.945
32190.0,5357.3403
32191.0,4944.6265
32192.0,6149.197
32193.0,7035.282
32194.0,2805.935
32195.0,7122.4346
32196.0,6121.277
32197.0,5280.2017
32198.0,4192.338
32199.0,3376.0144
32200.0,5578.0767
32201.0,4389.6343
32202.0,6167.5117
32203.0,5445.616
32204.0,4437.1426
32205.0,5893.703
32206.0,5070.5156
32207.0,4109.781
32208.0,6885.777
32209.0,4149.868
32210.0,6542.748
32211.0,7986.323
32212.0,6827.5127
32213.0,3954.0337
32214.0,4121.087
32215.0,3225.1887
32216.0,2598.9114
32217.0,6394.1255
32218.0,4608.475
32219.0,7382.1787
32220.0,3458.7695
32221.0,5460.565
32222.0,5090.685
32223.0,8664.636
32224.0,4600.727
32225.0,4215.227
32226.0,4090.526
32227.0,6868.2305
32228.0,5068.654
32229.0,6052.9
32230.0,6454.0024
32231.0,8514.461
32232.0,5872.6763
32233.0,6085.1724
32234.0,4897.307
32235.0,3624.9006
32236.0,4316.599
32237.0,8871.438
32238.0,7549.168
32239.0,9472.339
32240.0,13589.303
32241.0,4945.155
32242.0,4101.5522
32243.0,5111.6177
32244.0,6913.674
32245.0,6638.562
32246.0,5167.234
32247.0,6493.4404
32248.0,6126.1895
32249.0,6382.999
32250.0,4858.0527
32251.0,3984.795
32252.0,3818.2466
32253.0,3947.2917
32254.0,3099.4805
32255.0,3924.8687
32256.0,6780.5723
32257.0,14324.16
32258.0,5138.863
32259.0,4439.386
32260.0,5678.6924
32261.0,3057.327
32262.0,5207.0835
32263.0,3766.1772
32264.0,8137.4067
32265.0,5072.2085
32266.0,5253.45
32267.0,10378.789
32268.0,9941.176
32269.0,5762.3223
32270.0,5934.635
32271.0,3023.1467
32272.0,4729.8433
32273.0,4839.46
32274.0,7041.1025
32275.0,3608.8157
32276.0,3698.8384
32277.0,5634.0254
32278.0,5308.6387
32279.0,5335.076
32280.0,5143.2373
32281.0,3787.0762
32282.0,5836.173
32283.0,6112.391
32284.0,5496.9897
32285.0,3256.7773
32286.0,2969.0684
32287.0,6314.9863
32288.0,3705.2126
32289.0,8170.335
32290.0,3578.4053
32291.0,4683.828
32292.0,5281.7534
32293.0,4766.716
32294.0,4114.5938
32295.0,5842.823
32296.0,5243.983
32297.0,7522.423
32298.0,7407.5137
32299.0,4889.8525
32300.0,3445.117
32301.0,4977.3823
32302.0,6633.3467
32303.0,4007.0518
32304.0,4778.283
32305.0,5298.617
32306.0,10893.952
32307.0,4535.8433
32308.0,5215.335
32309.0,6203.454
32310.0,4434.726
32311.0,7588.1577
32312.0,4634.3735
32313.0,11211.123
32314.0,5035.5903
32315.0,3957.5696
32316.0,472.4007
32317.0,3267.6787
32318.0,6562.4355
32319.0,14222.688
32320.0,3351.1438
32321.0,3688.2998
32322.0,8707.716
32323.0,5882.7173
32324.0,5832.722
32325.0,6387.9507
32326.0,4786.8965
32327.0,5089.952
32328.0,3932.9229
32329.0,7899.7603
32330.0,4433.7407
32331.0,4693.2603
32332.0,6938.8643
32333.0,3593.2852
32334.0,7111.58
32335.0,4929.7637
32336.0,3328.5195
32337.0,7540.878
32338.0,8048.477
32339.0,3660.5288
32340.0,5427.3735
32341.0,5418.5747
32342.0,4174.7905
32343.0,7391.5493
32344.0,4886.6865
32345.0,6650.2993
32346.0,3492.6384
32347.0,3888.597
32348.0,6110.8755
32349.0,3291.6162
32350.0,6482.79
32351.0,3620.6948
32352.0,5223.0713
32353.0,4203.1895
32354.0,4812.824
32355.0,5632.037
32356.0,5812.152
32357.0,5368.7686
32358.0,6246.9004
32359.0,4692.365
32360.0,6891.4604
32361.0,5658.7295
32362.0,6550.266
32363.0,7585.1694
32364.0,6751.808
32365.0,3395.9731
32366.0,5560.5093
32367.0,6503.9287
32368.0,4043.969
32369.0,9563.681
32370.0,4535.5186
32371.0,5778.73
32372.0,8725.217
32373.0,5543.6475
32374.0,3030.7065
32375.0,8966.389
32376.0,8801.275
32377.0,4957.898
32378.0,6585.3223
32379.0,9016.781
32380.0,5014.333
32381.0,4968.1235
32382.0,4630.154
32383.0,4724.5767
32384.0,5127.366
32385.0,5464.15
32386.0,4080.2378
32387.0,5903.971
32388.0,5444.4424
32389.0,5203.191
32390.0,5664.832
32391.0,4946.4663
32392.0,5936.4976
32393.0,3956.2183
32394.0,6105.51
32395.0,5779.992
32396.0,5146.412
32397.0,5681.006
32398.0,5464.129
32399.0,7740.2393
32400.0,4329.862
32401.0,4317.2373
32402.0,4848.276
32403.0,5801.5615
32404.0,6376.111
32405.0,4354.141
32406.0,3633.4207
32407.0,6537.739
32408.0,6064.6255
32409.0,4684.887
32410.0,6242.2725
32411.0,5320.4756
32412.0,5173.897
32413.0,2439.0159
32414.0,3227.1707
32415.0,5356.395
32416.0,5413.3726
32417.0,5211.615
32418.0,7755.337
32419.0,7388.053
32420.0,4118.395
32421.0,7768.6333
32422.0,3151.3318
32423.0,3058.1233
32424.0,5819.1465
32425.0,11045.024
32426.0,6527.8687
32427.0,5693.222
32428.0,3175.9075
32429.0,5676.7373
32430.0,7117.3955
32431.0,4727.128
32432.0,6513.775
32433.0,4309.7075
32434.0,4270.614
32435.0,4868.6807
32436.0,4050.0493
32437.0,4686.4917
32438.0,3622.8162
32439.0,3839.3354
32440.0,3328.6147
32441.0,6495.8066
32442.0,4884.2637
32443.0,3776.967
32444.0,5281.748
32445.0,5461.3257
32446.0,4397.4546
32447.0,4621.201
32448.0,6373.411
32449.0,6671.061
32450.0,4989.547
32451.0,3249.7974
32452.0,10867.645
32453.0,4919.547
32454.0,3968.7144
32455.0,6625.8467
32456.0,6843.7017
32457.0,5696.927
32458.0,5273.266
32459.0,6236.184
32460.0,7021.573
32461.0,10038.476
32462.0,3891.1277
32463.0,3683.0823
32464.0,4176.368
32465.0,5685.44
32466.0,4759.033
32467.0,10808.692
32468.0,6544.009
32469.0,5293.0503
32470.0,3326.504
32471.0,5433.5996
32472.0,8848.014
32473.0,3744.4329
32474.0,5368.1235
32475.0,3480.3591
32476.0,5873.926
32477.0,6076.9243
32478.0,5970.7573
32479.0,7363.543
32480.0,5594.8887
32481.0,2995.0862
32482.0,5538.2246
32483.0,6288.1973
32484.0,6271.4497
32485.0,5823.6055
32486.0,5694.2646
32487.0,4458.9087
32488.0,3339.432
32489.0,8006.183
32490.0,3856.5469
32491.0,8889.784
32492.0,3238.6465
32493.0,3523.0798
32494.0,5544.393
32495.0,5344.2285
32496.0,6066.3555
32497.0,6382.4204
32498.0,3216.0605
32499.0,3479.4363
32500.0,5490.6597
32501.0,7076.618
32502.0,8782.132
32503.0,4399.4473
32504.0,5092.6084
32505.0,5092.871
32506.0,5605.8716
32507.0,4489.5693
32508.0,8013.464
32509.0,6975.0347
32510.0,10063.409
32511.0,3951.2322
32512.0,4741.828
32513.0,7618.7036
32514.0,7814.3296
32515.0,4216.0273
32516.0,8247.173
32517.0,5845.811
32518.0,4196.691
32519.0,4016.1516
32520.0,3873.7544
32521.0,4678.5996
32522.0,4716.1387
32523.0,4453.68
32524.0,3987.43
32525.0,6514.881
32526.0,5695.7314
32527.0,18646.414
32528.0,5051.442
32529.0,4364.595
32530.0,5810.616
32531.0,9439.087
32532.0,5048.417
32533.0,6162.578
32534.0,5450.1475
32535.0,7853.7817
32536.0,6347.1606
32537.0,4055.9607
32538.0,5603.3696
32539.0,5735.097
32540.0,7183.9
32541.0,5905.357
32542.0,9288.815
32543.0,4218.1914
32544.0,4373.6475
32545.0,5087.632
32546.0,8264.52
32547.0,10799.274
32548.0,8476.686
32549.0,6652.6274
32550.0,3752.3708
32551.0,5230.225
32552.0,3965.8496
32553.0,7738.896
32554.0,8900.84
32555.0,10069.602
32556.0,4425.8853
32557.0,4042.5652
32558.0,4426.4214
32559.0,6059.3755
32560.0,9289.036
32561.0,6099.264
32562.0,4545.7666
32563.0,3834.6614
32564.0,7336.5737
32565.0,3654.1511
32566.0,6141.471
32567.0,3546.975
32568.0,5926.749
32569.0,6927.681
32570.0,5222.1646
32571.0,6776.958
32572.0,6023.6187
32573.0,4473.2266
32574.0,6109.8965
32575.0,5652.5044
32576.0,8968.8955
32577.0,5305.495
32578.0,6850.4087
32579.0,8168.27
32580.0,8439.608
32581.0,5869.4844
32582.0,4240.8857
32583.0,3755.035
32584.0,4763.452
32585.0,5502.713
32586.0,6364.1226
32587.0,7573.14
32588.0,4405.73
32589.0,4756.3784
32590.0,6168.2593
32591.0,6461.5664
32592.0,6955.907
32593.0,3488.7593
32594.0,11081.914
32595.0,4172.207
32596.0,6147.707
32597.0,7340.2065
32598.0,5089.02
32599.0,5174.5137
32600.0,5032.004
32601.0,6392.595
32602.0,4465.966
32603.0,4951.277
32604.0,7699.036
32605.0,7081.783
32606.0,5341.6904
32607.0,4901.593
32608.0,6751.583
32609.0,11094.658
32610.0,5962.739
32611.0,6160.633
32612.0,5762.0195
32613.0,5802.1426
32614.0,6268.537
32615.0,6762.32
32616.0,3879.057
32617.0,6619.606
32618.0,5479.646
32619.0,6383.3276
32620.0,9302.38
32621.0,4362.2017
32622.0,4592.8735
32623.0,3266.4915
32624.0,7213.844
32625.0,8725.491
32626.0,4630.5557
32627.0,4251.076
32628.0,5908.157
32629.0,5072.731
32630.0,4914.9033
32631.0,7633.3164
32632.0,6459.4897
32633.0,6843.2446
32634.0,4741.154
32635.0,4311.4185
32636.0,5325.797
32637.0,7858.188
32638.0,7224.8203
32639.0,6932.044
32640.0,7071.996
32641.0,5581.105
32642.0,7412.5815
32643.0,4857.4136
32644.0,6039.031
32645.0,8314.25
32646.0,5894.102
32647.0,8503.861
32648.0,7709.111
32649.0,6577.2056
32650.0,5155.0938
32651.0,6493.713
32652.0,6244.416
32653.0,4250.642
32654.0,3844.9062
32655.0,5368.7427
32656.0,6818.5645
32657.0,6946.877
32658.0,4062.0164
32659.0,7350.5264
32660.0,7459.1426
32661.0,5734.643
32662.0,4962.899
32663.0,4817.9043
32664.0,6327.3647
32665.0,6469.1455
32666.0,5581.1104
32667.0,4712.9814
32668.0,4967.886
32669.0,5939.0234
32670.0,3251.1277
32671.0,6418.133
32672.0,3981.74
32673.0,7248.0874
32674.0,6800.489
32675.0,6103.2505
32676.0,10380.561
32677.0,4496.4863
32678.0,4542.8794
32679.0,9419.805
32680.0,5589.0693
32681.0,6772.3506
32682.0,7704.421
32683.0,4779.9155
32684.0,5633.2944
32685.0,6090.021
32686.0,6721.5566
32687.0,10040.859
32688.0,6402.548
32689.0,2573.1443
32690.0,4214.3223
32691.0,7513.0225
32692.0,8354.832
32693.0,5211.411
32694.0,6812.3955
32695.0,4223.736
32696.0,5294.404
32697.0,2997.819
32698.0,4170.166
32699.0,5963.484
32700.0,5938.553
32701.0,6276.183
32702.0,5533.81
32703.0,7337.574
32704.0,6784.3506
32705.0,6726.078
32706.0,4058.0466
32707.0,8630.226
32708.0,8835.9795
32709.0,5071.923
32710.0,7478.4976
32711.0,4070.418
32712.0,5582.2017
32713.0,3201.435
32714.0,6332.877
32715.0,3966.2847
32716.0,8959.089
32717.0,6172.7144
32718.0,5460.8306
32719.0,7254.644
32720.0,5041.007
32721.0,7328.433
32722.0,17714.684
32723.0,8946.237
32724.0,4781.201
32725.0,1737.8453
32726.0,4998.8027
32727.0,7196.6836
32728.0,4127.4404
32729.0,10506.312
32730.0,17805.896
32731.0,3686.1438
32732.0,4428.8545
32733.0,8477.744
32734.0,3979.792
32735.0,7516.513
32736.0,5287.1265
32737.0,6413.403
32738.0,3382.61
32739.0,6444.4985
32740.0,6074.3745
32741.0,6010.2065
32742.0,6986.5137
32743.0,5883.7725
32744.0,5160.2
32745.0,6210.262
32746.0,4185.8003
32747.0,4601.2754
32748.0,7854.4263
32749.0,5152.719
32750.0,5350.3184
32751.0,6298.6724
32752.0,5726.0234
32753.0,5258.5034
32754.0,6995.696
32755.0,6381.2637
32756.0,7695.5713
32757.0,8800.957
32758.0,6265.536
32759.0,5275.3286
32760.0,3014.044
32761.0,6266.403
32762.0,6657.8584
32763.0,5376.1274
32764.0,4442.3813
32765.0,7253.233
32766.0,5767.0894
32767.0,8901.909
32768.0,6720.108
32769.0,4913.9844
32770.0,4585.8345
32771.0,5436.8296
32772.0,7964.902
32773.0,4714.272
32774.0,7513.61
32775.0,13389.084
32776.0,6874.2407
32777.0,5580.11
32778.0,4373.8765
32779.0,4226.9844
32780.0,6230.8154
32781.0,3632.7205
32782.0,4951.2104
32783.0,8030.9556
32784.0,3696.6196
32785.0,10663.689
32786.0,11546.774
32787.0,4523.706
32788.0,5996.9497
32789.0,5652.585
32790.0,5972.6543
32791.0,4725.5996
32792.0,10976.513
32793.0,6375.977
32794.0,7071.0044
32795.0,4563.588
32796.0,6479.0996
32797.0,4558.337
32798.0,8819.679
32799.0,5543.108
32800.0,5986.0513
32801.0,6404.331
32802.0,5200.179
32803.0,8064.922
32804.0,8729.595
32805.0,5114.5347
32806.0,8734.467
32807.0,6270.1934
32808.0,9196.51
32809.0,4944.405
32810.0,4675.905
32811.0,4145.714
32812.0,7691.4473
32813.0,6166.853
32814.0,6647.1284
32815.0,3758.2637
32816.0,7861.509
32817.0,4269.359
32818.0,7495.558
32819.0,6012.781
32820.0,3525.2078
32821.0,12199.034
32822.0,16807.355
32823.0,5738.8896
32824.0,6260.8823
32825.0,7648.5703
32826.0,8909.996
32827.0,9674.913
32828.0,5172.969
32829.0,6643.5347
32830.0,4739.897
32831.0,6785.781
32832.0,3991.3154
32833.0,5051.129
32834.0,4706.9883
32835.0,5298.9053
32836.0,7289.8945
32837.0,4396.3223
32838.0,3569.5579
32839.0,5978.7246
32840.0,3796.7375
32841.0,3825.312
32842.0,4691.64
32843.0,4946.9004
32844.0,7815.559
32845.0,8649.245
32846.0,7815.2017
32847.0,5666.3833
32848.0,5636.2935
32849.0,9411.175
32850.0,6990.6333
32851.0,4190.8027
32852.0,4468.131
32853.0,8815.121
32854.0,4363.521
32855.0,6043.3813
32856.0,3045.8337
32857.0,4454.738
32858.0,6738.0664
32859.0,5630.7964
32860.0,5072.8857
32861.0,9127.345
32862.0,8536.294
32863.0,11208.953
32864.0,5681.412
32865.0,10731.089
32866.0,2991.0115
32867.0,4777.5225
32868.0,4957.34
32869.0,3438.9634
32870.0,7755.5957
32871.0,4690.056
32872.0,5370.7505
32873.0,8136.53
32874.0,9576.46
32875.0,8197.937
32876.0,4843.099
32877.0,4311.5376
32878.0,14272.449
32879.0,6681.5874
32880.0,5573.0884
32881.0,4724.4146
32882.0,6125.798
32883.0,7545.475
32884.0,4238.164
32885.0,5702.0044
32886.0,6494.0845
32887.0,6708.382
32888.0,12227.351
32889.0,5245.3584
32890.0,11168.295
32891.0,7058.498
32892.0,5629.427
32893.0,3148.243
32894.0,5248.707
32895.0,5404.2974
32896.0,5177.1206
32897.0,6678.72
32898.0,4653.954
32899.0,3943.9607
32900.0,5748.905
32901.0,3586.9014
32902.0,7596.8623
32903.0,5788.2183
32904.0,7646.637
32905.0,7046.6724
32906.0,4369.6606
32907.0,8625.716
32908.0,6435.45
32909.0,4768.3804
32910.0,5216.678
32911.0,4708.021
32912.0,9168.291
32913.0,6219.421
32914.0,4314.78
32915.0,6258.87
32916.0,7696.9805
32917.0,6077.4404
32918.0,5520.609
32919.0,7864.749
32920.0,5601.013
32921.0,5291.2534
32922.0,5303.365
32923.0,7778.0493
32924.0,5575.5234
32925.0,5687.2246
32926.0,4226.6455
32927.0,4863.872
32928.0,4329.0522
32929.0,4364.262
32930.0,6820.965
32931.0,8979.038
32932.0,8940.838
32933.0,9397.406
32934.0,7376.639
32935.0,7721.945
32936.0,5073.065
32937.0,10840.491
32938.0,10642.434
32939.0,6781.7173
32940.0,7738.896
32941.0,7569.096
32942.0,4986.473
32943.0,4220.8154
32944.0,11054.5205
32945.0,5142.874
32946.0,6333.53
32947.0,5679.0337
32948.0,2259.62
32949.0,9845.73
32950.0,3571.9219
32951.0,4571.1777
32952.0,4502.092
32953.0,5372.9233
32954.0,6328.137
32955.0,7169.8945
32956.0,6385.4893
32957.0,4913.5347
32958.0,4022.7502
32959.0,3594.5674
32960.0,2346.7805
32961.0,6194.9453
32962.0,16353.184
32963.0,4594.784
32964.0,5184.756
32965.0,5735.398
32966.0,4693.7217
32967.0,4941.5054
32968.0,4452.792
32969.0,3514.6943
32970.0,6394.8574
32971.0,6094.8154
32972.0,3371.8977
32973.0,7683.5063
32974.0,4410.856
32975.0,4522.7134
32976.0,8422.729
32977.0,6936.369
32978.0,9299.932
32979.0,4912.5737
32980.0,6155.464
32981.0,3831.6958
32982.0,4982.7217
32983.0,13871.536
32984.0,8859.862
32985.0,5795.0244
32986.0,4836.451
32987.0,3953.8074
32988.0,5214.6133
32989.0,4293.2866
32990.0,8934.734
32991.0,3361.1746
32992.0,5328.561
32993.0,6147.6895
32994.0,4396.6074
32995.0,5841.909
32996.0,5863.922
32997.0,6982.4834
32998.0,5924.822
32999.0,3598.475
33000.0,5926.5005
33001.0,5758.3223
33002.0,8749.367
33003.0,8023.957
33004.0,6383.6074
33005.0,3947.0093
33006.0,8121.7905
33007.0,5002.3086
33008.0,4426.4683
33009.0,6620.8057
33010.0,6783.2764
33011.0,5319.08
33012.0,5258.6943
33013.0,6010.2236
33014.0,6334.913
33015.0,5216.469
33016.0,5199.1523
33017.0,6243.1475
33018.0,4001.4558
33019.0,8302.744
33020.0,4872.853
33021.0,3954.4297
33022.0,10851.87
33023.0,5509.294
33024.0,2993.4436
33025.0,7366.367
33026.0,8272.374
33027.0,8315.289
33028.0,5256.743
33029.0,5108.932
33030.0,5627.9614
33031.0,6954.919
33032.0,5132.9595
33033.0,7921.0444
33034.0,2734.6895
33035.0,5702.608
33036.0,5343.0767
33037.0,4696.413
33038.0,4117.0713
33039.0,6109.8438
33040.0,6284.6714
33041.0,5297.4395
33042.0,6772.4995
33043.0,5595.983
33044.0,7514.642
33045.0,4166.6826
33046.0,6090.945
33047.0,5407.7266
33048.0,7151.843
33049.0,7990.4146
33050.0,2918.9812
33051.0,7331.4185
33052.0,7150.151
33053.0,6101.027
33054.0,4737.316
33055.0,3717.8738
33056.0,6220.7676
33057.0,4415.579
33058.0,7195.3247
33059.0,5610.7666
33060.0,5045.5625
33061.0,6563.2617
33062.0,5718.0825
33063.0,4551.9365
33064.0,7179.0503
33065.0,4574.916
33066.0,7276.675
33067.0,9590.683
33068.0,7232.3975
33069.0,4231.4985
33070.0,4567.39
33071.0,3749.4333
33072.0,2718.6746
33073.0,7233.4253
33074.0,5484.87
33075.0,8154.811
33076.0,3850.243
33077.0,5702.1133
33078.0,5586.868
33079.0,8806.633
33080.0,5049.8955
33081.0,4902.7197
33082.0,4380.95
33083.0,7527.0522
33084.0,5863.592
33085.0,6603.3296
33086.0,7143.4023
33087.0,9420.218
33088.0,6101.772
33089.0,6898.3594
33090.0,5280.7456
33091.0,4038.1292
33092.0,4613.555
33093.0,9748.365
33094.0,7418.091
33095.0,10553.092
33096.0,15042.338
33097.0,5149.501
33098.0,4616.8438
33099.0,5615.74
33100.0,7549.8306
33101.0,7232.363
33102.0,5571.265
33103.0,7130.7817
33104.0,7176.504
33105.0,6324.432
33106.0,5494.5415
33107.0,4531.9727
33108.0,4246.9824
33109.0,4462.3936
33110.0,3469.5427
33111.0,4453.7266
33112.0,7618.653
33113.0,16017.987
33114.0,5833.512
33115.0,5016.8257
33116.0,6241.7305
33117.0,3439.4229
33118.0,5859.712
33119.0,3893.7788
33120.0,9362.774
33121.0,5708.148
33122.0,5821.151
33123.0,11515.409
33124.0,10440.523
33125.0,6362.0713
33126.0,6231.9863
33127.0,3319.6501
33128.0,5398.954
33129.0,5300.5635
33130.0,7866.467
33131.0,3968.7183
33132.0,4299.3564
33133.0,5360.3306
33134.0,5594.6167
33135.0,5304.9385
33136.0,6019.598
33137.0,4130.3433
33138.0,6417.0435
33139.0,6512.178
33140.0,6188.018
33141.0,3664.5222
33142.0,3297.8362
33143.0,6893.821
33144.0,3796.6868
33145.0,9074.274
33146.0,3991.1707
33147.0,5480.7646
33148.0,5837.988
33149.0,5036.9644
33150.0,4364.5117
33151.0,6463.354
33152.0,5845.739
33153.0,8393.1455
33154.0,7820.2944
33155.0,5323.4453
33156.0,3698.7043
33157.0,5403.4985
33158.0,6705.388
33159.0,4504.321
33160.0,5468.7695
33161.0,5647.918
33162.0,11568.148
33163.0,5371.719
33164.0,5505.4746
33165.0,6437.6606
33166.0,4251.3804
33167.0,8231.848
33168.0,5097.2886
33169.0,11854.561
33170.0,5708.137
33171.0,4730.5786
33172.0,441.38
33173.0,3301.3364
33174.0,7354.124
33175.0,16388.236
33176.0,3814.89
33177.0,3782.0686
33178.0,9082.821
33179.0,6437.5684
33180.0,6535.669
33181.0,7109.9863
33182.0,5369.9824
33183.0,5225.498
33184.0,4224.618
33185.0,8363.586
33186.0,5182.9214
33187.0,5379.5537
33188.0,7768.174
33189.0,3802.0654
33190.0,7691.2563
33191.0,5315.8394
33192.0,3497.0493
33193.0,7476.5864
33194.0,8146.205
33195.0,3782.6533
33196.0,6169.4946
33197.0,6253.2314
33198.0,4610.603
33199.0,8364.232
33200.0,5350.9155
33201.0,7836.8784
33202.0,4189.2637
33203.0,4190.8906
33204.0,6626.4346
33205.0,3524.1084
33206.0,7246.8433
33207.0,4030.7285
33208.0,5790.654
33209.0,4825.1294
33210.0,5345.503
33211.0,6197.977
33212.0,6084.685
33213.0,5648.2734
33214.0,6467.239
33215.0,5088.6997
33216.0,7915.833
33217.0,6022.8486
33218.0,6514.384
33219.0,8645.277
33220.0,7017.1675
33221.0,3540.677
33222.0,5542.304
33223.0,7126.831
33224.0,4328.061
33225.0,12263.17
33226.0,5051.3457
33227.0,6317.408
33228.0,9532.754
33229.0,5477.54
33230.0,3313.743
33231.0,10090.58
33232.0,9592.64
33233.0,5401.0093
33234.0,7144.2134
33235.0,9380.454
33236.0,5538.061
33237.0,5276.7476
33238.0,4897.9985
33239.0,5302.141
33240.0,5220.765
33241.0,6147.156
33242.0,4205.4033
33243.0,6214.9316
33244.0,5962.3975
33245.0,6239.8555
33246.0,6530.858
33247.0,5483.578
33248.0,6786.6284
33249.0,4250.691
33250.0,6203.6255
33251.0,6389.1934
33252.0,5654.462
33253.0,6241.004
33254.0,5378.594
33255.0,9019.104
33256.0,4849.007
33257.0,4546.6816
33258.0,5148.0225
33259.0,6194.26
33260.0,7257.9385
33261.0,4621.5317
33262.0,3544.638
33263.0,7055.1997
33264.0,6433.118
33265.0,4928.0996
33266.0,6646.171
33267.0,5801.0967
33268.0,5240.6025
33269.0,2835.7375
33270.0,3590.8284
33271.0,5648.974
33272.0,5842.294
33273.0,5831.415
33274.0,8553.784
33275.0,7879.5703
33276.0,4821.95
33277.0,8392.249
33278.0,3407.347
33279.0,3191.3752
33280.0,6336.551
33281.0,11755.414
33282.0,6899.412
33283.0,6182.508
33284.0,3430.2678
33285.0,6252.307
33286.0,7576.832
33287.0,5049.6064
33288.0,7026.8657
33289.0,4467.7046
33290.0,4371.8037
33291.0,5502.4507
33292.0,4597.358
33293.0,5444.6294
33294.0,3975.1177
33295.0,4386.1978
33296.0,3637.6343
33297.0,6890.882
33298.0,5178.8296
33299.0,4016.1785
33300.0,5690.714
33301.0,5968.7817
33302.0,4706.342
33303.0,5175.7725
33304.0,7310.5815
33305.0,7093.6006
33306.0,5820.2734
33307.0,3591.551
33308.0,11033.812
33309.0,5381.001
33310.0,4547.783
33311.0,7844.3643
33312.0,7731.9756
33313.0,6474.0586
33314.0,5716.043
33315.0,6929.4985
33316.0,7996.4834
33317.0,10953.808
33318.0,3906.0703
33319.0,3969.9336
33320.0,4403.4736
33321.0,6192.2275
33322.0,5301.711
33323.0,11838.675
33324.0,6645.322
33325.0,5670.7085
33326.0,3829.0176
33327.0,6061.728
33328.0,9726.253
33329.0,4274.465
33330.0,6104.147
33331.0,3822.6492
33332.0,6521.2407
33333.0,6942.538
33334.0,6976.5186
33335.0,8380.778
33336.0,5957.321
33337.0,3219.477
33338.0,6158.036
33339.0,7065.402
33340.0,7163.537
33341.0,6544.7144
33342.0,6235.0005
33343.0,5162.5537
33344.0,3846.436
33345.0,8682.695
33346.0,4210.425
33347.0,10196.847
33348.0,3768.614
33349.0,3784.5012
33350.0,5869.0923
33351.0,5755.7246
33352.0,6861.0347
33353.0,6730.333
33354.0,3716.0583
33355.0,3964.0833
33356.0,6044.43
33357.0,7102.808
33358.0,9250.718
33359.0,4672.445
33360.0,5627.8486
33361.0,5684.9355
33362.0,6102.6045
33363.0,4757.608
33364.0,8822.127
33365.0,7812.9805
33366.0,10591.035
33367.0,4151.012
33368.0,5073.0796
33369.0,7849.903
33370.0,8462.532
33371.0,4360.4834
33372.0,9307.82
33373.0,5996.4062
33374.0,4624.689
33375.0,4660.76
33376.0,4018.5737
33377.0,4892.0967
33378.0,4896.999
33379.0,4950.096
33380.0,4436.262
33381.0,7028.89
33382.0,5827.968
33383.0,20979.771
33384.0,5344.6006
33385.0,4039.0344
33386.0,4394.3013
33387.0,4715.653
33388.0,2394.4807
33389.0,3092.8613
33390.0,3527.1353
33391.0,4245.751
33392.0,2704.9407
33393.0,3086.8508
33394.0,2526.0017
33395.0,2967.1628
33396.0,2520.2424
33397.0,2005.9923
33398.0,3677.3247
33399.0,3013.8513
33400.0,2267.3362
33401.0,3744.9258
33402.0,4056.0227
33403.0,5923.2847
33404.0,5692.272
33405.0,3338.059
33406.0,2644.959
33407.0,3044.7327
33408.0,1979.8105
33409.0,4146.1055
33410.0,5156.525
33411.0,4762.194
33412.0,4504.231
33413.0,2424.4658
33414.0,3439.5803
33415.0,3082.5574
33416.0,5242.2524
33417.0,2975.6414
33418.0,3908.948
33419.0,3285.7087
33420.0,4604.6255
33421.0,2423.0898
33422.0,5404.189
33423.0,3582.726
33424.0,3934.9192
33425.0,2919.3975
33426.0,2376.951
33427.0,4587.094
33428.0,3879.501
33429.0,3228.079
33430.0,2416.4377
33431.0,3794.967
33432.0,9170.416
33433.0,4093.637
33434.0,3477.1304
33435.0,4979.999
33436.0,3312.1785
33437.0,2616.4143
33438.0,5462.7324
33439.0,1981.9576
33440.0,1778.4003
33441.0,3064.8438
33442.0,1754.5972
33443.0,6506.3545
33444.0,2915.9404
33445.0,2560.253
33446.0,5256.8887
33447.0,4942.335
33448.0,6482.11
33449.0,1985.6278
33450.0,6081.8013
33451.0,3016.5034
33452.0,2922.0361
33453.0,5491.45
33454.0,2751.9014
33455.0,3892.7278
33456.0,3979.1655
33457.0,5391.3687
33458.0,4392.5034
33459.0,3240.2473
33460.0,10708.218
33461.0,3225.6409
33462.0,3756.7368
33463.0,1605.3657
33464.0,5253.996
33465.0,5973.8623
33466.0,2629.7778
33467.0,2649.2356
33468.0,3280.0183
33469.0,4197.196
33470.0,4625.704
33471.0,5026.257
33472.0,1832.4954
33473.0,3788.2756
33474.0,2790.8525
33475.0,2992.844
33476.0,4284.5195
33477.0,2365.665
33478.0,3536.181
33479.0,3160.3184
33480.0,3797.136
33481.0,4491.8823
33482.0,2730.1343
33483.0,2967.7036
33484.0,3418.0022
33485.0,4045.821
33486.0,3346.0806
33487.0,3826.0857
33488.0,3336.6614
33489.0,4328.239
33490.0,2096.1218
33491.0,2573.8428
33492.0,4438.154
33493.0,6508.1357
33494.0,4474.7715
33495.0,4340.6714
33496.0,3876.6304
33497.0,2927.3752
33498.0,5431.9414
33499.0,2221.213
33500.0,4941.3403
33501.0,7886.2847
33502.0,4673.1045
33503.0,3874.0242
33504.0,6114.6714
33505.0,5322.582
33506.0,4318.877
33507.0,3485.619
33508.0,4166.1025
33509.0,2637.328
33510.0,2493.694
33511.0,4031.3284
33512.0,3981.8882
33513.0,3434.921
33514.0,2284.509
33515.0,3575.0955
33516.0,4148.6533
33517.0,7449.48
33518.0,3639.7898
33519.0,1946.1925
33520.0,3013.5754
33521.0,5470.987
33522.0,3044.2476
33523.0,3110.8022
33524.0,2052.4976
33525.0,2742.1104
33526.0,2734.4705
33527.0,4216.972
33528.0,3219.8857
33529.0,4739.5034
33530.0,4138.503
33531.0,4366.623
33532.0,7689.518
33533.0,2760.5576
33534.0,4903.9917
33535.0,6661.104
33536.0,4379.847
33537.0,4981.4385
33538.0,5286.249
33539.0,5337.56
33540.0,3232.1929
33541.0,3586.3027
33542.0,2853.6257
33543.0,5368.8657
33544.0,3042.8945
33545.0,2583.2734
33546.0,2706.891
33547.0,3969.5776
33548.0,6627.522
33549.0,4198.401
33550.0,4456.408
33551.0,2661.1821
33552.0,1488.4303
33553.0,1706.2715
33554.0,2588.9297
33555.0,4472.1216
33556.0,3715.236
33557.0,3550.7837
33558.0,2732.1953
33559.0,3952.597
33560.0,4889.839
33561.0,3509.0593
33562.0,2754.5134
33563.0,4875.373
33564.0,6373.35
33565.0,3247.8882
33566.0,3996.8628
33567.0,2644.2246
33568.0,3333.976
33569.0,2516.0647
33570.0,3605.8494
33571.0,3759.1816
33572.0,4605.4736
33573.0,4182.38
33574.0,6231.5522
33575.0,4216.6865
33576.0,4027.5999
33577.0,5792.0015
33578.0,11249.93
33579.0,7232.7563
33580.0,2508.2034
33581.0,2856.081
33582.0,3303.8633
33583.0,4163.6313
33584.0,3921.523
33585.0,16781.28
33586.0,26798.6
33587.0,2664.3652
33588.0,1526.3038
33589.0,8681.254
33590.0,2473.9863
33591.0,4482.6367
33592.0,4266.2163
33593.0,2801.066
33594.0,6514.9556
33595.0,3802.0146
33596.0,2881.4224
33597.0,3199.7283
33598.0,4843.7734
33599.0,4840.208
33600.0,2926.4607
33601.0,3288.1921
33602.0,3206.0193
33603.0,3806.3584
33604.0,8008.322
33605.0,2919.9854
33606.0,4099.921
33607.0,3304.1816
33608.0,2893.0032
33609.0,3878.6575
33610.0,2632.6306
33611.0,3816.5205
33612.0,9367.017
33613.0,4824.996
33614.0,5816.522
33615.0,2256.1604
33616.0,2631.876
33617.0,4615.897
33618.0,3669.7415
33619.0,3851.3228
33620.0,1888.5466
33621.0,3743.0151
33622.0,3819.343
33623.0,2437.291
33624.0,2372.7786
33625.0,3590.6365
33626.0,2601.7568
33627.0,1463.7393
33628.0,6297.681
33629.0,4211.3486
33630.0,3878.776
33631.0,9318.373
33632.0,4980.726
33633.0,2860.2214
33634.0,3564.0151
33635.0,1984.4214
33636.0,2750.1362
33637.0,2405.6184
33638.0,1816.0725
33639.0,4672.948
33640.0,1975.1698
33641.0,7148.91
33642.0,6669.8267
33643.0,3035.1335
33644.0,3467.3423
33645.0,2438.951
33646.0,2831.612
33647.0,3630.9329
33648.0,10882.248
33649.0,5171.2275
33650.0,4101.259
33651.0,2789.1943
33652.0,3100.0984
33653.0,3290.1594
33654.0,12032.155
33655.0,4906.1304
33656.0,5117.238
33657.0,3621.4824
33658.0,7517.66
33659.0,4136.3677
33660.0,3184.0679
33661.0,4035.0103
33662.0,6816.2886
33663.0,3653.4888
33664.0,6430.2104
33665.0,3275.2063
33666.0,4638.2876
33667.0,1734.0546
33668.0,4561.5254
33669.0,3400.372
33670.0,5555.3193
33671.0,2354.4841
33672.0,4654.6953
33673.0,3122.1414
33674.0,5397.4146
33675.0,2397.5735
33676.0,2321.2002
33677.0,6603.991
33678.0,12310.419
33679.0,4817.077
33680.0,3743.7148
33681.0,4463.368
33682.0,4811.103
33683.0,2940.3677
33684.0,1873.6516
33685.0,3203.8516
33686.0,2589.3655
33687.0,6160.58
33688.0,2189.2407
33689.0,3337.7693
33690.0,3463.3423
33691.0,3858.6223
33692.0,3503.2932
33693.0,1727.7938
33694.0,2291.6233
33695.0,4322.747
33696.0,2733.9187
33697.0,3655.2214
33698.0,3310.9023
33699.0,3848.4656
33700.0,4869.893
33701.0,5259.1606
33702.0,2240.8728
33703.0,4405.1333
33704.0,3104.6978
33705.0,3213.1934
33706.0,3010.4404
33707.0,2046.6652
33708.0,3595.7505
33709.0,7845.202
33710.0,2303.5022
33711.0,3339.075
33712.0,1448.908
33713.0,2878.1462
33714.0,5167.347
33715.0,3479.3035
33716.0,4253.607
33717.0,3946.5237
33718.0,4392.914
33719.0,4904.0527
33720.0,1541.9253
33721.0,10872.61
33722.0,1593.9293
33723.0,2987.447
33724.0,5052.8877
33725.0,3784.696
33726.0,8077.108
33727.0,2040.9534
33728.0,2389.8716
33729.0,2020.6265
33730.0,5165.982
33731.0,5935.433
33732.0,3892.8057
33733.0,1696.8452
33734.0,7241.053
33735.0,3636.0662
33736.0,3632.308
33737.0,5432.7446
33738.0,6559.9634
33739.0,4489.6074
33740.0,3461.136
33741.0,2857.3293
33742.0,3616.594
33743.0,2136.9353
33744.0,7753.68
33745.0,2812.4944
33746.0,9078.542
33747.0,5549.4985
33748.0,1907.7439
33749.0,1610.8425
33750.0,4754.913
33751.0,4544.782
33752.0,3373.1687
33753.0,4776.438
33754.0,3350.2935
33755.0,2050.376
33756.0,4514.0894
33757.0,1642.6365
33758.0,5826.3726
33759.0,3529.508
33760.0,4998.5264
33761.0,3782.5667
33762.0,3493.0784
33763.0,3878.7092
33764.0,4633.9272
33765.0,3247.9502
33766.0,4286.633
33767.0,1836.3777
33768.0,6769.419
33769.0,3614.8418
33770.0,2746.919
33771.0,2992.5186
33772.0,3812.9797
33773.0,2937.5654
33774.0,3057.7588
33775.0,2943.3608
33776.0,4089.972
33777.0,6810.8687
33778.0,3583.3892
33779.0,5264.7925
33780.0,3234.4229
33781.0,3224.2842
33782.0,2933.5647
33783.0,4061.563
33784.0,2072.2402
33785.0,4920.875
33786.0,3227.2446
33787.0,2006.3713
33788.0,5199.182
33789.0,8444.81
33790.0,2838.1177
33791.0,6405.0337
33792.0,2055.5962
33793.0,3922.0244
33794.0,3868.961
33795.0,5793.046
33796.0,3965.1082
33797.0,3424.657
33798.0,3501.282
33799.0,2118.2122
33800.0,7687.0103
33801.0,3778.4158
33802.0,2637.46
33803.0,3723.4958
33804.0,1035.8519
33805.0,4558.741
33806.0,2679.379
33807.0,1588.6638
33808.0,1870.0393
33809.0,4427.7812
33810.0,1972.5972
33811.0,3737.5276
33812.0,6971.948
33813.0,2229.218
33814.0,2800.8
33815.0,2735.0222
33816.0,2208.3271
33817.0,6619.606
33818.0,19104.541
33819.0,3267.791
33820.0,3431.9502
33821.0,4118.501
33822.0,2959.2659
33823.0,2550.624
33824.0,3256.128
33825.0,2280.1528
33826.0,6299.7656
33827.0,3006.4224
33828.0,2252.3213
33829.0,5830.308
33830.0,2145.7727
33831.0,2433.0696
33832.0,5875.7524
33833.0,7170.3867
33834.0,7120.1523
33835.0,2136.122
33836.0,4766.2656
33837.0,3814.3076
33838.0,2427.5686
33839.0,13340.597
33840.0,7347.5054
33841.0,3038.1753
33842.0,2463.646
33843.0,3482.116
33844.0,2968.4001
33845.0,2102.7722
33846.0,3767.8374
33847.0,4110.0474
33848.0,4082.6477
33849.0,3610.5786
33850.0,4194.8022
33851.0,3796.1582
33852.0,5111.5254
33853.0,5586.351
33854.0,5824.3667
33855.0,2471.9253
33856.0,4712.0513
33857.0,2669.5518
33858.0,7733.2363
33859.0,2816.1377
33860.0,3483.6443
33861.0,2683.2046
33862.0,5554.5034
33863.0,4182.5195
33864.0,2751.1504
33865.0,4050.7024
33866.0,1861.8616
33867.0,3709.0286
33868.0,3379.0012
33869.0,2243.579
33870.0,2936.834
33871.0,3421.0815
33872.0,6609.5303
33873.0,6626.4917
33874.0,3769.894
33875.0,4528.4463
33876.0,5344.239
33877.0,2587.753
33878.0,6161.473
33879.0,2925.4893
33880.0,2683.6782
33881.0,4996.3955
33882.0,8214.82
33883.0,8681.18
33884.0,3224.272
33885.0,2541.9392
33886.0,4737.1714
33887.0,6110.951
33888.0,1813.3661
33889.0,6548.648
33890.0,2766.2112
33891.0,3432.4543
33892.0,2516.9963
33893.0,3238.9124
33894.0,2070.513
33895.0,2857.8555
33896.0,6090.48
33897.0,2360.601
33898.0,4675.387
33899.0,5725.035
33900.0,3311.812
33901.0,4857.6406
33902.0,4609.0464
33903.0,3038.2073
33904.0,7490.841
33905.0,4417.2056
33906.0,1792.5085
33907.0,12245.872
33908.0,6408.627
33909.0,5624.4624
33910.0,4720.878
33911.0,1974.272
33912.0,6615.787
33913.0,2236.269
33914.0,4760.645
33915.0,5085.051
33916.0,3934.4387
33917.0,4727.7505
33918.0,3443.6677
33919.0,3657.4187
33920.0,5294.732
33921.0,2269.2256
33922.0,3643.0864
33923.0,9009.509
33924.0,6374.919
33925.0,2161.8901
33926.0,4565.8916
33927.0,3430.6113
33928.0,2054.9746
33929.0,4359.4062
33930.0,4250.658
33931.0,2067.7964
33932.0,3970.9675
33933.0,5589.9062
33934.0,4461.7847
33935.0,7244.832
33936.0,4137.3345
33937.0,4640.1016
33938.0,3039.8743
33939.0,4757.018
33940.0,3862.4338
33941.0,5214.4443
33942.0,5408.015
33943.0,8089.8677
33944.0,5695.281
33945.0,3240.232
33946.0,2238.1016
33947.0,2331.0295
33948.0,7079.764
33949.0,3398.1733
33950.0,7481.9937
33951.0,5290.9507
33952.0,14926.707
33953.0,2886.811
33954.0,3171.941
33955.0,3843.4102
33956.0,2816.3716
33957.0,4125.984
33958.0,5523.0635
33959.0,5315.124
33960.0,4021.097
33961.0,5239.198
33962.0,4209.71
33963.0,5015.376
33964.0,1851.9464
33965.0,4587.821
33966.0,2901.9011
33967.0,2657.369
33968.0,3573.9873
33969.0,15108.678
33970.0,2991.708
33971.0,1952.102
33972.0,4052.743
33973.0,3215.4563
33974.0,2679.3572
33975.0,1807.4667
33976.0,2570.7139
33977.0,3529.1748
33978.0,3289.1553
33979.0,4329.234
33980.0,10568.2705
33981.0,3531.994
33982.0,4750.289
33983.0,2767.275
33984.0,3794.9019
33985.0,2217.833
33986.0,3881.4407
33987.0,3195.0767
33988.0,3505.7002
33989.0,4300.804
33990.0,4044.891
33991.0,2690.3752
33992.0,5225.1343
33993.0,1437.3209
33994.0,3019.155
33995.0,5735.524
33996.0,4830.2686
33997.0,3393.3726
33998.0,3303.485
33999.0,1985.1022
34000.0,3663.4177
34001.0,5341.604
34002.0,3118.9768
34003.0,3571.554
34004.0,4011.7637
34005.0,3795.5027
34006.0,4551.142
34007.0,3655.1865
34008.0,5320.547
34009.0,7684.5835
34010.0,6131.269
34011.0,2335.6443
34012.0,3090.2422
34013.0,3931.655
34014.0,5238.1836
34015.0,2296.4934
34016.0,4093.5044
34017.0,2048.837
34018.0,6710.571
34019.0,3388.3362
34020.0,2102.724
34021.0,7382.5234
34022.0,4194.622
34023.0,2762.5784
34024.0,4913.497
34025.0,7485.256
34026.0,6093.089
34027.0,2765.1914
34028.0,2626.8916
34029.0,1541.9532
34030.0,3673.1597
34031.0,7643.99
34032.0,1819.7769
34033.0,3883.3887
34034.0,3672.6938
34035.0,6213.4854
34036.0,2747.3618
34037.0,4711.6064
34038.0,5256.879
34039.0,3958.064
34040.0,2401.8206
34041.0,10221.325
34042.0,3505.2788
34043.0,5860.6006
34044.0,6591.531
34045.0,2799.288
34046.0,8581.118
34047.0,3112.0608
34048.0,2609.6423
34049.0,3566.2632
34050.0,2709.781
34051.0,2466.4094
34052.0,4751.4355
34053.0,6355.6846
34054.0,1918.8455
34055.0,5127.5376
34056.0,4499.443
34057.0,3470.5422
34058.0,3627.1282
34059.0,2724.653
34060.0,4202.52
34061.0,3274.547
34062.0,3391.0815
34063.0,2340.791
34064.0,5268.7007
34065.0,2510.4348
34066.0,3006.6375
34067.0,4270.805
34068.0,2433.622
34069.0,7770.1523
34070.0,6595.3984
34071.0,4028.7834
34072.0,5896.8013
34073.0,5190.2334
34074.0,5927.6597
34075.0,4851.3335
34076.0,6693.5537
34077.0,3414.818
34078.0,3467.7393
34079.0,2839.205
34080.0,3251.0503
34081.0,4785.632
34082.0,3220.6753
34083.0,4549.523
34084.0,7784.818
34085.0,5566.968
34086.0,1755.0033
34087.0,5837.793
34088.0,7371.99
34089.0,2756.4246
34090.0,6571.643
34091.0,4582.9526
34092.0,5353.892
34093.0,5159.861
34094.0,4045.7942
34095.0,2990.167
34096.0,4588.5693
34097.0,5827.9507
34098.0,2588.6912
34099.0,6869.685
34100.0,3803.9917
34101.0,4641.3677
34102.0,5690.3228
34103.0,2428.9158
34104.0,5937.6245
34105.0,2533.863
34106.0,6506.665
34107.0,3436.8743
34108.0,1761.8567
34109.0,4687.3325
34110.0,5870.94
34111.0,5589.304
34112.0,6440.0557
34113.0,3632.5022
34114.0,3944.3333
34115.0,5994.096
34116.0,6168.6885
34117.0,1855.6097
34118.0,2230.6243
34119.0,7909.607
34120.0,9857.965
34121.0,3352.199
34122.0,4933.0894
34123.0,3635.7644
34124.0,4963.065
34125.0,3483.8271
34126.0,1668.1029
34127.0,6400.5815
34128.0,3843.5862
34129.0,4749.981
34130.0,9489.193
34131.0,6928.3027
34132.0,2808.2607
34133.0,5056.128
34134.0,2446.6978
34135.0,960.2973
34136.0,4480.6875
34137.0,7082.9316
34138.0,4021.139
34139.0,4150.779
34140.0,2402.6858
34141.0,4503.324
34142.0,6069.927
34143.0,5681.884
34144.0,4665.2124
34145.0,2809.231
34146.0,4153.3335
34147.0,2855.2378
34148.0,5877.288
34149.0,3157.1665
34150.0,2155.3306
34151.0,2082.7083
34152.0,2717.3896
34153.0,4620.1475
34154.0,3500.4805
34155.0,4071.8042
34156.0,5041.5356
34157.0,3885.8752
34158.0,3895.8223
34159.0,2645.8296
34160.0,4637.084
34161.0,4143.5474
34162.0,3832.7705
34163.0,1986.4957
34164.0,5555.2715
34165.0,3040.6543
34166.0,3174.8079
34167.0,4068.3567
34168.0,9037.299
34169.0,4918.744
34170.0,3542.8057
34171.0,4820.5337
34172.0,5793.488
34173.0,10750.214
34174.0,2955.9055
34175.0,3581.0688
34176.0,4014.7651
34177.0,5494.185
34178.0,6096.914
34179.0,8983.218
34180.0,5735.3105
34181.0,5854.1753
34182.0,2686.323
34183.0,5830.9478
34184.0,4344.097
34185.0,3463.3489
34186.0,4171.8687
34187.0,2988.0713
34188.0,5101.3843
34189.0,4700.864
34190.0,4258.2964
34191.0,5679.1963
34192.0,4197.584
34193.0,3634.6548
34194.0,3002.427
34195.0,4945.386
34196.0,7376.5337
34197.0,4478.235
34198.0,5001.4116
34199.0,4540.4707
34200.0,2213.434
34201.0,6261.157
34202.0,2707.7666
34203.0,9710.208
34204.0,2673.32
34205.0,3717.1892
34206.0,3915.3555
34207.0,3825.166
34208.0,2763.8477
34209.0,4205.042
34210.0,2632.0706
34211.0,2523.3726
34212.0,3737.1248
34213.0,8894.203
34214.0,8562.698
34215.0,4419.6626
34216.0,5387.051
34217.0,3823.6265
34218.0,2653.3562
34219.0,2691.6924
34220.0,8627.658
34221.0,4055.1948
34222.0,10319.299
34223.0,4475.7964
34224.0,3782.7146
34225.0,11396.457
34226.0,4965.944
34227.0,3121.6797
34228.0,3945.018
34229.0,5054.3145
34230.0,3742.0618
34231.0,4737.0767
34232.0,3677.1108
34233.0,2118.6416
34234.0,5194.8843
34235.0,3067.2773
34236.0,2813.5476
34237.0,3922.5256
34238.0,3711.1272
34239.0,8398.815
34240.0,5488.8423
34241.0,4252.374
34242.0,3713.73
34243.0,6479.1616
34244.0,3108.0405
34245.0,5662.801
34246.0,4067.6077
34247.0,6153.8906
34248.0,5532.3745
34249.0,4323.0024
34250.0,3313.6987
34251.0,5096.822
34252.0,4842.3647
34253.0,3953.0344
34254.0,5281.0527
34255.0,4589.252
34256.0,3133.6892
34257.0,4701.8545
34258.0,6711.4927
34259.0,7435.7725
34260.0,7010.618
34261.0,6581.793
34262.0,4203.871
34263.0,5252.739
34264.0,2180.3804
34265.0,7187.594
34266.0,7374.3813
34267.0,7879.052
34268.0,5440.5024
34269.0,2694.061
34270.0,4667.8164
34271.0,5421.2007
34272.0,7579.9116
34273.0,4278.034
34274.0,4737.7905
34275.0,4026.847
34276.0,5736.405
34277.0,2541.7842
34278.0,6934.828
34279.0,3880.5264
34280.0,6534.5967
34281.0,5844.3447
34282.0,3359.844
34283.0,7332.1733
34284.0,5407.226
34285.0,4329.911
34286.0,3461.6016
34287.0,6634.4917
34288.0,10022.643
34289.0,5910.0454
34290.0,5026.257
34291.0,8832.407
34292.0,6838.4883
34293.0,4993.0366
34294.0,5033.151
34295.0,2285.177
34296.0,2556.9172
34297.0,4395.2363
34298.0,2478.4644
34299.0,8029.2246
34300.0,4256.0464
34301.0,3542.8564
34302.0,7525.5376
34303.0,7506.6616
34304.0,5253.876
34305.0,2734.6921
34306.0,10574.673
34307.0,3230.8918
34308.0,4005.7256
34309.0,6195.4653
34310.0,3841.9036
34311.0,5486.885
34312.0,2769.5503
34313.0,5254.092
34314.0,4674.509
34315.0,5063.1064
34316.0,7721.2744
34317.0,6592.826
34318.0,6253.291
34319.0,2996.6638
34320.0,6073.772
34321.0,10901.113
34322.0,4840.8867
34323.0,3294.349
34324.0,6396.987
34325.0,4891.6206
34326.0,6227.369
34327.0,8441.339
34328.0,2094.2957
34329.0,7039.1147
34330.0,4956.082
34331.0,4731.5806
34332.0,7027.0
34333.0,2429.9426
34334.0,4656.596
34335.0,3917.971
34336.0,7016.4717
34337.0,6362.496
34338.0,3719.8958
34339.0,4087.6084
34340.0,5935.6597
34341.0,5825.283
34342.0,4916.2397
34343.0,6331.313
34344.0,3723.9326
34345.0,5439.309
34346.0,3812.4487
34347.0,2884.8303
34348.0,5384.6157
34349.0,6275.5425
34350.0,6353.927
34351.0,6438.2134
34352.0,7643.1226
34353.0,3486.6797
34354.0,6842.22
34355.0,3030.9177
34356.0,3514.5134
34357.0,7764.4404
34358.0,6822.995
34359.0,6802.9736
34360.0,9162.1455
34361.0,6793.39
34362.0,5111.6714
34363.0,6152.0537
34364.0,7283.188
34365.0,3016.1438
34366.0,2701.9592
34367.0,5529.204
34368.0,4490.2886
34369.0,5904.9346
34370.0,3072.3643
34371.0,5103.063
34372.0,7196.1416
34373.0,5740.231
34374.0,5132.377
34375.0,2729.8386
34376.0,5306.826
34377.0,6635.739
34378.0,3485.1367
34379.0,5240.9375
34380.0,2810.1274
34381.0,5187.0312
34382.0,3936.8792
34383.0,3790.752
34384.0,4337.2734
34385.0,6902.374
34386.0,5992.6553
34387.0,6357.4126
34388.0,13208.95
34389.0,3755.293
34390.0,4356.4136
34391.0,9490.841
34392.0,5001.6978
34393.0,7837.162
34394.0,6203.513
34395.0,5027.5273
34396.0,5837.754
34397.0,5339.3423
34398.0,4458.9214
34399.0,7452.287
34400.0,5247.165
34401.0,2904.2622
34402.0,3167.9583
34403.0,7738.446
34404.0,9740.605
34405.0,5493.6978
34406.0,6020.689
34407.0,3715.9272
34408.0,2263.1238
34409.0,1810.173
34410.0,2994.4119
34411.0,5496.1353
34412.0,6505.07
34413.0,4556.0938
34414.0,3745.5974
34415.0,8099.6655
34416.0,5650.941
34417.0,6411.586
34418.0,4919.5938
34419.0,7140.167
34420.0,9404.857
34421.0,3756.1455
34422.0,5504.293
34423.0,4698.107
34424.0,5923.409
34425.0,2992.4414
34426.0,4987.039
34427.0,4415.567
34428.0,8121.7207
34429.0,5056.0215
34430.0,7018.781
34431.0,6128.8604
34432.0,4722.7876
34433.0,7944.4014
34434.0,16192.677
34435.0,8766.147
34436.0,3515.7607
34437.0,2928.1418
34438.0,5959.742
34439.0,7694.0005
34440.0,3312.6777
34441.0,9197.211
34442.0,15110.119
34443.0,4513.581
34444.0,2530.3542
34445.0,10365.345
34446.0,2963.741
34447.0,5788.605
34448.0,3008.0117
34449.0,5420.8184
34450.0,3330.7302
34451.0,6128.5444
34452.0,5631.715
34453.0,5742.5635
34454.0,8845.837
34455.0,5840.21
34456.0,5664.5513
34457.0,6865.1
34458.0,5298.2783
34459.0,5180.238
34460.0,10759.867
34461.0,4757.985
34462.0,5073.1567
34463.0,3710.4546
34464.0,3231.9185
34465.0,5006.8438
34466.0,3474.123
34467.0,4591.2617
34468.0,8145.9097
34469.0,7212.372
34470.0,6631.7397
34471.0,4017.6692
34472.0,3490.5234
34473.0,4624.914
34474.0,4894.879
34475.0,6180.161
34476.0,2567.1282
34477.0,4945.4756
34478.0,5309.206
34479.0,7338.9043
34480.0,5114.232
34481.0,4368.4355
34482.0,3066.2183
34483.0,2969.679
34484.0,7865.9043
34485.0,5322.0186
34486.0,5443.5024
34487.0,11122.321
34488.0,7381.397
34489.0,4113.0513
34490.0,4832.347
34491.0,2328.1646
34492.0,3768.2507
34493.0,3732.8313
34494.0,3016.682
34495.0,8751.437
34496.0,3231.4775
34497.0,7895.5117
34498.0,9175.255
34499.0,5058.2505
34500.0,5325.1924
34501.0,4350.467
34502.0,4798.9614
34503.0,4403.1465
34504.0,11513.85
34505.0,6013.4863
34506.0,5673.8086
34507.0,3333.1714
34508.0,5120.485
34509.0,5020.4253
34510.0,8390.128
34511.0,6191.991
34512.0,5859.3096
34513.0,6279.752
34514.0,4327.8877
34515.0,9996.017
34516.0,7531.562
34517.0,6086.4146
34518.0,8090.848
34519.0,6232.741
34520.0,7678.2534
34521.0,3238.8906
34522.0,5435.139
34523.0,4219.3745
34524.0,8017.8906
34525.0,7054.7354
34526.0,6612.3804
34527.0,3753.7134
34528.0,7319.4565
34529.0,4801.594
34530.0,6144.5825
34531.0,5700.998
34532.0,2847.1838
34533.0,11759.787
34534.0,14726.38
34535.0,6212.6084
34536.0,6234.9116
34537.0,6192.6294
34538.0,7142.1016
34539.0,7469.615
34540.0,2733.3188
34541.0,3971.8616
34542.0,5017.9644
34543.0,7867.3296
34544.0,2390.453
34545.0,4054.3362
34546.0,4833.827
34547.0,4666.8994
34548.0,4585.165
34549.0,2689.7466
34550.0,2766.2402
34551.0,6321.405
34552.0,3076.1182
34553.0,4438.023
34554.0,4762.2075
34555.0,4711.305
34556.0,8490.368
34557.0,10210.081
34558.0,5780.0806
34559.0,6875.4863
34560.0,5984.322
34561.0,8371.176
34562.0,5219.9033
34563.0,2415.638
34564.0,4416.367
34565.0,11956.482
34566.0,3823.5645
34567.0,6223.83
34568.0,2068.9775
34569.0,3555.3696
34570.0,6108.6143
34571.0,5738.9824
34572.0,5392.3613
34573.0,9808.446
34574.0,7926.524
34575.0,6334.466
34576.0,3685.2295
34577.0,12874.497
34578.0,1939.5059
34579.0,3550.9429
34580.0,6255.713
34581.0,4503.9473
34582.0,9956.7
34583.0,2352.5183
34584.0,4722.202
34585.0,4874.048
34586.0,6971.1836
34587.0,8940.838
34588.0,4528.3037
34589.0,3002.8882
34590.0,9829.901
34591.0,9181.181
34592.0,4530.732
34593.0,4843.3022
34594.0,7896.7017
34595.0,5352.105
34596.0,4816.002
34597.0,3453.1748
34598.0,7088.501
34599.0,3692.5032
34600.0,14905.227
34601.0,6920.166
34602.0,11331.61
34603.0,6661.93
34604.0,4872.1978
34605.0,1986.0096
34606.0,5663.1465
34607.0,5499.785
34608.0,4822.714
34609.0,8278.396
34610.0,5080.125
34611.0,2473.1755
34612.0,6488.574
34613.0,3097.5679
34614.0,8649.138
34615.0,6377.2417
34616.0,6325.693
34617.0,7051.8496
34618.0,4317.719
34619.0,6565.8164
34620.0,7043.1245
34621.0,4474.9424
34622.0,6403.317
34623.0,3662.9004
34624.0,8216.764
34625.0,5283.396
34626.0,3324.778
34627.0,4539.834
34628.0,7474.9604
34629.0,5310.077
34630.0,3632.1663
34631.0,4981.315
34632.0,4628.4844
34633.0,4523.3564
34634.0,4836.5986
34635.0,9450.41
34636.0,4327.248
34637.0,3598.8872
34638.0,5308.831
34639.0,5399.2944
34640.0,2811.2898
34641.0,5383.281
34642.0,7177.77
34643.0,7112.421
34644.0,10119.638
34645.0,8710.3
34646.0,6948.5864
34647.0,5684.9683
34648.0,3834.4673
34649.0,8885.817
34650.0,7213.232
34651.0,7014.5244
34652.0,4794.441
34653.0,4761.499
34654.0,4176.348
34655.0,2472.0552
34656.0,11647.772
34657.0,5699.6772
34658.0,5234.957
34659.0,4683.4575
34660.0,1149.4373
34661.0,7419.1597
34662.0,4989.566
34663.0,3010.5352
34664.0,3486.7827
34665.0,5543.436
34666.0,4627.3193
34667.0,4440.1104
34668.0,8569.038
34669.0,3840.471
34670.0,3731.7063
34671.0,3372.0295
34672.0,2515.5894
34673.0,4907.9277
34674.0,12776.407
34675.0,4738.383
34676.0,5282.413
34677.0,4871.454
34678.0,3589.3967
34679.0,3079.4243
34680.0,5011.459
34681.0,2564.7952
34682.0,7860.7065
34683.0,5867.3687
34684.0,2612.351
34685.0,8126.269
34686.0,2520.0454
34687.0,3495.5818
34688.0,8308.463
34689.0,7659.192
34690.0,7865.5815
34691.0,2355.6604
34692.0,4700.2
34693.0,3981.4626
34694.0,4084.6187
34695.0,14679.823
34696.0,9653.133
34697.0,4635.1914
34698.0,2786.1067
34699.0,4823.4175
34700.0,3761.5098
34701.0,2154.0662
34702.0,6846.6724
34703.0,4112.0195
34704.0,5379.1743
34705.0,6426.85
34706.0,4848.6646
34707.0,3915.4602
34708.0,5284.58
34709.0,6485.1523
34710.0,5925.6016
34711.0,2551.6145
34712.0,6335.3
34713.0,5681.0654
34714.0,7712.4053
34715.0,5609.8354
34716.0,5729.0503
34717.0,2453.1138
34718.0,8594.297
34719.0,4289.3286
34720.0,2820.2405
34721.0,4428.157
34722.0,4269.5015
34723.0,4098.478
34724.0,5861.2266
34725.0,3519.2974
34726.0,4314.8784
34727.0,4447.694
34728.0,7307.033
34729.0,7210.735
34730.0,3867.85
34731.0,7311.028
34732.0,5764.0205
34733.0,2696.388
34734.0,9983.868
34735.0,3495.0815
34736.0,2909.5369
34737.0,5550.1445
34738.0,9571.036
34739.0,8599.118
34740.0,4022.7542
34741.0,4354.7974
34742.0,6402.682
34743.0,6340.535
34744.0,4379.2246
34745.0,8330.094
34746.0,2671.4485
34747.0,4077.4363
34748.0,3634.2664
34749.0,3114.083
34750.0,2480.3152
34751.0,6262.531
34752.0,6337.2217
34753.0,5348.558
34754.0,4578.618
34755.0,7153.63
34756.0,7285.9253
34757.0,4447.3545
34758.0,4760.8447
34759.0,4666.9526
34760.0,6667.8105
34761.0,4796.239
34762.0,1622.7711
34763.0,5582.628
34764.0,7409.563
34765.0,5827.6006
34766.0,4955.7373
34767.0,2704.5305
34768.0,8162.5225
34769.0,2570.303
34770.0,7803.9165
34771.0,4803.972
34772.0,4090.362
34773.0,7601.9146
34774.0,3529.0334
34775.0,3805.959
34776.0,7915.3877
34777.0,2404.9229
34778.0,5415.562
34779.0,9427.436
34780.0,6295.6147
34781.0,2455.3782
34782.0,4928.922
34783.0,3457.5786
34784.0,2106.5164
34785.0,4501.2197
34786.0,5956.4346
34787.0,4568.6016
34788.0,4107.5625
34789.0,5230.804
34790.0,4628.383
34791.0,9384.714
34792.0,5153.1714
34793.0,4679.76
34794.0,3964.5483
34795.0,5103.01
34796.0,6229.7217
34797.0,5812.1904
34798.0,6893.3604
34799.0,7985.9194
34800.0,7594.305
34801.0,5295.934
34802.0,4670.542
34803.0,2354.2495
34804.0,4925.618
34805.0,8141.3037
34806.0,6170.101
34807.0,7573.747
34808.0,12324.481
34809.0,3004.3638
34810.0,4217.833
34811.0,3877.8508
34812.0,6490.0474
34813.0,8271.609
34814.0,6196.884
34815.0,6703.911
34816.0,6899.1685
34817.0,7309.0825
34818.0,5890.8423
34819.0,5061.04
34820.0,2032.206
34821.0,4881.7764
34822.0,2946.8323
34823.0,2806.5212
34824.0,6754.185
34825.0,16013.542
34826.0,4763.1934
34827.0,3257.613
34828.0,4267.706
34829.0,3921.6914
34830.0,4830.96
34831.0,1837.8099
34832.0,6184.43
34833.0,5793.383
34834.0,3555.1492
34835.0,9232.517
34836.0,10302.443
34837.0,3639.8628
34838.0,4806.9517
34839.0,3137.12
34840.0,3708.4165
34841.0,4095.418
34842.0,8004.0303
34843.0,3279.4426
34844.0,4514.201
34845.0,4915.4844
34846.0,4663.3257
34847.0,3952.7893
34848.0,6779.085
34849.0,3148.477
34850.0,7131.414
34851.0,5844.267
34852.0,4679.6753
34853.0,3566.5422
34854.0,3423.1284
34855.0,4309.9175
34856.0,4336.9424
34857.0,8757.323
34858.0,3958.8193
34859.0,3759.5798
34860.0,5985.977
34861.0,4589.103
34862.0,5376.558
34863.0,5008.4727
34864.0,5394.414
34865.0,8290.826
34866.0,6482.1963
34867.0,5451.302
34868.0,3217.899
34869.0,4109.279
34870.0,6441.7515
34871.0,3282.82
34872.0,3964.8132
34873.0,4573.4893
34874.0,12577.46
34875.0,5369.711
34876.0,4307.587
34877.0,5163.568
34878.0,5327.1685
34879.0,6201.7144
34880.0,4886.71
34881.0,8120.644
34882.0,6299.4414
34883.0,4789.3125
34884.0,3136.33
34885.0,1913.7166
34886.0,3723.9114
34887.0,16530.646
34888.0,1844.9285
34889.0,4187.202
34890.0,6328.5957
34891.0,6407.753
34892.0,5256.964
34893.0,7560.568
34894.0,5257.631
34895.0,6353.048
34896.0,2456.1196
34897.0,7141.9106
34898.0,3511.0886
34899.0,6136.4355
34900.0,7958.523
34901.0,3266.2732
34902.0,7992.5107
34903.0,5365.231
34904.0,2926.4202
34905.0,4926.365
34906.0,6347.221
34907.0,2363.6738
34908.0,7840.018
34909.0,6703.4185
34910.0,4155.4814
34911.0,7344.8564
34912.0,7432.0283
34913.0,6000.4917
34914.0,3823.3638
34915.0,3376.3171
34916.0,5298.698
34917.0,3307.496
34918.0,5468.9624
34919.0,2497.6787
34920.0,5597.339
34921.0,2722.307
34922.0,4893.8516
34923.0,4679.5723
34924.0,4393.5596
34925.0,5651.9434
34926.0,8035.047
34927.0,4132.471
34928.0,7351.003
34929.0,5433.1074
34930.0,6069.689
34931.0,7849.903
34932.0,7050.0674
34933.0,4048.8518
34934.0,4612.9434
34935.0,4824.6924
34936.0,4175.7505
34937.0,9712.116
34938.0,5470.58
34939.0,5407.7417
34940.0,8568.286
34941.0,5875.489
34942.0,1752.2916
34943.0,8803.123
34944.0,7867.202
34945.0,5462.5864
34946.0,6932.6655
34947.0,6323.3345
34948.0,7684.8843
34949.0,5182.3823
34950.0,4337.278
34951.0,3022.8123
34952.0,5673.787
34953.0,6157.4956
34954.0,2802.7231
34955.0,7186.1753
34956.0,5941.8057
34957.0,3400.982
34958.0,7025.894
34959.0,4141.86
34960.0,6371.1377
34961.0,2833.0564
34962.0,4400.543
34963.0,4372.162
34964.0,3264.3918
34965.0,5086.0986
34966.0,6510.973
34967.0,6563.243
34968.0,6121.797
34969.0,3611.774
34970.0,5556.819
34971.0,6461.7695
34972.0,6218.098
34973.0,3219.293
34974.0,2534.9148
34975.0,7780.9727
34976.0,5315.976
34977.0,3624.4062
34978.0,6794.965
34979.0,6406.5186
34980.0,5929.367
34981.0,4367.5396
34982.0,1593.578
34983.0,6110.736
34984.0,5741.649
34985.0,4376.8735
34986.0,9088.358
34987.0,6232.6045
34988.0,3051.4148
34989.0,5936.107
34990.0,2620.0962
34991.0,961.8828
34992.0,5123.284
34993.0,8964.662
34994.0,5186.151
34995.0,3925.348
34996.0,2498.0896
34997.0,4764.1387
34998.0,8061.692
34999.0,5459.3984
35000.0,7191.6816
35001.0,3562.0234
35002.0,4262.7505
35003.0,3015.9941
35004.0,5474.521
35005.0,3248.9326
35006.0,2229.1318
35007.0,3887.4954
35008.0,2862.807
35009.0,7012.6045
35010.0,3445.0444
35011.0,4612.9697
35012.0,4750.7197
35013.0,7076.638
35014.0,4198.7334
35015.0,3170.9304
35016.0,8073.134
35017.0,6625.12
35018.0,6532.702
35019.0,1899.2637
35020.0,5202.9775
35021.0,4532.664
35022.0,3448.1482
35023.0,7020.4683
35024.0,8600.627
35025.0,5924.6694
35026.0,5999.593
35027.0,5237.2144
35028.0,6970.486
35029.0,11325.376
35030.0,2740.2654
35031.0,3501.419
35032.0,4904.8716
35033.0,5271.933
35034.0,5280.5645
35035.0,10828.628
35036.0,6323.497
35037.0,6495.5776
35038.0,2461.2134
35039.0,5547.662
35040.0,6766.372
35041.0,3160.4902
35042.0,5467.5127
35043.0,2908.5059
35044.0,6442.077
35045.0,5073.728
35046.0,4775.7725
35047.0,5804.9326
35048.0,3506.0347
35049.0,4385.9844
35050.0,5876.408
35051.0,4463.845
35052.0,7989.1953
35053.0,4982.109
35054.0,7462.3306
35055.0,4706.1445
35056.0,3215.4563
35057.0,7384.5376
35058.0,2550.7092
35059.0,9510.795
35060.0,5126.6914
35061.0,4460.4443
35062.0,5459.154
35063.0,4008.4128
35064.0,3536.6938
35065.0,5159.5996
35066.0,2523.6855
35067.0,2673.0266
35068.0,5368.7173
35069.0,6091.584
35070.0,9606.41
35071.0,5237.304
35072.0,4742.52
35073.0,3600.776
35074.0,5434.994
35075.0,2859.6772
35076.0,9635.003
35077.0,6413.727
35078.0,11460.374
35079.0,5602.039
35080.0,4398.126
35081.0,6060.0054
35082.0,6464.513
35083.0,2895.9
35084.0,7651.3794
35085.0,6042.6377
35086.0,4843.8105
35087.0,5506.9243
35088.0,4499.177
35089.0,2683.6282
35090.0,5229.2876
35091.0,3285.7964
35092.0,2669.7505
35093.0,6686.101
35094.0,5586.8945
35095.0,19964.861
35096.0,6615.932
35097.0,4146.722
35098.0,7184.7017
35099.0,10709.597
35100.0,5471.963
35101.0,6725.9434
35102.0,5208.787
35103.0,8391.688
35104.0,7761.6045
35105.0,6081.239
35106.0,5512.043
35107.0,7352.0127
35108.0,7683.8506
35109.0,6861.8594
35110.0,7816.439
35111.0,6100.707
35112.0,5022.9736
35113.0,6872.051
35114.0,9802.433
35115.0,9857.881
35116.0,9925.752
35117.0,7534.896
35118.0,4668.1367
35119.0,6733.1
35120.0,4652.8086
35121.0,7827.645
35122.0,10419.931
35123.0,9621.935
35124.0,5987.3477
35125.0,4432.1675
35126.0,5064.454
35127.0,6418.0107
35128.0,9920.3955
35129.0,6989.86
35130.0,5056.909
35131.0,5874.889
35132.0,8065.0757
35133.0,3551.38
35134.0,7543.122
35135.0,4230.0537
35136.0,6779.2466
35137.0,6831.7925
35138.0,5864.778
35139.0,8272.493
35140.0,6568.209
35141.0,4751.8345
35142.0,6442.114
35143.0,7588.599
35144.0,12167.045
35145.0,6321.465
35146.0,7724.7075
35147.0,8017.7607
35148.0,9427.966
35149.0,6597.9595
35150.0,8441.098
35151.0,4682.747
35152.0,4535.1206
35153.0,6195.052
35154.0,2921.3394
35155.0,9076.239
35156.0,5235.0967
35157.0,5401.2363
35158.0,7678.334
35159.0,7100.3965
35160.0,8994.561
35161.0,3832.2368
35162.0,12657.172
35163.0,4991.66
35164.0,6454.0576
35165.0,8198.75
35166.0,5352.059
35167.0,6831.3364
35168.0,6696.242
35169.0,7342.314
35170.0,5541.6016
35171.0,6111.7905
35172.0,8143.1133
35173.0,7817.893
35174.0,8277.434
35175.0,5019.731
35176.0,6712.882
35177.0,12038.388
35178.0,6626.2197
35179.0,5574.476
35180.0,7588.4185
35181.0,5422.2456
35182.0,6310.248
35183.0,7910.15
35184.0,4073.0085
35185.0,8630.144
35186.0,6265.7812
35187.0,7254.976
35188.0,9217.532
35189.0,4885.3584
35190.0,6069.2085
35191.0,5948.2476
35192.0,7980.0337
35193.0,9347.374
35194.0,4797.158
35195.0,4936.7095
35196.0,6951.331
35197.0,6272.676
35198.0,6251.2812
35199.0,8783.925
35200.0,6955.609
35201.0,7317.3833
35202.0,5479.6826
35203.0,4757.5493
35204.0,6794.537
35205.0,8488.384
35206.0,8001.023
35207.0,8433.903
35208.0,8345.45
35209.0,6579.521
35210.0,8613.828
35211.0,5524.2275
35212.0,7413.543
35213.0,8980.459
35214.0,7038.598
35215.0,9674.932
35216.0,8757.215
35217.0,7873.658
35218.0,6500.604
35219.0,7402.697
35220.0,8594.764
35221.0,5971.5435
35222.0,4329.523
35223.0,5659.712
35224.0,7938.3945
35225.0,7584.5903
35226.0,5214.693
35227.0,8433.565
35228.0,7703.5757
35229.0,6518.89
35230.0,5663.714
35231.0,5299.1733
35232.0,6842.3896
35233.0,7213.9404
35234.0,7073.6016
35235.0,5993.8447
35236.0,5264.275
35237.0,6487.8066
35238.0,3832.1855
35239.0,7021.024
35240.0,5354.367
35241.0,9127.998
35242.0,7298.0273
35243.0,6472.5894
35244.0,12265.978
35245.0,5077.451
35246.0,5206.6016
35247.0,10389.089
35248.0,7529.1704
35249.0,9497.37
35250.0,7719.213
35251.0,5981.092
35252.0,6712.523
35253.0,7056.2495
35254.0,7684.3125
35255.0,10854.562
35256.0,7260.639
35257.0,3883.1516
35258.0,5136.7163
35259.0,8946.895
35260.0,9886.07
35261.0,7132.802
35262.0,7610.0396
35263.0,4419.279
35264.0,5287.3384
35265.0,3268.614
35266.0,4610.2334
35267.0,6941.995
35268.0,7160.7295
35269.0,6487.9614
35270.0,6176.077
35271.0,8413.2705
35272.0,8323.923
35273.0,7769.0557
35274.0,5455.635
35275.0,8971.444
35276.0,11411.989
35277.0,6724.853
35278.0,8104.503
35279.0,5180.569
35280.0,6668.4526
35281.0,4408.3027
35282.0,7268.4756
35283.0,5538.7056
35284.0,8678.075
35285.0,6994.4883
35286.0,9304.492
35287.0,7878.4434
35288.0,5876.6714
35289.0,9040.756
35290.0,17744.426
35291.0,11184.338
35292.0,5638.2236
35293.0,3643.1594
35294.0,6087.5815
35295.0,9480.916
35296.0,5199.8965
35297.0,10806.373
35298.0,17688.16
35299.0,3886.561
35300.0,5079.4614
35301.0,9176.908
35302.0,4901.8125
35303.0,8613.951
35304.0,6261.1514
35305.0,7147.512
35306.0,4017.715
35307.0,6790.345
35308.0,7142.96
35309.0,7276.897
35310.0,9481.594
35311.0,6922.701
35312.0,6137.723
35313.0,6821.036
35314.0,5610.1133
35315.0,4960.433
35316.0,8634.326
35317.0,6610.7534
35318.0,6194.7856
35319.0,7080.1353
35320.0,6356.776
35321.0,5848.0366
35322.0,6849.834
35323.0,7346.2437
35324.0,9540.386
35325.0,7236.862
35326.0,7868.193
35327.0,6156.474
35328.0,3978.361
35329.0,7790.404
35330.0,7493.9136
35331.0,6035.9956
35332.0,4347.1274
35333.0,8815.331
35334.0,7413.642
35335.0,10177.899
35336.0,6523.1133
35337.0,6167.9004
35338.0,4869.4707
35339.0,5052.29
35340.0,9788.26
35341.0,5222.902
35342.0,8421.42
35343.0,13598.858
35344.0,7313.392
35345.0,6131.5093
35346.0,5607.4546
35347.0,4697.0894
35348.0,7517.144
35349.0,4209.312
35350.0,4807.1943
35351.0,9548.26
35352.0,4584.811
35353.0,14173.885
35354.0,11106.695
35355.0,5157.9907
35356.0,7347.561
35357.0,6074.16
35358.0,6695.469
35359.0,5473.6646
35360.0,11569.55
35361.0,8388.287
35362.0,8234.259
35363.0,5044.2676
35364.0,7113.7915
35365.0,5545.2285
35366.0,9940.749
35367.0,7212.7227
35368.0,7178.7354
35369.0,6799.1396
35370.0,5617.3906
35371.0,9329.24
35372.0,9521.986
35373.0,5948.2305
35374.0,9355.124
35375.0,7180.1665
35376.0,8506.061
35377.0,5990.078
35378.0,5761.2944
35379.0,5623.078
35380.0,10292.603
35381.0,7132.2847
35382.0,8067.107
35383.0,4537.851
35384.0,8985.943
35385.0,5444.9565
35386.0,8468.806
35387.0,6614.9478
35388.0,3890.211
35389.0,15219.635
35390.0,16228.468
35391.0,8145.009
35392.0,6928.0776
35393.0,9224.295
35394.0,9884.147
35395.0,10171.659
35396.0,5901.269
35397.0,7327.105
35398.0,5929.7803
35399.0,9282.802
35400.0,4402.491
35401.0,5870.3184
35402.0,6156.022
35403.0,5722.715
35404.0,7556.826
35405.0,4954.135
35406.0,4626.216
35407.0,6922.595
35408.0,4399.154
35409.0,4889.0225
35410.0,6065.2446
35411.0,6315.8657
35412.0,9325.219
35413.0,9289.852
35414.0,8087.7153
35415.0,6848.5273
35416.0,7147.4985
35417.0,10153.069
35418.0,7697.1055
35419.0,6011.892
35420.0,5080.0234
35421.0,10216.705
35422.0,4717.781
35423.0,6610.936
35424.0,3681.305
35425.0,4963.2114
35426.0,8451.989
35427.0,6985.081
35428.0,6461.6094
35429.0,9597.143
35430.0,9596.5205
35431.0,10227.322
35432.0,6160.968
35433.0,11859.39
35434.0,3088.4475
35435.0,5932.7954
35436.0,6559.888
35437.0,4741.7734
35438.0,8607.677
35439.0,5139.0493
35440.0,5366.3364
35441.0,8529.954
35442.0,10237.707
35443.0,8735.125
35444.0,5471.305
35445.0,5838.845
35446.0,12148.063
35447.0,8356.489
35448.0,6113.26
35449.0,5946.5967
35450.0,7108.284
35451.0,9210.984
35452.0,5021.0767
35453.0,5711.334
35454.0,8684.725
35455.0,8101.226
35456.0,11792.595
35457.0,6354.0054
35458.0,12820.131
35459.0,7731.378
35460.0,5817.709
35461.0,3623.625
35462.0,6074.247
35463.0,6764.307
35464.0,5965.3213
35465.0,9142.008
35466.0,5530.903
35467.0,4739.3364
35468.0,7686.372
35469.0,3827.6406
35470.0,7972.038
35471.0,7134.673
35472.0,8122.8594
35473.0,8443.231
35474.0,5775.137
35475.0,9284.271
35476.0,6726.335
35477.0,5430.501
35478.0,6256.8706
35479.0,5465.9014
35480.0,9758.552
35481.0,6275.441
35482.0,4964.6606
35483.0,7069.4805
35484.0,9126.483
35485.0,7134.5845
35486.0,6385.6113
35487.0,8648.362
35488.0,5323.7144
35489.0,5501.595
35490.0,6239.0815
35491.0,9747.083
35492.0,5701.194
35493.0,6384.1924
35494.0,6393.8633
35495.0,5839.3135
35496.0,4452.5713
35497.0,5899.6255
35498.0,8371.807
35499.0,9118.0
35500.0,10540.698
35501.0,11239.13
35502.0,8690.268
35503.0,7050.296
35504.0,4765.6885
35505.0,11410.259
35506.0,11128.899
35507.0,9038.376
35508.0,8081.94
35509.0,8873.646
35510.0,5692.201
35511.0,4162.071
35512.0,11567.586
35513.0,6384.7646
35514.0,6544.321
35515.0,6588.658
35516.0,3068.562
35517.0,10439.169
35518.0,3899.079
35519.0,3547.9092
35520.0,4930.6763
35521.0,6409.9595
35522.0,6271.916
35523.0,8523.732
35524.0,6781.963
35525.0,4506.371
35526.0,4632.5615
35527.0,3989.614
35528.0,3345.9434
35529.0,7803.2764
35530.0,16850.79
35531.0,5031.092
35532.0,6251.8477
35533.0,6557.3735
35534.0,5540.8403
35535.0,5376.399
35536.0,5323.9175
35537.0,3852.675
35538.0,7446.0137
35539.0,7618.0425
35540.0,4422.6064
35541.0,9349.335
35542.0,5835.861
35543.0,4817.5137
35544.0,8987.254
35545.0,8502.572
35546.0,9097.82
35547.0,5701.0093
35548.0,6946.7114
35549.0,4752.918
35550.0,5469.0723
35551.0,13089.062
35552.0,10453.038
35553.0,6884.4834
35554.0,5927.2017
35555.0,5148.764
35556.0,6171.3193
35557.0,4756.8096
35558.0,9227.076
35559.0,5183.015
35560.0,5221.3076
35561.0,7354.327
35562.0,5278.454
35563.0,6567.176
35564.0,6983.0493
35565.0,8019.198
35566.0,7963.0483
35567.0,4313.2324
35568.0,6286.542
35569.0,7285.9253
35570.0,9731.347
35571.0,8818.7705
35572.0,7242.414
35573.0,4793.0054
35574.0,8437.958
35575.0,5805.5527
35576.0,4949.978
35577.0,7318.256
35578.0,7396.627
35579.0,6395.266
35580.0,6278.021
35581.0,6237.124
35582.0,6586.346
35583.0,5554.429
35584.0,6717.7754
35585.0,7315.3037
35586.0,6093.141
35587.0,9051.42
35588.0,6440.2153
35589.0,5065.338
35590.0,13096.066
35591.0,6304.6646
35592.0,3165.158
35593.0,8503.188
35594.0,8991.301
35595.0,9383.972
35596.0,4957.146
35597.0,6256.841
35598.0,6548.6855
35599.0,6995.849
35600.0,6082.3174
35601.0,9294.699
35602.0,3529.4207
35603.0,6122.0303
35604.0,6481.875
35605.0,5187.279
35606.0,4750.5884
35607.0,6880.9185
35608.0,8676.66
35609.0,5945.0938
35610.0,7747.8916
35611.0,7292.4956
35612.0,8990.941
35613.0,4927.9067
35614.0,7116.6284
35615.0,6832.594
35616.0,8053.745
35617.0,8262.581
35618.0,4399.7075
35619.0,8055.9653
35620.0,8259.405
35621.0,7384.9746
35622.0,4718.1636
35623.0,4244.338
35624.0,7978.641
35625.0,6160.139
35626.0,8314.504
35627.0,7501.222
35628.0,5334.318
35629.0,8684.104
35630.0,6282.502
35631.0,6896.813
35632.0,8006.6187
35633.0,5949.558
35634.0,7771.739
35635.0,10819.306
35636.0,8249.359
35637.0,4963.1025
35638.0,6269.5117
35639.0,5017.8306
35640.0,3764.597
35641.0,8154.461
35642.0,6491.7437
35643.0,8797.532
35644.0,5493.3574
35645.0,7710.7065
35646.0,6875.6045
35647.0,8860.91
35648.0,6006.103
35649.0,5691.767
35650.0,5911.0996
35651.0,7564.1885
35652.0,6321.477
35653.0,7530.24
35654.0,7846.2046
35655.0,9166.936
35656.0,8096.2437
35657.0,7084.3506
35658.0,6424.2886
35659.0,4667.2285
35660.0,5332.5015
35661.0,10842.425
35662.0,9333.236
35663.0,9168.265
35664.0,14722.447
35665.0,6253.094
35666.0,5416.921
35667.0,5877.008
35668.0,8981.976
35669.0,9345.038
35670.0,6897.925
35671.0,8138.0977
35672.0,8341.073
35673.0,7291.675
35674.0,7170.3047
35675.0,6503.029
35676.0,5012.616
35677.0,5779.689
35678.0,3899.2502
35679.0,5355.511
35680.0,8829.923
35681.0,16353.309
35682.0,6286.854
35683.0,4879.686
35684.0,7648.833
35685.0,4316.6733
35686.0,7057.414
35687.0,4235.9897
35688.0,8890.861
35689.0,6685.897
35690.0,6676.128
35691.0,13166.375
35692.0,11499.1875
35693.0,6619.486
35694.0,7002.7456
35695.0,3605.3782
35696.0,5440.5024
35697.0,5198.106
35698.0,9337.27
35699.0,4860.9873
35700.0,5122.395
35701.0,6196.34
35702.0,5804.6997
35703.0,6905.3506
35704.0,7576.4634
35705.0,3676.809
35706.0,7607.4707
35707.0,7681.843
35708.0,8011.3774
35709.0,5047.969
35710.0,4729.9062
35711.0,7947.971
35712.0,4575.3086
35713.0,9844.473
35714.0,4929.35
35715.0,5618.3228
35716.0,7080.5
35717.0,6298.9307
35718.0,5145.352
35719.0,6969.9004
35720.0,7601.436
35721.0,9296.89
35722.0,9797.189
35723.0,6428.432
35724.0,3763.0925
35725.0,5340.9673
35726.0,7296.0576
35727.0,4931.4756
35728.0,6434.591
35729.0,5982.4897
35730.0,12360.821
35731.0,7587.087
35732.0,6338.2373
35733.0,7419.4355
35734.0,5711.7266
35735.0,9191.318
35736.0,5706.7383
35737.0,12345.47
35738.0,6851.997
35739.0,5903.921
35740.0,4770.409
35741.0,4951.8765
35742.0,7969.6436
35743.0,20403.281
35744.0,4199.7065
35745.0,5198.5176
35746.0,10529.746
35747.0,6559.1816
35748.0,6889.653
35749.0,8348.26
35750.0,6183.292
35751.0,6541.2817
35752.0,4652.0767
35753.0,9654.9
35754.0,6157.6484
35755.0,6925.7656
35756.0,8027.716
35757.0,4543.395
35758.0,8966.688
35759.0,6109.821
35760.0,3867.9202
35761.0,7827.891
35762.0,9671.231
35763.0,4155.83
35764.0,7825.4727
35765.0,7857.6333
35766.0,5356.9673
35767.0,9795.834
35768.0,6586.145
35769.0,7903.7173
35770.0,4557.515
35771.0,4928.358
35772.0,6803.1553
35773.0,4406.3354
35774.0,7740.018
35775.0,4226.6377
35776.0,5983.682
35777.0,4855.987
35778.0,6224.3823
35779.0,6042.903
35780.0,6891.9272
35781.0,7515.101
35782.0,8551.77
35783.0,6081.511
35784.0,8356.346
35785.0,6543.235
35786.0,9954.155
35787.0,9225.122
35788.0,7295.431
35789.0,4688.875
35790.0,6416.829
35791.0,7311.997
35792.0,4709.5215
35793.0,12219.89
35794.0,6148.1763
35795.0,6556.8047
35796.0,11072.216
35797.0,6787.58
35798.0,4266.375
35799.0,11966.407
35800.0,10393.133
35801.0,5396.1587
35802.0,8601.037
35803.0,10544.066
35804.0,7414.1934
35805.0,5951.21
35806.0,7373.2627
35807.0,5877.2827
35808.0,5981.5938
35809.0,7744.833
35810.0,5060.7935
35811.0,6924.4644
35812.0,7360.5938
35813.0,6297.771
35814.0,8781.68
35815.0,5668.9023
35816.0,6897.2407
35817.0,4361.149
35818.0,7976.838
35819.0,7345.4663
35820.0,6468.485
35821.0,6266.714
35822.0,7035.2085
35823.0,9141.468
35824.0,6340.487
35825.0,5030.492
35826.0,6504.102
35827.0,7263.458
35828.0,6617.4976
35829.0,4915.841
35830.0,3987.4377
35831.0,7682.187
35832.0,7334.2017
35833.0,5662.5684
35834.0,7870.715
35835.0,7625.4214
35836.0,6541.2007
35837.0,3595.2566
35838.0,3482.302
35839.0,7178.6465
35840.0,7079.9263
35841.0,6443.2324
35842.0,10311.478
35843.0,8420.303
35844.0,5001.2925
35845.0,8557.889
35846.0,3838.962
35847.0,3010.6357
35848.0,7227.3633
35849.0,12136.761
35850.0,8345.036
35851.0,7076.159
35852.0,4701.7876
35853.0,7305.361
35854.0,8956.227
35855.0,6386.5674
35856.0,7572.0493
35857.0,4911.098
35858.0,4647.242
35859.0,5835.076
35860.0,5699.6064
35861.0,5645.747
35862.0,5107.7285
35863.0,5089.073
35864.0,4522.886
35865.0,7455.885
35866.0,7653.197
35867.0,5539.419
35868.0,6069.151
35869.0,7164.6787
35870.0,5651.022
35871.0,4830.0522
35872.0,9429.639
35873.0,7786.4595
35874.0,6738.8765
35875.0,4259.503
35876.0,14019.007
35877.0,7046.867
35878.0,5396.493
35879.0,8239.216
35880.0,7973.1104
35881.0,7499.3193
35882.0,6666.8374
35883.0,7215.22
35884.0,10106.81
35885.0,13613.431
35886.0,5102.1675
35887.0,4357.6104
35888.0,5687.436
35889.0,6973.3384
35890.0,6509.3154
35891.0,10918.698
35892.0,8941.921
35893.0,6303.853
35894.0,4125.6455
35895.0,5952.777
35896.0,8928.252
35897.0,5081.545
35898.0,7255.7515
35899.0,4079.5645
35900.0,7903.6567
35901.0,7843.2495
35902.0,7563.3877
35903.0,8474.632
35904.0,6364.997
35905.0,4328.1274
35906.0,7053.437
35907.0,7588.1143
35908.0,8128.8115
35909.0,7835.376
35910.0,7811.9375
35911.0,6599.262
35912.0,4303.357
35913.0,9079.686
35914.0,4429.5303
35915.0,10845.651
35916.0,4294.077
35917.0,4683.815
35918.0,7197.6377
35919.0,5878.174
35920.0,7245.115
35921.0,7233.7705
35922.0,3888.3113
35923.0,4668.916
35924.0,7377.7935
35925.0,9001.126
35926.0,10255.562
35927.0,5766.9795
35928.0,5434.5117
35929.0,6629.14
35930.0,6869.659
35931.0,5541.5117
35932.0,11005.371
35933.0,8629.896
35934.0,11429.079
35935.0,4860.06
35936.0,5926.461
35937.0,8151.405
35938.0,8023.016
35939.0,5723.217
35940.0,9784.918
35941.0,6424.546
35942.0,5750.7803
35943.0,5786.5015
35944.0,5374.097
35945.0,4982.779
35946.0,6634.055
35947.0,5436.575
35948.0,4705.0493
35949.0,8724.426
35950.0,6645.0303
35951.0,21110.395
35952.0,7126.532
35953.0,4279.0015
35954.0,7217.127
35955.0,10730.976
35956.0,6449.5283
35957.0,6533.425
35958.0,5176.597
35959.0,8538.517
35960.0,7977.804
35961.0,5893.2085
35962.0,5714.9526
35963.0,6822.7085
35964.0,7940.227
35965.0,6880.9053
35966.0,8253.137
35967.0,5846.9097
35968.0,4983.915
35969.0,6858.444
35970.0,8939.661
35971.0,9934.911
35972.0,10760.719
35973.0,7544.9355
35974.0,5918.6313
35975.0,6442.642
35976.0,4643.5024
35977.0,7642.146
35978.0,10559.001
35979.0,9459.951
35980.0,5900.143
35981.0,4758.4976
35982.0,5319.177
35983.0,6346.2104
35984.0,10478.432
35985.0,7013.641
35986.0,5089.1606
35987.0,5719.244
35988.0,8937.121
35989.0,3414.082
35990.0,7448.1304
35991.0,4354.228
35992.0,6583.105
35993.0,7161.0234
35994.0,5899.991
35995.0,8121.7515
35996.0,6460.069
35997.0,4938.5225
35998.0,6723.9355
35999.0,7068.503
36000.0,12285.097
36001.0,6130.6494
36002.0,8083.443
36003.0,8239.2705
36004.0,9520.615
36005.0,6530.3657
36006.0,8390.6
36007.0,4877.634
36008.0,4876.2056
36009.0,6451.8853
36010.0,2806.3245
36011.0,8597.445
36012.0,4879.0205
36013.0,5413.135
36014.0,7527.576
36015.0,7004.302
36016.0,9337.83
36017.0,3855.105
36018.0,12802.084
36019.0,5286.572
36020.0,6400.7646
36021.0,8186.006
36022.0,5575.0557
36023.0,6779.8223
36024.0,6284.935
36025.0,7323.6953
36026.0,5543.2876
36027.0,6138.2676
36028.0,7561.2744
36029.0,7740.269
36030.0,8013.242
36031.0,4930.361
36032.0,6793.4614
36033.0,11098.034
36034.0,6472.083
36035.0,6077.4634
36036.0,7232.3423
36037.0,5527.7275
36038.0,5852.6177
36039.0,7451.463
36040.0,4017.6
36041.0,8349.12
36042.0,6377.236
36043.0,7484.035
36044.0,10816.18
36045.0,3982.9707
36046.0,5829.146
36047.0,5834.72
36048.0,7748.5273
36049.0,9447.806
36050.0,4912.274
36051.0,5072.0293
36052.0,6864.8774
36053.0,5813.8096
36054.0,6317.9204
36055.0,8466.916
36056.0,7490.8623
36057.0,7448.649
36058.0,5702.7334
36059.0,4644.849
36060.0,6838.827
36061.0,8415.028
36062.0,8322.557
36063.0,8151.972
36064.0,8313.973
36065.0,6392.418
36066.0,8910.217
36067.0,5640.074
36068.0,7666.4863
36069.0,9050.203
36070.0,6814.813
36071.0,9993.977
36072.0,8455.666
36073.0,7819.608
36074.0,6495.094
36075.0,7245.917
36076.0,8335.586
36077.0,6113.2075
36078.0,4292.8364
36079.0,6561.3276
36080.0,8140.543
36081.0,7540.9424
36082.0,5075.0107
36083.0,8616.523
36084.0,8108.988
36085.0,6624.899
36086.0,5589.6826
36087.0,5355.7256
36088.0,7442.5767
36089.0,7396.839
36090.0,7697.6265
36091.0,5843.208
36092.0,5215.673
36093.0,6603.3486
36094.0,4052.6929
36095.0,6287.6753
36096.0,5294.7725
36097.0,8789.112
36098.0,7481.7295
36099.0,6480.558
36100.0,11950.884
36101.0,5359.0576
36102.0,5111.3545
36103.0,10566.598
36104.0,6940.883
36105.0,9452.771
36106.0,7556.5376
36107.0,6003.52
36108.0,6340.577
36109.0,6355.836
36110.0,8165.871
36111.0,11608.889
36112.0,7826.8013
36113.0,3737.802
36114.0,5317.391
36115.0,8826.344
36116.0,8705.822
36117.0,7013.715
36118.0,7589.287
36119.0,4607.521
36120.0,5648.7314
36121.0,3392.7576
36122.0,4883.942
36123.0,6570.653
36124.0,7102.3135
36125.0,6707.435
36126.0,5965.065
36127.0,8234.195
36128.0,8672.722
36129.0,7685.031
36130.0,5065.3623
36131.0,9161.307
36132.0,10748.697
36133.0,6748.1772
36134.0,8398.423
36135.0,5458.3413
36136.0,6600.1245
36137.0,4093.0552
36138.0,7600.421
36139.0,5439.1064
36140.0,8870.744
36141.0,6803.0776
36142.0,9159.175
36143.0,8276.865
36144.0,5766.501
36145.0,8995.109
36146.0,18578.604
36147.0,11252.569
36148.0,5895.013
36149.0,3416.9329
36150.0,5891.8535
36151.0,10683.103
36152.0,5050.4595
36153.0,11028.141
36154.0,18028.398
36155.0,3801.2275
36156.0,5518.2554
36157.0,9596.511
36158.0,4937.072
36159.0,8799.933
36160.0,6513.116
36161.0,7297.582
36162.0,3736.608
36163.0,6672.1426
36164.0,6781.678
36165.0,7454.7256
36166.0,9495.549
36167.0,6605.793
36168.0,5926.393
36169.0,6927.4766
36170.0,5691.5767
36171.0,4744.072
36172.0,8552.12
36173.0,6607.053
36174.0,6122.69
36175.0,7021.365
36176.0,6517.4727
36177.0,6509.322
36178.0,7027.5225
36179.0,7421.5093
36180.0,8937.223
36181.0,7725.886
36182.0,7545.3887
36183.0,5944.3906
36184.0,3935.3923
36185.0,7882.389
36186.0,7865.049
36187.0,6166.5
36188.0,4470.676
36189.0,9221.19
36190.0,7444.551
36191.0,10411.536
36192.0,6944.8164
36193.0,5969.328
36194.0,4962.4824
36195.0,5566.219
36196.0,9968.53
36197.0,4789.6367
36198.0,8368.126
36199.0,14447.588
36200.0,7254.727
36201.0,8073.0103
36202.0,5517.7397
36203.0,4694.581
36204.0,7074.2695
36205.0,4379.8887
36206.0,5859.9297
36207.0,9818.602
36208.0,4572.49
36209.0,15613.114
36210.0,11388.449
36211.0,4609.3804
36212.0,7541.2373
36213.0,6269.8286
36214.0,6880.9053
36215.0,5488.0835
36216.0,11501.645
36217.0,7926.327
36218.0,8782.794
36219.0,5394.4243
36220.0,7222.9805
36221.0,5294.712
36222.0,9955.731
36223.0,7098.047
36224.0,7133.305
36225.0,6681.1475
36226.0,5491.796
36227.0,8941.384
36228.0,10098.687
36229.0,5792.598
36230.0,9304.82
36231.0,6955.8677
36232.0,9217.4
36233.0,5975.3896
36234.0,5653.7446
36235.0,5572.8384
36236.0,10265.123
36237.0,6954.66
36238.0,8043.6577
36239.0,4517.061
36240.0,8607.036
36241.0,5144.532
36242.0,8991.447
36243.0,6855.7363
36244.0,3914.168
36245.0,16472.73
36246.0,17137.629
36247.0,7611.426
36248.0,7065.4155
36249.0,9309.445
36250.0,9932.429
36251.0,10891.937
36252.0,6089.417
36253.0,7326.2666
36254.0,5725.2046
36255.0,8738.309
36256.0,4350.525
36257.0,6223.9785
36258.0,6213.527
36259.0,5964.991
36260.0,7571.342
36261.0,5305.495
36262.0,4530.1704
36263.0,6959.179
36264.0,4130.422
36265.0,4942.891
36266.0,6079.986
36267.0,6187.6226
36268.0,9288.416
36269.0,8684.269
36270.0,8395.907
36271.0,6577.425
36272.0,7042.6475
36273.0,10422.297
36274.0,8037.0933
36275.0,5683.781
36276.0,5034.5864
36277.0,10081.316
36278.0,4443.3813
36279.0,6542.3613
36280.0,3978.2585
36281.0,5191.3623
36282.0,8568.597
36283.0,6889.837
36284.0,5680.5723
36285.0,9549.908
36286.0,9600.035
36287.0,10964.25
36288.0,6244.3623
36289.0,11026.868
36290.0,3106.4695
36291.0,5720.4663
36292.0,6387.743
36293.0,4884.0586
36294.0,7998.902
36295.0,5225.6973
36296.0,5584.055
36297.0,8424.312
36298.0,10352.076
36299.0,10746.934
36300.0,5108.7617
36301.0,6094.094
36302.0,13383.033
36303.0,7755.7144
36304.0,6734.6997
36305.0,5734.058
36306.0,6894.36
36307.0,9935.792
36308.0,4936.1064
36309.0,6133.1353
36310.0,8507.788
36311.0,7885.8335
36312.0,12800.191
36313.0,5910.451
36314.0,13530.395
36315.0,7590.8145
36316.0,5790.7256
36317.0,3922.709
36318.0,6282.9033
36319.0,6703.329
36320.0,5915.431
36321.0,8520.757
36322.0,5141.535
36323.0,4784.938
36324.0,7570.071
36325.0,3791.2112
36326.0,8235.154
36327.0,6776.8545
36328.0,8394.154
36329.0,8338.711
36330.0,5679.055
36331.0,9348.7295
36332.0,6764.5713
36333.0,5523.0845
36334.0,5897.5493
36335.0,5748.0107
36336.0,9847.421
36337.0,6374.633
36338.0,5131.956
36339.0,7382.51
36340.0,9193.756
36341.0,7140.7866
36342.0,6577.902
36343.0,8517.304
36344.0,5280.67
36345.0,5497.656
36346.0,6356.8184
36347.0,8895.662
36348.0,6984.748
36349.0,6474.0713
36350.0,5886.5283
36351.0,5217.0366
36352.0,4565.6304
36353.0,5960.9414
36354.0,8292.06
36355.0,9969.861
36356.0,10028.456
36357.0,11802.249
36358.0,8392.657
36359.0,7426.3667
36360.0,4915.991
36361.0,11475.982
36362.0,11381.825
36363.0,8143.424
36364.0,8472.224
36365.0,8365.453
36366.0,5718.764
36367.0,4292.001
36368.0,11784.398
36369.0,6594.0273
36370.0,6902.736
36371.0,6767.372
36372.0,3094.7383
36373.0,10849.365
36374.0,3840.218
36375.0,3848.4692
36376.0,4641.2925
36377.0,6373.5444
36378.0,6871.12
36379.0,9323.227
36380.0,6384.0337
36381.0,4772.8354
36382.0,4739.4087
36383.0,4198.317
36384.0,3227.574
36385.0,7607.1875
36386.0,17315.262
36387.0,5442.9834
36388.0,6062.156
36389.0,6625.0884
36390.0,5414.984
36391.0,5556.204
36392.0,4944.0605
36393.0,4079.537
36394.0,7211.7734
36395.0,7585.7695
36396.0,4550.565
36397.0,8802.493
36398.0,6159.9043
36399.0,4946.4946
36400.0,8736.033
36401.0,8348.045
36402.0,9817.318
36403.0,5936.4805
36404.0,7447.9883
36405.0,4766.2476
36406.0,5591.122
36407.0,13748.832
36408.0,10184.386
36409.0,6697.7305
36410.0,6318.692
36411.0,4634.5195
36412.0,5857.717
36413.0,5432.0864
36414.0,11360.352
36415.0,5374.6353
36416.0,5564.9453
36417.0,7133.033
36418.0,5074.0137
36419.0,6593.31
36420.0,7298.556
36421.0,7858.72
36422.0,7222.0503
36423.0,4386.1562
36424.0,5878.9536
36425.0,6740.355
36426.0,9368.17
36427.0,8909.35
36428.0,7120.8857
36429.0,4832.0474
36430.0,8105.083
36431.0,6027.4463
36432.0,4808.0522
36433.0,7379.3696
36434.0,7465.883
36435.0,6620.4014
36436.0,6117.115
36437.0,6518.411
36438.0,7016.893
36439.0,5589.091
36440.0,6698.133
36441.0,7103.3027
36442.0,6428.1133
36443.0,8860.115
36444.0,5804.484
36445.0,5108.971
36446.0,13024.63
36447.0,6893.3076
36448.0,3379.4106
36449.0,8357.908
36450.0,8745.412
36451.0,10336.902
36452.0,5128.7607
36453.0,6023.044
36454.0,6700.031
36455.0,7196.2305
36456.0,5757.273
36457.0,9216.539
36458.0,3204.1665
36459.0,7147.342
36460.0,6816.971
36461.0,5457.8784
36462.0,4926.788
36463.0,6866.9204
36464.0,8546.069
36465.0,5974.2495
36466.0,8244.05
36467.0,7219.7227
36468.0,8942.364
36469.0,4662.8633
36470.0,7130.666
36471.0,7053.2217
36472.0,8038.4653
36473.0,8183.25
36474.0,5070.6753
36475.0,7762.878
36476.0,8135.3423
36477.0,7396.867
36478.0,4820.4326
36479.0,4426.2485
36480.0,7425.354
36481.0,6329.103
36482.0,8291.301
36483.0,7292.2866
36484.0,5832.4165
36485.0,8541.971
36486.0,6591.38
36487.0,7099.2456
36488.0,8283.017
36489.0,6123.1455
36490.0,8067.5376
36491.0,10699.928
36492.0,8429.487
36493.0,5226.884
36494.0,6081.082
36495.0,4878.299
36496.0,3737.107
36497.0,8402.878
36498.0,6054.5166
36499.0,8738.375
36500.0,5089.68
36501.0,7725.614
36502.0,6672.302
36503.0,9517.728
36504.0,5732.1387
36505.0,5231.1885
36506.0,6024.7163
36507.0,7647.4395
36508.0,6017.635
36509.0,7661.0625
36510.0,7681.3667
36511.0,9767.156
36512.0,7695.4316
36513.0,7044.3267
36514.0,6136.8276
36515.0,4656.889
36516.0,5028.0693
36517.0,11042.665
36518.0,9615.192
36519.0,9982.364
36520.0,14610.976
36521.0,6540.402
36522.0,5417.7217
36523.0,6171.8667
36524.0,8682.795
36525.0,9022.106
36526.0,6713.746
36527.0,8065.5527
36528.0,7909.433
36529.0,7359.822
36530.0,7290.3604
36531.0,6209.149
36532.0,4800.8066
36533.0,5492.189
36534.0,3998.9185
36535.0,5466.334
36536.0,9118.878
36537.0,17067.377
36538.0,6357.031
36539.0,5092.142
36540.0,7624.6577
36541.0,4348.3965
36542.0,6966.305
36543.0,4463.5
36544.0,9525.11
36545.0,6509.7314
36546.0,6504.7476
36547.0,13654.7295
36548.0,10157.719
36549.0,7249.3735
36550.0,7093.032
36551.0,3725.3042
36552.0,5562.647
36553.0,5413.047
36554.0,9090.291
36555.0,4637.3228
36556.0,4913.5063
36557.0,6319.6562
36558.0,5725.8433
36559.0,6828.2617
36560.0,7654.62
36561.0,3723.6912
36562.0,7070.3164
36563.0,7673.392
36564.0,7848.211
36565.0,4940.6616
36566.0,4827.9473
36567.0,8078.456
36568.0,4696.471
36569.0,9814.351
36570.0,4904.3477
36571.0,5997.379
36572.0,7001.8706
36573.0,6494.4688
36574.0,4972.1387
36575.0,7133.421
36576.0,7365.0884
36577.0,8665.23
36578.0,9674.932
36579.0,6156.2686
36580.0,3847.6616
36581.0,5387.01
36582.0,7543.2803
36583.0,4970.0195
36584.0,6640.563
36585.0,6105.335
36586.0,12915.637
36587.0,7901.486
36588.0,6224.614
36589.0,7658.6367
36590.0,5934.035
36591.0,9010.772
36592.0,5946.7725
36593.0,12911.954
36594.0,6624.8735
36595.0,5488.078
36596.0,958.8188
36597.0,4603.7163
36598.0,8084.3066
36599.0,18261.602
36600.0,4341.5493
36601.0,4603.431
36602.0,10963.204
36603.0,6594.719
36604.0,7033.4775
36605.0,7936.0254
36606.0,6121.2246
36607.0,5872.2227
36608.0,5004.6377
36609.0,9640.785
36610.0,5977.7266
36611.0,6769.083
36612.0,7862.649
36613.0,4384.629
36614.0,8347.926
36615.0,5932.699
36616.0,4044.2815
36617.0,8009.605
36618.0,8738.275
36619.0,4292.181
36620.0,7500.5283
36621.0,7314.5503
36622.0,5206.204
36623.0,9554.873
36624.0,6067.5127
36625.0,7615.9355
36626.0,4292.6113
36627.0,4815.1387
36628.0,7106.935
36629.0,4706.149
36630.0,7857.341
36631.0,4428.529
36632.0,5773.826
36633.0,4850.015
36634.0,5926.6304
36635.0,6380.43
36636.0,6946.029
36637.0,7100.7354
36638.0,7982.241
36639.0,5779.8984
36640.0,8363.347
36641.0,7032.0083
36642.0,8996.14
36643.0,9083.809
36644.0,7259.0396
36645.0,4035.9456
36646.0,6431.609
36647.0,7416.648
36648.0,4779.5234
36649.0,11716.294
36650.0,6300.583
36651.0,6858.712
36652.0,11011.209
36653.0,6982.5034
36654.0,4293.4795
36655.0,11676.524
36656.0,10201.604
36657.0,5432.8066
36658.0,9141.65
36659.0,11107.088
36660.0,6776.8096
36661.0,5875.7075
36662.0,6644.986
36663.0,6079.452
36664.0,5872.1274
36665.0,7283.2017
36666.0,5166.041
36667.0,6037.274
36668.0,7113.7236
36669.0,6182.549
36670.0,8878.176
36671.0,5825.083
36672.0,7064.735
36673.0,4565.051
36674.0,7813.45
36675.0,7084.925
36676.0,6497.1455
36677.0,6295.0264
36678.0,6843.258
36679.0,9192.572
36680.0,5935.1616
36681.0,5141.4565
36682.0,6238.7188
36683.0,7099.9834
36684.0,7092.836
36685.0,5132.7393
36686.0,3920.6702
36687.0,7684.7227
36688.0,6809.2964
36689.0,5530.3384
36690.0,8070.285
36691.0,7159.842
36692.0,6778.057
36693.0,3624.9905
36694.0,3872.2803
36695.0,7034.0005
36696.0,6617.0996
36697.0,6533.213
36698.0,10634.884
36699.0,9128.067
36700.0,5003.2583
36701.0,9559.933
36702.0,4206.5547
36703.0,3549.5916
36704.0,7560.633
36705.0,12904.161
36706.0,8432.753
36707.0,7215.351
36708.0,4941.1846
36709.0,7086.858
36710.0,9796.609
36711.0,6680.4595
36712.0,7335.2793
36713.0,5103.0293
36714.0,5099.589
36715.0,5977.5215
36716.0,5172.999
36717.0,5537.01
36718.0,5196.4355
36719.0,4968.9624
36720.0,4443.106
36721.0,7717.0264
36722.0,7254.25
36723.0,5469.3853
36724.0,6021.3613
36725.0,6861.899
36726.0,5889.612
36727.0,5014.7397
36728.0,8575.815
36729.0,8205.736
36730.0,6541.949
36731.0,4273.7515
36732.0,14686.027
36733.0,7205.3447
36734.0,5409.439
36735.0,8245.474
36736.0,7612.1084
36737.0,7584.554
36738.0,6212.1875
36739.0,7333.5376
36740.0,8743.068
36741.0,14533.744
36742.0,5134.9233
36743.0,4955.061
36744.0,5572.6045
36745.0,7271.922
36746.0,6381.763
36747.0,11052.116
36748.0,9013.712
36749.0,6173.7036
36750.0,4470.9316
36751.0,6347.082
36752.0,9694.699
36753.0,4826.566
36754.0,7451.214
36755.0,4202.3955
36756.0,7657.4756
36757.0,8140.7373
36758.0,7665.916
36759.0,8572.512
36760.0,6415.6235
36761.0,4159.6934
36762.0,6899.4907
36763.0,7400.939
36764.0,7998.833
36765.0,7851.1455
36766.0,7627.327
36767.0,6653.9795
36768.0,4306.4775
36769.0,9168.807
36770.0,4472.9155
36771.0,10476.692
36772.0,3980.7869
36773.0,4577.212
36774.0,7104.231
36775.0,6228.5337
36776.0,7312.0044
36777.0,7452.749
36778.0,3893.7974
36779.0,4428.525
36780.0,7952.225
36781.0,9172.48
36782.0,10117.178
36783.0,5449.7007
36784.0,5758.3057
36785.0,7059.205
36786.0,6572.1445
36787.0,5789.0244
36788.0,10654.469
36789.0,8500.358
36790.0,11652.45
36791.0,4718.348
36792.0,6003.165
36793.0,8052.8154
36794.0,8768.865
36795.0,5969.4194
36796.0,9504.084
36797.0,6603.525
36798.0,5749.6396
36799.0,5525.1655
36800.0,5466.746
36801.0,5119.3716
36802.0,6561.359
36803.0,5548.202
36804.0,4698.0483
36805.0,8782.509
36806.0,7160.8047
36807.0,21356.07
36808.0,6759.1733
36809.0,4656.2495
36810.0,7179.208
36811.0,10579.788
36812.0,5996.9385
36813.0,7336.3286
36814.0,5209.3735
36815.0,8967.595
36816.0,8352.02
36817.0,6424.6436
36818.0,6004.4478
36819.0,7008.6123
36820.0,8369.388
36821.0,7004.0947
36822.0,9155.498
36823.0,5756.1255
36824.0,5044.4653
36825.0,6744.8115
36826.0,10344.279
36827.0,11193.676
36828.0,11033.285
36829.0,8121.713
36830.0,5434.4185
36831.0,6670.374
36832.0,4713.418
36833.0,8045.0693
36834.0,11646.45
36835.0,10244.827
36836.0,6536.641
36837.0,5290.4863
36838.0,5384.2817
36839.0,6310.1216
36840.0,11606.109
36841.0,7117.5244
36842.0,4919.885
36843.0,5712.271
36844.0,9541.687
36845.0,3866.7434
36846.0,7473.1426
36847.0,4352.837
36848.0,6273.9863
36849.0,7304.1553
36850.0,5407.5405
36851.0,8168.8857
36852.0,6790.682
36853.0,5400.0103
36854.0,7182.708
36855.0,7317.3135
36856.0,11876.742
36857.0,5792.344
36858.0,8872.191
36859.0,9366.249
36860.0,9935.006
36861.0,6742.515
36862.0,8206.848
36863.0,5056.0747
36864.0,4985.0845
36865.0,6739.969
36866.0,6821.2183
36867.0,9398.777
36868.0,5051.524
36869.0,5929.8535
36870.0,7149.1147
36871.0,6984.848
36872.0,9047.536
36873.0,4114.421
36874.0,13643.769
36875.0,5305.8647
36876.0,6753.7534
36877.0,8935.766
36878.0,5774.3604
36879.0,7039.9272
36880.0,6339.495
36881.0,7571.0386
36882.0,5549.446
36883.0,6261.4736
36884.0,7525.193
36885.0,7959.4033
36886.0,9097.265
36887.0,4853.7964
36888.0,7192.3813
36889.0,11647.55
36890.0,6632.8276
36891.0,5564.807
36892.0,7120.7905
36893.0,5828.2456
36894.0,6081.923
36895.0,7935.662
36896.0,3941.6814
36897.0,8905.1875
36898.0,7250.68
36899.0,7527.7773
36900.0,10354.456
36901.0,4334.027
36902.0,6453.448
36903.0,6067.854
36904.0,7414.024
36905.0,9596.529
36906.0,5361.803
36907.0,5310.938
36908.0,7026.6445
36909.0,5950.1143
36910.0,6386.2446
36911.0,8603.589
36912.0,7872.7417
36913.0,7455.9062
36914.0,5798.9224
36915.0,4833.864
36916.0,7544.5757
36917.0,8481.546
36918.0,8701.266
36919.0,8206.245
36920.0,8552.936
36921.0,6368.8105
36922.0,8557.13
36923.0,6406.457
36924.0,8663.884
36925.0,9182.714
36926.0,7258.409
36927.0,10618.182
36928.0,8624.228
36929.0,8063.2144
36930.0,6189.6943
36931.0,7377.2515
36932.0,8281.776
36933.0,6291.605
36934.0,4357.5396
36935.0,6669.7124
36936.0,8643.694
36937.0,7860.002
36938.0,5037.9062
36939.0,9178.107
36940.0,8925.203
36941.0,6637.3843
36942.0,5746.7173
36943.0,5695.2314
36944.0,8077.239
36945.0,7560.719
36946.0,7238.429
36947.0,5989.495
36948.0,5457.8003
36949.0,6842.6313
36950.0,4301.4854
36951.0,6463.946
36952.0,5460.846
36953.0,9315.822
36954.0,8205.212
36955.0,6662.5146
36956.0,12684.314
36957.0,6621.772
36958.0,5076.245
36959.0,11162.928
36960.0,7465.9043
36961.0,9393.983
36962.0,8603.827
36963.0,5188.575
36964.0,6578.6797
36965.0,6750.4883
36966.0,8390.088
36967.0,12798.86
36968.0,7507.972
36969.0,3364.4915
36970.0,5642.641
36971.0,9733.353
36972.0,9522.204
36973.0,7246.3867
36974.0,8016.407
36975.0,4945.3906
36976.0,5798.408
36977.0,3071.318
36978.0,5407.876
36979.0,6900.807
36980.0,7126.8447
36981.0,7134.4214
36982.0,6347.5786
36983.0,8011.813
36984.0,8137.787
36985.0,8022.7407
36986.0,4955.9355
36987.0,9836.214
36988.0,11999.917
36989.0,6470.768
36990.0,8285.6875
36991.0,5450.9795
36992.0,6939.2944
36993.0,4136.36
36994.0,8021.47
36995.0,5548.7417
36996.0,9214.685
36997.0,7020.8433
36998.0,8848.217
36999.0,8583.852
37000.0,5842.751
37001.0,9730.112
37002.0,19702.107
37003.0,11078.469
37004.0,6581.228
37005.0,2920.9507
37006.0,5815.512
37007.0,10539.583
37008.0,5361.7217
37009.0,12772.838
37010.0,20795.82
37011.0,3937.172
37012.0,5586.3994
37013.0,9424.514
37014.0,5158.7437
37015.0,9156.005
37016.0,6802.299
37017.0,7534.156
37018.0,3865.873
37019.0,7303.7095
37020.0,6691.396
37021.0,8510.036
37022.0,10203.919
37023.0,6192.4937
37024.0,5852.037
37025.0,7647.7896
37026.0,6091.5547
37027.0,5106.0576
37028.0,8778.883
37029.0,6786.059
37030.0,6595.0586
37031.0,7918.9824
37032.0,6542.6357
37033.0,7134.0605
37034.0,6725.777
37035.0,7640.579
37036.0,9379.596
37037.0,7298.034
37038.0,7401.7227
37039.0,6078.681
37040.0,3975.129
37041.0,7933.0283
37042.0,8211.687
37043.0,5967.3984
37044.0,4633.463
37045.0,9094.818
37046.0,7276.855
37047.0,10735.746
37048.0,7009.6284
37049.0,5921.6807
37050.0,4927.3945
37051.0,4990.765
37052.0,11463.172
37053.0,5098.339
37054.0,8283.483
37055.0,14652.715
37056.0,7253.3296
37057.0,6190.8105
37058.0,4847.8228
37059.0,4808.1665
37060.0,7586.3486
37061.0,4488.9185
37062.0,5570.5054
37063.0,10910.017
37064.0,4458.5894
37065.0,15737.078
37066.0,12289.749
37067.0,4797.849
37068.0,7682.9785
37069.0,6138.6367
37070.0,7101.5547
37071.0,5628.7827
37072.0,11816.159
37073.0,7833.4854
37074.0,8714.5205
37075.0,5544.7524
37076.0,7227.246
37077.0,5048.8022
37078.0,10853.712
37079.0,6884.549
37080.0,6937.812
37081.0,6697.239
37082.0,5453.897
37083.0,9246.29
37084.0,9853.941
37085.0,5621.2495
37086.0,10647.337
37087.0,6907.1357
37088.0,9880.8955
37089.0,5610.365
37090.0,5989.558
37091.0,5803.9194
37092.0,10671.269
37093.0,7107.728
37094.0,8010.919
37095.0,4944.7305
37096.0,9057.62
37097.0,4573.6943
37098.0,9054.425
37099.0,7174.4644
37100.0,3528.128
37101.0,17834.688
37102.0,18851.744
37103.0,8315.186
37104.0,7481.0444
37105.0,10275.947
37106.0,11116.393
37107.0,11150.957
37108.0,6441.426
37109.0,8343.094
37110.0,5397.631
37111.0,9014.099
37112.0,4102.9297
37113.0,6711.774
37114.0,6121.201
37115.0,6140.6157
37116.0,8007.1763
37117.0,5247.5903
37118.0,4613.823
37119.0,6598.2866
37120.0,4076.8723
37121.0,4942.9243
37122.0,5766.941
37123.0,7236.655
37124.0,9819.885
37125.0,8739.9
37126.0,8565.36
37127.0,6471.1323
37128.0,6861.5386
37129.0,10954.33
37130.0,8258.964
37131.0,6036.577
37132.0,5227.163
37133.0,10061.94
37134.0,4227.8794
37135.0,6533.4688
37136.0,3797.2375
37137.0,5755.6206
37138.0,8515.428
37139.0,8102.4624
37140.0,5705.8726
37141.0,9983.23
37142.0,10115.007
37143.0,12304.081
37144.0,6101.7314
37145.0,11069.217
37146.0,3108.1562
37147.0,5298.4756
37148.0,6419.039
37149.0,4924.425
37150.0,8503.643
37151.0,5665.7993
37152.0,5811.614
37153.0,9361.882
37154.0,10602.799
37155.0,10576.024
37156.0,5195.9795
37157.0,5496.9004
37158.0,14074.913
37159.0,8176.9224
37160.0,6935.8135
37161.0,5556.0293
37162.0,7309.5425
37163.0,10895.833
37164.0,5054.6187
37165.0,6392.6133
37166.0,8785.399
37167.0,8802.3
37168.0,12940.814
37169.0,6186.4893
37170.0,13769.553
37171.0,7243.0425
37172.0,6040.6494
37173.0,3867.9683
37174.0,6370.609
37175.0,7256.81
37176.0,6110.3276
37177.0,8062.599
37178.0,5106.876
37179.0,4688.1416
37180.0,7314.362
37181.0,3980.0198
37182.0,8417.252
37183.0,6897.826
37184.0,8837.109
37185.0,8612.415
37186.0,5679.7705
37187.0,9491.067
37188.0,7167.44
37189.0,5169.0728
37190.0,6044.9897
37191.0,6116.9697
37192.0,10332.21
37193.0,6500.1826
37194.0,5087.8745
37195.0,7976.054
37196.0,9026.496
37197.0,7499.7915
37198.0,6980.399
37199.0,8751.954
37200.0,5703.0054
37201.0,5124.3594
37202.0,6364.0015
37203.0,8760.256
37204.0,6625.891
37205.0,6370.9556
37206.0,6078.455
37207.0,5619.052
37208.0,4484.506
37209.0,5085.8027
37210.0,8308.757
37211.0,9675.799
37212.0,10253.106
37213.0,10836.759
37214.0,8414.058
37215.0,7395.943
37216.0,4888.1553
37217.0,11871.668
37218.0,11650.572
37219.0,8519.611
37220.0,8848.884
37221.0,9578.451
37222.0,6088.3193
37223.0,4516.1304
37224.0,12324.199
37225.0,7462.466
37226.0,7258.7207
37227.0,7018.9883
37228.0,3258.2783
37229.0,11297.821
37230.0,3726.7332
37231.0,3196.354
37232.0,4618.1343
37233.0,6696.798
37234.0,7156.1484
37235.0,10072.676
37236.0,6817.3223
37237.0,4680.778
37238.0,4592.677
37239.0,5079.81
37240.0,3419.0522
37241.0,7506.297
37242.0,18895.125
37243.0,5789.4937
37244.0,6084.302
37245.0,6950.7344
37246.0,5230.849
37247.0,6037.769
37248.0,4822.608
37249.0,4392.2856
37250.0,7831.117
37251.0,7786.0137
37252.0,4756.1064
37253.0,8929.784
37254.0,6926.274
37255.0,5005.349
37256.0,8981.701
37257.0,8744.161
37258.0,10033.488
37259.0,6392.906
37260.0,7676.8257
37261.0,4784.728
37262.0,5805.7075
37263.0,15103.88
37264.0,10897.766
37265.0,6640.3667
37266.0,6525.4033
37267.0,4391.347
37268.0,5891.528
37269.0,4644.942
37270.0,9700.933
37271.0,5556.6016
37272.0,6037.867
37273.0,7581.6323
37274.0,5045.5815
37275.0,7496.4375
37276.0,7614.425
37277.0,7798.5073
37278.0,7673.3335
37279.0,4328.5156
37280.0,6075.192
37281.0,6632.2646
37282.0,10019.603
37283.0,9075.625
37284.0,7005.6113
37285.0,4702.245
37286.0,8378.157
37287.0,6339.9727
37288.0,4675.7485
37289.0,7124.948
37290.0,7617.6357
37291.0,6534.229
37292.0,6269.44
37293.0,6749.69
37294.0,7600.9575
37295.0,5689.5522
37296.0,7176.3735
37297.0,7000.555
37298.0,6875.4077
37299.0,8557.782
37300.0,5683.553
37301.0,4956.4604
37302.0,11462.003
37303.0,6742.7085
37304.0,3589.2803
37305.0,9072.492
37306.0,9632.311
37307.0,10744.402
37308.0,5098.684
37309.0,6164.871
37310.0,7265.0723
37311.0,7714.8555
37312.0,5715.705
37313.0,8728.529
37314.0,3524.384
37315.0,7950.822
37316.0,7023.5557
37317.0,6079.168
37318.0,5309.029
37319.0,7298.389
37320.0,8777.124
37321.0,5571.515
37322.0,9354.589
37323.0,7429.909
37324.0,9392.782
37325.0,4563.949
37326.0,7133.809
37327.0,7561.8584
37328.0,7965.236
37329.0,8710.184
37330.0,4168.7144
37331.0,8255.782
37332.0,8292.226
37333.0,7949.7905
37334.0,5148.1157
37335.0,4301.309
37336.0,8016.606
37337.0,6667.7656
37338.0,8602.843
37339.0,6925.64
37340.0,6327.763
37341.0,8630.885
37342.0,7066.5815
37343.0,7492.6914
37344.0,8719.733
37345.0,6154.2607
37346.0,8366.9375
37347.0,10724.755
37348.0,8993.865
37349.0,5235.067
37350.0,6351.921
37351.0,4250.35
37352.0,3580.6145
37353.0,9096.319
37354.0,6041.0586
37355.0,9155.83
37356.0,5049.4043
37357.0,8272.911
37358.0,6959.2456
37359.0,11169.084
37360.0,5907.757
37361.0,6091.6245
37362.0,6399.257
37363.0,8266.128
37364.0,5651.1997
37365.0,8030.1206
37366.0,7699.0586
37367.0,10679.781
37368.0,7968.0093
37369.0,7244.5005
37370.0,6197.8706
37371.0,4620.2446
37372.0,5003.0483
37373.0,11136.683
37374.0,10076.192
37375.0,9370.564
37376.0,16911.824
37377.0,7040.27
37378.0,5578.992
37379.0,6805.6865
37380.0,8825.106
37381.0,9657.156
37382.0,7055.173
37383.0,8146.803
37384.0,8125.1997
37385.0,8373.651
37386.0,7251.5103
37387.0,6572.9346
37388.0,5272.089
37389.0,5685.3154
37390.0,4232.068
37391.0,5726.313
37392.0,9279.367
37393.0,20072.732
37394.0,6502.0244
37395.0,5560.4136
37396.0,8839.663
37397.0,4276.745
37398.0,6742.239
37399.0,4206.8677
37400.0,9813.19
37401.0,6307.7925
37402.0,6538.0317
37403.0,15147.9375
37404.0,10920.386
37405.0,7433.099
37406.0,6928.904
37407.0,3774.1902
37408.0,6066.5176
37409.0,5477.8433
37410.0,9007.188
37411.0,4981.871
37412.0,4949.27
37413.0,7192.3057
37414.0,6224.0796
37415.0,7422.295
37416.0,7783.5483
37417.0,3197.3025
37418.0,7158.476
37419.0,7807.5127
37420.0,7906.7256
37421.0,4785.86
37422.0,5251.301
37423.0,8376.694
37424.0,4918.843
37425.0,10096.452
37426.0,5099.0977
37427.0,6269.171
37428.0,7289.95
37429.0,6936.383
37430.0,4619.949
37431.0,7281.326
37432.0,8093.202
37433.0,8799.404
37434.0,11464.025
37435.0,6155.0825
37436.0,3881.5852
37437.0,5566.6387
37438.0,8340.477
37439.0,5253.35
37440.0,7031.2036
37441.0,6087.5293
37442.0,13474.209
37443.0,8723.194
37444.0,6389.9614
37445.0,7888.587
37446.0,6292.115
37447.0,9040.652
37448.0,6226.3535
37449.0,14973.204
37450.0,6369.552
37451.0,5508.952
37452.0,975.3848
37453.0,4365.99
37454.0,7983.8555
37455.0,19979.166
37456.0,4563.9756
37457.0,4415.925
37458.0,11502.698
37459.0,7331.3413
37460.0,7079.5005
37461.0,8326.964
37462.0,6402.871
37463.0,7030.486
37464.0,5067.793
37465.0,9869.3955
37466.0,6110.963
37467.0,7373.333
37468.0,8022.312
37469.0,4928.513
37470.0,8596.256
37471.0,6207.2183
37472.0,4045.6514
37473.0,8924.727
37474.0,8637.259
37475.0,4307.086
37476.0,7527.3965
37477.0,7090.651
37478.0,5078.633
37479.0,10051.648
37480.0,5986.5483
37481.0,7874.221
37482.0,4581.414
37483.0,4789.6826
37484.0,7926.1836
37485.0,4535.3413
37486.0,8091.0483
37487.0,4529.9194
37488.0,6417.05
37489.0,4872.3975
37490.0,6010.2295
37491.0,6256.65
37492.0,7062.4307
37493.0,7028.0254
37494.0,8000.3286
37495.0,6044.84
37496.0,8850.402
37497.0,7648.3296
37498.0,9628.664
37499.0,9341.055
37500.0,7385.031
37501.0,3469.4963
37502.0,6684.2583
37503.0,7579.658
37504.0,5520.9355
37505.0,12013.154
37506.0,6777.74
37507.0,7406.313
37508.0,11639.288
37509.0,7012.6577
37510.0,4690.812
37511.0,12117.248
37512.0,10294.398
37513.0,5612.1475
37514.0,9811.196
37515.0,11256.22
37516.0,7048.1914
37517.0,6313.4507
37518.0,7073.2505
37519.0,6125.5522
37520.0,6010.103
37521.0,7170.722
37522.0,5312.8027
37523.0,7208.8438
37524.0,7499.613
37525.0,7039.9004
37526.0,8889.115
37527.0,5771.6074
37528.0,7680.612
37529.0,4257.305
37530.0,7817.207
37531.0,7240.5767
37532.0,5904.9736
37533.0,6517.3174
37534.0,7415.9404
37535.0,9552.814
37536.0,6020.8154
37537.0,5478.439
37538.0,6448.784
37539.0,7235.406
37540.0,7769.0557
37541.0,5270.5854
37542.0,4285.7007
37543.0,9078.638
37544.0,7061.097
37545.0,5470.147
37546.0,8285.72
37547.0,7559.3853
37548.0,8131.332
37549.0,3511.7854
37550.0,3894.4512
37551.0,6842.7944
37552.0,6809.017
37553.0,6869.8555
37554.0,11251.4
37555.0,9980.536
37556.0,5106.988
37557.0,8771.752
37558.0,3919.8362
37559.0,3720.8682
37560.0,8159.479
37561.0,14400.952
37562.0,8297.931
37563.0,7509.0605
37564.0,5213.798
37565.0,8033.3994
37566.0,11234.812
37567.0,6696.1206
37568.0,7431.745
37569.0,5760.009
37570.0,5309.7173
37571.0,6012.2017
37572.0,5342.312
37573.0,5703.4624
37574.0,5207.1826
37575.0,5365.523
37576.0,4456.6167
37577.0,8054.713
37578.0,8004.8394
37579.0,5747.2544
37580.0,6200.8745
37581.0,7263.3955
37582.0,6365.355
37583.0,5153.2744
37584.0,9036.661
37585.0,8164.181
37586.0,6096.833
37587.0,4057.3423
37588.0,15533.71
37589.0,7022.4707
37590.0,5648.026
37591.0,9009.208
37592.0,9000.481
37593.0,7947.698
37594.0,6204.661
37595.0,7650.9194
37596.0,10127.131
37597.0,16989.908
37598.0,5548.784
37599.0,5300.1084
37600.0,5439.065
37601.0,7447.8105
37602.0,5866.294
37603.0,12820.815
37604.0,9485.402
37605.0,6545.563
37606.0,4354.095
37607.0,6505.1816
37608.0,9439.356
37609.0,5025.063
37610.0,7559.5293
37611.0,4149.1084
37612.0,7997.437
37613.0,9126.753
37614.0,7693.634
37615.0,10451.224
37616.0,6674.186
37617.0,4376.4683
37618.0,6600.9873
37619.0,7751.144
37620.0,8509.582
37621.0,7621.0874
37622.0,7417.914
37623.0,6959.3115
37624.0,4500.168
37625.0,9547.049
37626.0,4640.969
37627.0,11065.301
37628.0,4266.0537
37629.0,4962.9604
37630.0,7375.9287
37631.0,6470.676
37632.0,7358.6846
37633.0,7902.1416
37634.0,4137.465
37635.0,4446.629
37636.0,8501.007
37637.0,9886.495
37638.0,10885.041
37639.0,5680.9897
37640.0,6129.486
37641.0,7156.6807
37642.0,6817.882
37643.0,5868.1855
37644.0,11143.2705
37645.0,8627.707
37646.0,12755.125
37647.0,5155.2017
37648.0,6500.7095
37649.0,9266.127
37650.0,9296.614
37651.0,6104.945
37652.0,10218.274
37653.0,7098.4873
37654.0,5671.8286
37655.0,5652.186
37656.0,5486.1416
37657.0,5155.143
37658.0,7018.1313
37659.0,5882.3584
37660.0,5048.2246
37661.0,8719.908
37662.0,6864.386
37663.0,19686.35
37664.0,6807.1733
37665.0,4750.765
37666.0,7883.773
37667.0,12290.124
37668.0,6562.936
37669.0,7140.7935
37670.0,5552.665
37671.0,9181.3125
37672.0,8517.264
37673.0,6204.7144
37674.0,6597.047
37675.0,7339.4434
37676.0,8587.61
37677.0,7409.8315
37678.0,8346.691
37679.0,6258.8525
37680.0,5265.5205
37681.0,7131.686
37682.0,11168.498
37683.0,12233.428
37684.0,11905.004
37685.0,8379.1875
37686.0,6673.8613
37687.0,6725.0776
37688.0,4898.3867
37689.0,8427.92
37690.0,13435.083
37691.0,10042.794
37692.0,7187.6904
37693.0,5993.7075
37694.0,6347.385
37695.0,6457.925
37696.0,10951.875
37697.0,7833.605
37698.0,5419.2773
37699.0,6322.062
37700.0,9285.892
37701.0,4676.431
37702.0,7382.4956
37703.0,5001.9365
37704.0,6579.427
37705.0,7312.4155
37706.0,5852.5566
37707.0,8559.693
37708.0,7502.553
37709.0,5563.995
37710.0,7712.935
37711.0,7585.4585
37712.0,11359.831
37713.0,6023.538
37714.0,9353.456
37715.0,8713.266
37716.0,10484.609
37717.0,7193.225
37718.0,8322.771
37719.0,5740.921
37720.0,5454.615
37721.0,7826.488
37722.0,6831.9033
37723.0,9833.784
37724.0,5267.0176
37725.0,6386.8784
37726.0,7746.7686
37727.0,7285.022
37728.0,8810.204
37729.0,4346.1074
37730.0,14230.124
37731.0,5666.6914
37732.0,7032.022
37733.0,10009.621
37734.0,6422.34
37735.0,7305.723
37736.0,6638.423
37737.0,7935.9497
37738.0,5472.798
37739.0,7517.1367
37740.0,7676.8257
37741.0,8086.173
37742.0,8856.339
37743.0,5646.55
37744.0,7620.833
37745.0,11794.248
37746.0,6974.875
37747.0,6115.3477
37748.0,7035.92
37749.0,6122.141
37750.0,6175.7593
37751.0,8297.266
37752.0,4223.228
37753.0,9065.762
37754.0,7457.0513
37755.0,7624.243
37756.0,10178.2
37757.0,4936.587
37758.0,7054.4595
37759.0,6101.9585
37760.0,8697.084
37761.0,10616.743
37762.0,5309.13
37763.0,5839.1797
37764.0,7387.849
37765.0,6181.8887
37766.0,7064.4453
37767.0,9068.253
37768.0,8327.527
37769.0,8117.8716
37770.0,6283.3047
37771.0,5037.0557
37772.0,7903.604
37773.0,8286.154
37774.0,9486.406
37775.0,8889.327
37776.0,8961.935
37777.0,6743.3384
37778.0,8400.281
37779.0,6745.326
37780.0,9960.452
37781.0,9383.497
37782.0,7312.102
37783.0,11302.068
37784.0,8294.211
37785.0,8635.207
37786.0,6631.999
37787.0,7644.012
37788.0,8696.693
37789.0,7275.988
37790.0,4757.912
37791.0,6892.4727
37792.0,9075.504
37793.0,8228.104
37794.0,5279.2046
37795.0,9995.988
37796.0,8279.968
37797.0,6597.6445
37798.0,6138.069
37799.0,6196.3633
37800.0,8281.358
37801.0,8069.716
37802.0,8271.112
37803.0,6294.306
37804.0,5976.4155
37805.0,7269.4673
37806.0,4609.596
37807.0,7762.212
37808.0,5901.7363
37809.0,9290.995
37810.0,8287.49
37811.0,6558.4683
37812.0,12273.022
37813.0,6620.4077
37814.0,4987.2104
37815.0,11790.076
37816.0,7448.777
37817.0,9063.973
37818.0,9458.706
37819.0,5568.758
37820.0,6659.954
37821.0,6509.5947
37822.0,8768.849
37823.0,13341.093
37824.0,7680.209
37825.0,3550.6245
37826.0,5252.2876
37827.0,10302.777
37828.0,9996.932
37829.0,7941.727
37830.0,8437.612
37831.0,5060.2144
37832.0,6256.9126
37833.0,3374.5654
37834.0,5998.2026
37835.0,6899.715
37836.0,7187.2925
37837.0,7658.761
37838.0,6617.043
37839.0,8072.679
37840.0,8457.296
37841.0,8324.883
37842.0,5208.449
37843.0,10343.608
37844.0,13055.586
37845.0,7019.9326
37846.0,9081.244
37847.0,5275.711
37848.0,6679.8667
37849.0,4691.895
37850.0,8971.564
37851.0,6114.473
37852.0,9371.619
37853.0,7331.9775
37854.0,9784.433
37855.0,8917.052
37856.0,5753.5347
37857.0,10221.072
37858.0,21065.967
37859.0,12517.397
37860.0,7453.204
37861.0,2871.257
37862.0,6231.1895
37863.0,11954.589
37864.0,5188.263
37865.0,12296.479
37866.0,18311.918
37867.0,4173.7075
37868.0,6053.1826
37869.0,9841.844
37870.0,5369.808
37871.0,10556.806
37872.0,7045.0527
37873.0,8020.338
37874.0,3886.6575
37875.0,7850.2095
37876.0,6914.3135
37877.0,8736.158
37878.0,10101.471
37879.0,6719.3325
37880.0,5612.72
37881.0,7681.4106
37882.0,6051.4683
37883.0,5374.4814
37884.0,8775.567
37885.0,7086.4185
37886.0,7381.9604
37887.0,9022.666
37888.0,7406.2915
37889.0,7336.126
37890.0,7706.8315
37891.0,8297.994
37892.0,8706.08
37893.0,7616.379
37894.0,7808.183
37895.0,6007.0254
37896.0,4212.8794
37897.0,8411.232
37898.0,8371.359
37899.0,6709.7065
37900.0,4871.9795
37901.0,9291.217
37902.0,8184.452
37903.0,11461.784
37904.0,7326.497
37905.0,6294.396
37906.0,5640.058
37907.0,5147.3696
37908.0,11869.2
37909.0,5210.442
37910.0,8180.667
37911.0,17244.412
37912.0,7644.53
37913.0,7100.6743
37914.0,5025.37
37915.0,5492.891
37916.0,7942.689
37917.0,5092.6475
37918.0,6001.9395
37919.0,11167.06
37920.0,4769.704
37921.0,16437.498
37922.0,13081.249
37923.0,5006.1943
37924.0,7349.04
37925.0,6511.961
37926.0,7389.9775
37927.0,6482.7466
37928.0,11333.912
37929.0,8224.228
37930.0,9652.304
37931.0,5732.0293
37932.0,7509.3687
37933.0,4971.6597
37934.0,11063.391
37935.0,7424.235
37936.0,6688.8945
37937.0,6890.041
37938.0,5731.86
37939.0,10194.172
37940.0,11283.252
37941.0,5685.749
37942.0,11319.857
37943.0,6940.519
37944.0,10314.743
37945.0,6541.057
37946.0,6102.3423
37947.0,6076.693
37948.0,11241.253
37949.0,7037.8794
37950.0,8010.1626
37951.0,5064.6567
37952.0,9903.945
37953.0,4639.3228
37954.0,11036.579
37955.0,7617.4976
37956.0,4209.581
37957.0,16103.629
37958.0,18786.197
37959.0,8645.55
37960.0,7803.2246
37961.0,11474.417
37962.0,12351.699
37963.0,11621.772
37964.0,7125.451
37965.0,8939.559
37966.0,5719.506
37967.0,9430.322
37968.0,4393.8193
37969.0,7606.3965
37970.0,6310.7954
37971.0,6422.3154
37972.0,8750.126
37973.0,5827.6787
37974.0,5283.7637
37975.0,6826.933
37976.0,4247.752
37977.0,4874.2153
37978.0,6135.628
37979.0,7424.384
37980.0,10043.34
37981.0,8924.999
37982.0,8327.544
37983.0,6186.466
37984.0,6912.032
37985.0,12401.975
37986.0,9188.565
37987.0,6485.4126
37988.0,5307.307
37989.0,9271.546
37990.0,4375.692
37991.0,6710.596
37992.0,3591.8596
37993.0,6080.885
37994.0,9388.43
37995.0,7540.964
37996.0,5681.347
37997.0,10282.152
37998.0,10440.115
37999.0,11980.659
38000.0,6735.9844
38001.0,11083.277
38002.0,3231.4558
38003.0,5397.4253
38004.0,6803.2593
38005.0,4741.285
38006.0,9011.03
38007.0,6087.3613
38008.0,5703.881
38009.0,9875.12
38010.0,11559.711
38011.0,10033.239
38012.0,5534.9717
38013.0,6020.046
38014.0,14654.015
38015.0,7754.368
38016.0,7036.2285
38017.0,5802.596
38018.0,7738.4087
38019.0,11971.213
38020.0,5154.9414
38021.0,6910.635
38022.0,9252.315
38023.0,9281.43
38024.0,14076.229
38025.0,6191.3535
38026.0,14309.127
38027.0,7512.2773
38028.0,6157.5664
38029.0,4144.662
38030.0,6705.427
38031.0,7282.424
38032.0,6454.6855
38033.0,7689.745
38034.0,5574.747
38035.0,5006.2466
38036.0,7779.585
38037.0,4107.911
38038.0,8781.16
38039.0,7970.244
38040.0,9508.989
38041.0,8555.326
38042.0,5994.3135
38043.0,9389.495
38044.0,7310.1006
38045.0,5213.002
38046.0,6336.134
38047.0,6000.7603
38048.0,11882.929
38049.0,6826.0605
38050.0,5686.113
38051.0,7521.6694
38052.0,9192.686
38053.0,8085.9644
38054.0,7814.4785
38055.0,9099.591
38056.0,5904.3936
38057.0,5393.9355
38058.0,6846.986
38059.0,9041.359
38060.0,7847.103
38061.0,7013.494
38062.0,6207.141
38063.0,6132.7314
38064.0,4940.162
38065.0,5377.6094
38066.0,8112.9717
38067.0,10289.412
38068.0,10899.907
38069.0,11879.188
38070.0,8706.753
38071.0,7504.4927
38072.0,5081.041
38073.0,12708.642
38074.0,12122.785
38075.0,8578.581
38076.0,9502.254
38077.0,11241.092
38078.0,6567.495
38079.0,4672.36
38080.0,11556.349
38081.0,7435.8857
38082.0,7660.244
38083.0,7264.5044
38084.0,3606.0144
38085.0,12735.263
38086.0,4046.2534
38087.0,3329.4119
38088.0,4771.5107
38089.0,6712.286
38090.0,8034.656
38091.0,10822.02
38092.0,7035.497
38093.0,4862.0117
38094.0,4697.4346
38095.0,4955.7324
38096.0,3633.594
38097.0,7907.751
38098.0,16987.396
38099.0,6366.8247
38100.0,6020.9937
38101.0,7418.9116
38102.0,5627.2046
38103.0,6483.2046
38104.0,4671.6826
38105.0,5013.668
38106.0,7509.9204
38107.0,7826.1665
38108.0,4942.4717
38109.0,9735.71
38110.0,7697.891
38111.0,5752.8486
38112.0,9484.986
38113.0,9603.076
38114.0,11005.36
38115.0,7289.06
38116.0,8487.647
38117.0,4940.36
38118.0,5998.849
38119.0,15432.72
38120.0,11945.448
38121.0,6763.8745
38122.0,6788.94
38123.0,4714.1147
38124.0,6356.8125
38125.0,5206.1797
38126.0,10352.816
38127.0,6240.4624
38128.0,6985.2275
38129.0,7136.742
38130.0,5142.7417
38131.0,8105.794
38132.0,8329.577
38133.0,8023.115
38134.0,7860.684
38135.0,4744.7056
38136.0,6168.3354
38137.0,6495.999
38138.0,10261.462
38139.0,8626.58
38140.0,7277.966
38141.0,5234.2627
38142.0,8577.387
38143.0,6873.5586
38144.0,4522.045
38145.0,8062.7607
38146.0,7916.3013
38147.0,7341.6836
38148.0,6645.5244
38149.0,7320.9087
38150.0,6693.8984
38151.0,6324.6978
38152.0,7638.1816
38153.0,7289.693
38154.0,7525.078
38155.0,8663.784
38156.0,6237.225
38157.0,5732.8057
38158.0,12946.0
38159.0,7739.7817
38160.0,4314.084
38161.0,9255.881
38162.0,9433.093
38163.0,12774.543
38164.0,5717.259
38165.0,6218.65
38166.0,7215.0483
38167.0,8297.393
38168.0,6383.912
38169.0,9479.234
38170.0,3746.3086
38171.0,8152.6724
38172.0,7202.6924
38173.0,6589.356
38174.0,5700.112
38175.0,7491.2266
38176.0,10315.511
38177.0,5855.3037
38178.0,9718.982
38179.0,8294.235
38180.0,9872.936
38181.0,4505.3867
38182.0,7710.912
38183.0,8054.851
38184.0,8136.592
38185.0,8710.142
38186.0,4712.685
38187.0,7804.9663
38188.0,8151.7236
38189.0,8045.4688
38190.0,5229.098
38191.0,5159.7476
38192.0,9000.1045
38193.0,6750.089
38194.0,8960.798
38195.0,7366.1494
38196.0,6812.1226
38197.0,8562.502
38198.0,8920.276
38199.0,8317.661
38200.0,8473.112
38201.0,6840.8496
38202.0,9108.752
38203.0,11312.119
38204.0,9402.651
38205.0,5729.8755
38206.0,6950.675
38207.0,4773.6914
38208.0,4279.8467
38209.0,9752.551
38210.0,6309.9893
38211.0,10212.312
38212.0,5282.388
38213.0,8055.0205
38214.0,7161.044
38215.0,11762.008
38216.0,6120.2554
38217.0,6128.4863
38218.0,6920.225
38219.0,9088.488
38220.0,5844.0215
38221.0,8214.468
38222.0,7626.6504
38223.0,11552.812
38224.0,7713.031
38225.0,7564.4844
38226.0,6173.733
38227.0,4972.869
38228.0,5100.7563
38229.0,12134.816
38230.0,10353.962
38231.0,9863.316
38232.0,14936.135
38233.0,7502.4243
38234.0,5682.48
38235.0,7558.989
38236.0,9250.762
38237.0,9959.018
38238.0,7122.536
38239.0,8851.382
38240.0,8583.68
38241.0,8141.374
38242.0,7429.2505
38243.0,6551.728
38244.0,6050.0024
38245.0,5779.849
38246.0,4842.5537
38247.0,6334.8647
38248.0,9500.967
38249.0,18119.516
38250.0,6730.1724
38251.0,5277.2207
38252.0,9028.605
38253.0,4572.874
38254.0,6710.513
38255.0,4444.742
38256.0,10334.822
38257.0,6420.5396
38258.0,6862.154
38259.0,15457.895
38260.0,10284.968
38261.0,8233.505
38262.0,7022.3564
38263.0,3820.1702
38264.0,6465.888
38265.0,5823.3276
38266.0,9129.608
38267.0,5320.3286
38268.0,5193.6157
38269.0,8004.1904
38270.0,6239.665
38271.0,7930.0327
38272.0,8174.895
38273.0,3800.035
38274.0,7486.8125
38275.0,8903.752
38276.0,8016.2236
38277.0,5720.417
38278.0,5673.36
38279.0,9224.216
38280.0,4726.177
38281.0,10446.878
38282.0,5112.7295
38283.0,6843.023
38284.0,7510.5435
38285.0,7595.986
38286.0,5028.295
38287.0,7162.383
38288.0,8536.066
38289.0,9660.049
38290.0,11768.146
38291.0,6390.2725
38292.0,4395.6973
38293.0,6257.814
38294.0,8795.763
38295.0,5276.2495
38296.0,7597.942
38297.0,6018.611
38298.0,12495.1045
38299.0,9421.368
38300.0,6554.972
38301.0,8269.156
38302.0,6762.572
38303.0,9470.486
38304.0,6512.9673
38305.0,14281.559
38306.0,6803.0903
38307.0,5926.766
38308.0,1046.082
38309.0,5239.9775
38310.0,8806.734
38311.0,20697.424
38312.0,4963.581
38313.0,4666.908
38314.0,11969.066
38315.0,8285.276
38316.0,7606.491
38317.0,8546.192
38318.0,7231.446
38319.0,6244.0586
38320.0,5584.369
38321.0,10566.265
38322.0,6430.1733
38323.0,7950.329
38324.0,8687.276
38325.0,5085.8174
38326.0,9227.173
38327.0,6526.337
38328.0,4282.3213
38329.0,9723.841
38330.0,9671.269
38331.0,4733.007
38332.0,7736.6304
38333.0,7212.7915
38334.0,5221.592
38335.0,10179.074
38336.0,6022.7915
38337.0,7798.7305
38338.0,4991.584
38339.0,5235.631
38340.0,7602.4146
38341.0,4235.7754
38342.0,8228.778
38343.0,4924.364
38344.0,7115.705
38345.0,5823.472
38346.0,6142.7017
38347.0,6447.142
38348.0,7451.669
38349.0,7748.217
38350.0,7881.344
38351.0,6290.645
38352.0,9119.026
38353.0,7210.3154
38354.0,10529.495
38355.0,9653.878
38356.0,7474.4756
38357.0,3570.2288
38358.0,7176.6816
38359.0,8317.121
38360.0,5461.3467
38361.0,12568.395
38362.0,6919.704
38363.0,8119.242
38364.0,12439.041
38365.0,7128.6055
38366.0,5373.2515
38367.0,14052.607
38368.0,10971.049
38369.0,5810.4277
38370.0,10486.27
38371.0,11634.671
38372.0,6800.1323
38373.0,6862.409
38374.0,8005.366
38375.0,6847.1494
38376.0,6240.6587
38377.0,7672.1187
38378.0,5677.7554
38379.0,8196.693
38380.0,8121.3877
38381.0,7915.335
38382.0,9672.8
38383.0,5976.7974
38384.0,8960.575
38385.0,4548.6685
38386.0,8003.2974
38387.0,7087.23
38388.0,6310.0312
38389.0,6940.598
38390.0,8190.832
38391.0,10362.212
38392.0,6447.019
38393.0,5979.603
38394.0,6706.9683
38395.0,7086.094
38396.0,8270.867
38397.0,5366.4697
38398.0,4779.04
38399.0,9015.569
38400.0,6868.3223
38401.0,6214.89
38402.0,8661.231
38403.0,7795.495
38404.0,8396.86
38405.0,3853.5388
38406.0,4224.9604
38407.0,7665.236
38408.0,7225.5576
38409.0,8367.137
38410.0,11479.255
38411.0,10839.591
38412.0,5551.7754
38413.0,9305.317
38414.0,4122.589
38415.0,4128.3223
38416.0,8575.972
38417.0,13834.054
38418.0,9181.181
38419.0,8261.706
38420.0,5827.2617
38421.0,9180.375
38422.0,11952.446
38423.0,7393.3613
38424.0,7920.115
38425.0,5972.244
38426.0,5229.3574
38427.0,6573.5176
38428.0,5950.398
38429.0,6291.941
38430.0,5843.163
38431.0,6041.7847
38432.0,4717.025
38433.0,8190.34
38434.0,9083.99
38435.0,6274.04
38436.0,7006.126
38437.0,7248.945
38438.0,6671.449
38439.0,5896.8633
38440.0,9367.731
38441.0,8475.392
38442.0,6204.247
38443.0,4625.452
38444.0,19007.908
38445.0,7093.4243
38446.0,6905.5547
38447.0,9614.2295
38448.0,10241.857
38449.0,8354.848
38450.0,6423.8657
38451.0,8139.402
38452.0,12210.104
38453.0,15679.698
38454.0,6319.4937
38455.0,5980.795
38456.0,5128.6235
38457.0,8068.584
38458.0,6345.599
38459.0,13296.328
38460.0,10470.529
38461.0,6979.853
38462.0,4577.592
38463.0,7191.558
38464.0,10161.759
38465.0,5530.9604
38466.0,7784.974
38467.0,4522.731
38468.0,7746.8867
38469.0,9366.606
38470.0,8450.03
38471.0,10748.235
38472.0,7572.0493
38473.0,4814.9
38474.0,6599.835
38475.0,9269.9375
38476.0,8579.284
38477.0,7800.1514
38478.0,7704.296
38479.0,7644.5806
38480.0,4858.8823
38481.0,10824.797
38482.0,5173.0283
38483.0,12502.52
38484.0,4346.2236
38485.0,4958.5977
38486.0,7979.562
38487.0,6933.2207
38488.0,8362.788
38489.0,8271.277
38490.0,4737.384
38491.0,4898.8022
38492.0,8904.958
38493.0,10135.122
38494.0,10677.643
38495.0,5476.5786
38496.0,6932.3545
38497.0,7702.628
38498.0,6887.091
38499.0,6416.8047
38500.0,11722.15
38501.0,9342.962
38502.0,13097.065
38503.0,5367.98
38504.0,7120.1997
38505.0,8995.264
38506.0,9899.828
38507.0,6810.7583
38508.0,11285.469
38509.0,7574.318
38510.0,6288.719
38511.0,6022.8833
38512.0,6493.4155
38513.0,5713.0015
38514.0,7566.2017
38515.0,6432.253
38516.0,5607.1924
38517.0,9672.957
38518.0,6943.214
38519.0,21008.664
38520.0,7204.527
38521.0,5241.1675
38522.0,10082.2295
38523.0,15536.703
38524.0,7722.3794
38525.0,9473.667
38526.0,6958.96
38527.0,10575.117
38528.0,11191.082
38529.0,7834.89
38530.0,7603.677
38531.0,9294.017
38532.0,10479.211
38533.0,9153.996
38534.0,10366.255
38535.0,9061.906
38536.0,6567.163
38537.0,9844.52
38538.0,12276.909
38539.0,15227.926
38540.0,15346.548
38541.0,12265.112
38542.0,6911.709
38543.0,8302.403
38544.0,5868.2417
38545.0,10546.26
38546.0,13942.15
38547.0,12465.098
38548.0,9619.852
38549.0,7567.746
38550.0,6364.3896
38551.0,8427.566
38552.0,14163.857
38553.0,9146.168
38554.0,7213.734
38555.0,7769.285
38556.0,10742.619
38557.0,4830.089
38558.0,10711.169
38559.0,6412.051
38560.0,8850.487
38561.0,9854.844
38562.0,7532.2876
38563.0,9727.385
38564.0,9938.835
38565.0,6211.1333
38566.0,8877.024
38567.0,9876.863
38568.0,13679.835
38569.0,7246.3867
38570.0,11369.283
38571.0,10105.104
38572.0,11901.257
38573.0,9461.811
38574.0,15800.739
38575.0,7763.567
38576.0,6761.1074
38577.0,9390.203
38578.0,9126.466
38579.0,13122.285
38580.0,6836.199
38581.0,7675.3394
38582.0,9984.878
38583.0,8490.991
38584.0,12182.732
38585.0,4891.14
38586.0,18459.648
38587.0,7771.3086
38588.0,8674.376
38589.0,12290.077
38590.0,7947.8647
38591.0,9736.62
38592.0,8049.0376
38593.0,10664.319
38594.0,7056.6133
38595.0,8149.228
38596.0,10395.968
38597.0,9681.799
38598.0,11511.203
38599.0,7640.579
38600.0,9343.995
38601.0,15305.299
38602.0,8637.259
38603.0,7290.3535
38604.0,9070.155
38605.0,7347.05
38606.0,7953.09
38607.0,8916.661
38608.0,5060.311
38609.0,12633.558
38610.0,9237.237
38611.0,9506.088
38612.0,13021.164
38613.0,5107.6553
38614.0,8368.07
38615.0,7951.33
38616.0,10800.191
38617.0,11952.309
38618.0,6577.4
38619.0,6186.973
38620.0,9471.706
38621.0,7661.3257
38622.0,8932.894
38623.0,11437.127
38624.0,10014.023
38625.0,9220.557
38626.0,7842.8003
38627.0,6115.791
38628.0,9934.75
38629.0,10708.391
38630.0,11550.035
38631.0,11459.751
38632.0,11823.61
38633.0,8351.844
38634.0,11383.442
38635.0,8593.034
38636.0,10904.961
38637.0,13142.764
38638.0,9451.312
38639.0,12864.936
38640.0,9301.848
38641.0,11764.487
38642.0,8825.813
38643.0,8674.773
38644.0,11374.934
38645.0,8606.807
38646.0,5745.484
38647.0,7955.851
38648.0,11321.844
38649.0,10195.242
38650.0,6512.4453
38651.0,12443.087
38652.0,9155.839
38653.0,8100.029
38654.0,7296.12
38655.0,7808.7935
38656.0,11054.995
38657.0,9145.183
38658.0,10272.958
38659.0,7683.7847
38660.0,7801.2524
38661.0,9571.318
38662.0,5470.34
38663.0,9288.035
38664.0,7415.2544
38665.0,10472.297
38666.0,9503.478
38667.0,7316.127
38668.0,14100.832
38669.0,7851.4077
38670.0,6181.7056
38671.0,14548.069
38672.0,9072.051
38673.0,12739.028
38674.0,9577.327
38675.0,7126.5933
38676.0,8298.025
38677.0,7899.7827
38678.0,10618.961
38679.0,17330.146
38680.0,9385.206
38681.0,4599.064
38682.0,6753.747
38683.0,12519.2
38684.0,12956.19
38685.0,10043.475
38686.0,11064.488
38687.0,6012.9873
38688.0,7453.787
38689.0,4028.576
38690.0,6578.09
38691.0,9238.911
38692.0,9382.495
38693.0,8955.919
38694.0,7800.0693
38695.0,9898.27
38696.0,10440.503
38697.0,11079.04
38698.0,7098.3384
38699.0,12224.3545
38700.0,17119.268
38701.0,9151.142
38702.0,11804.106
38703.0,7284.3413
38704.0,9177.075
38705.0,6340.88
38706.0,10960.977
38707.0,8229.783
38708.0,11488.346
38709.0,8523.943
38710.0,11935.632
38711.0,10964.72
38712.0,7404.243
38713.0,13486.7705
38714.0,25091.479
38715.0,15950.955
38716.0,9659.45
38717.0,3830.6323
38718.0,7878.661
38719.0,15013.672
38720.0,6282.1963
38721.0,12275.1875
38722.0,18770.08
38723.0,5101.637
38724.0,7650.876
38725.0,11206.633
38726.0,6828.5874
38727.0,13520.075
38728.0,9114.713
38729.0,10996.033
38730.0,3695.2588
38731.0,9065.943
38732.0,9277.208
38733.0,10772.106
38734.0,13357.287
38735.0,8265.45
38736.0,7164.371
38737.0,9485.999
38738.0,7558.5776
38739.0,6362.0044
38740.0,10374.207
38741.0,8932.817
38742.0,9180.156
38743.0,9545.246
38744.0,8479.313
38745.0,8703.357
38746.0,9032.74
38747.0,9762.183
38748.0,11913.977
38749.0,10521.333
38750.0,8707.517
38751.0,7787.046
38752.0,5428.357
38753.0,9344.593
38754.0,9611.094
38755.0,8160.4517
38756.0,5478.0
38757.0,11296.518
38758.0,10803.725
38759.0,13079.988
38760.0,9531.945
38761.0,8227.625
38762.0,7363.775
38763.0,6381.5195
38764.0,14115.781
38765.0,6461.3936
38766.0,9701.387
38767.0,20323.133
38768.0,10110.29
38769.0,8074.897
38770.0,7194.1445
38771.0,6219.4326
38772.0,9488.379
38773.0,5394.363
38774.0,7050.7397
38775.0,13805.504
38776.0,7676.2983
38777.0,19662.219
38778.0,14612.564
38779.0,6841.718
38780.0,9234.516
38781.0,7581.784
38782.0,9388.671
38783.0,7593.204
38784.0,15171.303
38785.0,11258.635
38786.0,12412.305
38787.0,6683.888
38788.0,9306.275
38789.0,6271.288
38790.0,13632.855
38791.0,8898.751
38792.0,9386.604
38793.0,8337.319
38794.0,5618.907
38795.0,14002.317
38796.0,12521.267
38797.0,7606.3677
38798.0,14670.544
38799.0,8819.788
38800.0,13391.256
38801.0,7008.0176
38802.0,7545.1514
38803.0,8101.8677
38804.0,14428.668
38805.0,9297.386
38806.0,10271.782
38807.0,6813.8574
38808.0,12523.38
38809.0,5611.2803
38810.0,11155.616
38811.0,9575.839
38812.0,5301.18
38813.0,21165.63
38814.0,23170.232
38815.0,10812.312
38816.0,10511.344
38817.0,14030.671
38818.0,15124.695
38819.0,13667.186
38820.0,9036.765
38821.0,10999.306
38822.0,7479.903
38823.0,11595.256
38824.0,5320.323
38825.0,8978.207
38826.0,7756.047
38827.0,8367.632
38828.0,9909.048
38829.0,7240.2383
38830.0,7055.5967
38831.0,8749.959
38832.0,5441.099
38833.0,6460.346
38834.0,7340.4443
38835.0,9992.947
38836.0,13587.825
38837.0,11141.018
38838.0,11141.41
38839.0,7808.131
38840.0,9032.99
38841.0,14116.683
38842.0,10758.984
38843.0,7987.58
38844.0,6433.836
38845.0,12187.091
38846.0,5590.8823
38847.0,9134.068
38848.0,5193.378
38849.0,7062.579
38850.0,12594.842
38851.0,10120.951
38852.0,8157.7827
38853.0,13044.5205
38854.0,13288.304
38855.0,13990.37
38856.0,8370.481
38857.0,12214.39
38858.0,4156.8174
38859.0,6585.134
38860.0,7563.496
38861.0,5455.427
38862.0,9437.674
38863.0,7393.996
38864.0,6917.9883
38865.0,11898.941
38866.0,14138.875
38867.0,10441.439
38868.0,6287.8853
38869.0,6631.626
38870.0,17003.963
38871.0,8690.665
38872.0,8100.3223
38873.0,6995.2485
38874.0,8712.958
38875.0,12858.274
38876.0,6561.972
38877.0,8723.901
38878.0,11727.652
38879.0,10872.527
38880.0,18917.592
38881.0,7899.8887
38882.0,16010.351
38883.0,10021.973
38884.0,7749.015
38885.0,5116.93
38886.0,7781.485
38887.0,9174.336
38888.0,9215.168
38889.0,9716.258
38890.0,6810.8164
38891.0,6356.188
38892.0,8963.251
38893.0,5502.855
38894.0,9401.378
38895.0,9362.488
38896.0,11850.106
38897.0,12335.2295
38898.0,7977.568
38899.0,11859.876
38900.0,7983.711
38901.0,6946.3535
38902.0,7271.242
38903.0,7713.237
38904.0,14263.128
38905.0,8725.399
38906.0,6456.8594
38907.0,9968.92
38908.0,12367.083
38909.0,10768.983
38910.0,9708.199
38911.0,11592.248
38912.0,7251.2266
38913.0,5755.203
38914.0,8029.73
38915.0,11257.357
38916.0,9637.714
38917.0,9041.954
38918.0,8692.382
38919.0,7995.294
38920.0,5874.755
38921.0,6744.0073
38922.0,9945.425
38923.0,13592.945
38924.0,13606.474
38925.0,16566.885
38926.0,11331.523
38927.0,9885.081
38928.0,6123.794
38929.0,14306.397
38930.0,15490.806
38931.0,11316.316
38932.0,11363.114
38933.0,13071.857
38934.0,7600.399
38935.0,6042.9775
38936.0,12779.966
38937.0,9592.009
38938.0,10401.74
38939.0,8653.94
38940.0,4861.395
38941.0,15098.854
38942.0,5129.4746
38943.0,4693.8735
38944.0,5825.061
38945.0,8827.018
38946.0,8866.193
38947.0,13760.612
38948.0,8259.185
38949.0,5795.9697
38950.0,6233.6807
38951.0,6690.9365
38952.0,4407.9033
38953.0,9978.338
38954.0,20115.432
38955.0,7393.707
38956.0,7554.498
38957.0,9075.417
38958.0,6641.5767
38959.0,7476.08
38960.0,6125.8037
38961.0,6335.445
38962.0,10052.416
38963.0,10741.021
38964.0,5346.064
38965.0,12294.509
38966.0,10017.252
38967.0,6542.38
38968.0,12227.456
38969.0,12686.298
38970.0,12525.805
38971.0,8845.424
38972.0,9955.808
38973.0,5893.242
38974.0,7560.943
38975.0,17789.363
38976.0,12619.66
38977.0,8988.814
38978.0,8630.177
38979.0,5761.4976
38980.0,7417.518
38981.0,5932.6655
38982.0,13476.574
38983.0,6094.298
38984.0,7438.198
38985.0,9724.286
38986.0,6414.565
38987.0,8319.739
38988.0,9333.014
38989.0,10615.619
38990.0,9642.918
38991.0,6777.4233
38992.0,7497.81
38993.0,8526.099
38994.0,13137.588
38995.0,11157.894
38996.0,9467.28
38997.0,6694.9136
38998.0,9835.369
38999.0,7381.1294
39000.0,6304.5024
39001.0,9634.507
39002.0,9738.784
39003.0,8729.445
39004.0,8585.457
39005.0,9343.452
39006.0,9080.431
39007.0,7255.101
39008.0,9464.581
39009.0,8464.6875
39010.0,9585.013
39011.0,11796.07
39012.0,7453.0337
39013.0,6819.0586
39014.0,16705.43
39015.0,8383.161
39016.0,4383.161
39017.0,10701.938
39018.0,12012.123
39019.0,14736.523
39020.0,6984.015
39021.0,8368.126
39022.0,8068.1304
39023.0,9151.91
39024.0,8220.871
39025.0,12649.376
39026.0,4409.2324
39027.0,11708.832
39028.0,9057.577
39029.0,8128.052
39030.0,6885.0547
39031.0,9376.018
39032.0,13148.882
39033.0,7268.1636
39034.0,10594.207
39035.0,10686.781
39036.0,12847.512
39037.0,5700.846
39038.0,9681.042
39039.0,9497.985
39040.0,10494.454
39041.0,11424.665
39042.0,6044.2344
39043.0,8605.23
39044.0,11343.482
39045.0,10117.573
39046.0,6154.2666
39047.0,5524.797
39048.0,11569.98
39049.0,8506.831
39050.0,11807.2705
39051.0,9200.896
39052.0,6386.7563
39053.0,11614.26
39054.0,10690.6045
39055.0,11838.957
39056.0,10023.895
39057.0,8260.453
39058.0,10699.091
39059.0,13914.096
39060.0,10481.051
39061.0,7398.666
39062.0,8809.103
39063.0,6043.969
39064.0,4681.7153
39065.0,11740.725
39066.0,7896.5737
39067.0,12545.628
39068.0,6420.3433
39069.0,10990.371
39070.0,9078.109
39071.0,15088.59
39072.0,7870.985
39073.0,8090.2075
39074.0,9203.977
39075.0,10773.37
39076.0,8862.203
39077.0,10060.789
39078.0,9242.313
39079.0,13211.307
39080.0,9746.022
39081.0,9773.241
39082.0,8212.657
39083.0,6302.7227
39084.0,6465.012
39085.0,15093.455
39086.0,13477.499
39087.0,13161.215
39088.0,16484.154
39089.0,8619.951
39090.0,7384.4673
39091.0,9989.859
39092.0,12475.325
39093.0,13207.641
39094.0,9953.9375
39095.0,11670.012
39096.0,12252.298
39097.0,8837.092
39098.0,9634.185
39099.0,8420.2705
39100.0,7605.113
39101.0,8122.7817
39102.0,5875.035
39103.0,8868.494
39104.0,12263.439
39105.0,22533.018
39106.0,9097.881
39107.0,8225.153
39108.0,11500.449
39109.0,6198.5625
39110.0,8396.845
39111.0,4712.6533
39112.0,12849.325
39113.0,8752.163
39114.0,9359.311
39115.0,20365.566
39116.0,11557.661
39117.0,10734.784
39118.0,9990.526
39119.0,4922.7437
39120.0,7264.019
39121.0,7801.7583
39122.0,11539.509
39123.0,7092.166
39124.0,6343.5776
39125.0,8667.743
39126.0,7402.16
39127.0,9784.676
39128.0,11197.21
39129.0,4323.815
39130.0,9217.4795
39131.0,11922.173
39132.0,11158.233
39133.0,8006.382
39134.0,6917.4204
39135.0,11154.86
39136.0,6090.5786
39137.0,13274.851
39138.0,6429.8545
39139.0,9536.929
39140.0,9872.766
39141.0,8861.595
39142.0,6353.6846
39143.0,10020.836
39144.0,10945.756
39145.0,11303.911
39146.0,13744.349
39147.0,8643.777
39148.0,5575.6514
39149.0,7272.248
39150.0,10686.2
39151.0,7033.7393
39152.0,9787.961
39153.0,7942.6284
39154.0,16516.494
39155.0,12785.83
39156.0,7934.6855
39157.0,10317.163
39158.0,7210.5215
39159.0,11994.962
39160.0,8116.3154
39161.0,15474.327
39162.0,8454.973
39163.0,8260.248
39164.0,1658.4956
39165.0,6895.537
39166.0,10454.015
39167.0,20287.133
39168.0,6228.112
39169.0,6334.46
39170.0,13685.264
39171.0,10474.265
39172.0,9311.31
39173.0,10603.648
39174.0,9028.278
39175.0,7743.4736
39176.0,6848.5796
39177.0,12594.41
39178.0,8118.096
39179.0,9753.322
39180.0,8909.069
39181.0,6598.702
39182.0,10550.012
39183.0,8396.797
39184.0,4931.645
39185.0,11747.624
39186.0,11265.574
39187.0,4955.978
39188.0,10240.998
39189.0,9337.839
39190.0,6734.918
39191.0,12930.858
39192.0,8240.528
39193.0,10500.061
39194.0,6429.456
39195.0,7269.9106
39196.0,8925.833
39197.0,6182.242
39198.0,10255.924
39199.0,6336.188
39200.0,8041.5713
39201.0,6596.896
39202.0,8694.321
39203.0,7418.1265
39204.0,8712.634
39205.0,10595.945
39206.0,9743.885
39207.0,8506.377
39208.0,11869.812
39209.0,8616.622
39210.0,12319.334
39211.0,12175.914
39212.0,9114.365
39213.0,4320.1045
39214.0,7846.3696
39215.0,10843.687
39216.0,5542.3677
39217.0,14869.488
39218.0,9058.752
39219.0,9771.992
39220.0,14867.673
39221.0,7786.051
39222.0,6648.9165
39223.0,15768.207
39224.0,13975.7
39225.0,7308.8105
39226.0,12923.584
39227.0,13790.331
39228.0,7866.902
39229.0,7883.637
39230.0,10058.486
39231.0,8328.728
39232.0,6868.945
39233.0,9915.836
39234.0,6779.2856
39235.0,7530.578
39236.0,10477.053
39237.0,10150.581
39238.0,14027.259
39239.0,7286.572
39240.0,10670.18
39241.0,5794.847
39242.0,9764.129
39243.0,9670.816
39244.0,7995.8506
39245.0,8253.838
39246.0,9688.968
39247.0,12415.17
39248.0,8554.412
39249.0,6912.5005
39250.0,8537.45
39251.0,9120.009
39252.0,9743.337
39253.0,6796.527
39254.0,5745.7637
39255.0,10570.659
39256.0,6980.945
39257.0,8288.7705
39258.0,11276.937
39259.0,9057.871
39260.0,10504.338
39261.0,5065.2124
39262.0,5300.862
39263.0,9447.526
39264.0,9547.74
39265.0,10388.355
39266.0,13600.194
39267.0,13274.547
39268.0,6449.516
39269.0,11394.305
39270.0,5438.0015
39271.0,5147.502
39272.0,11135.2705
39273.0,15429.041
39274.0,11112.131
39275.0,10576.529
39276.0,8317.685
39277.0,11800.1
39278.0,15253.537
39279.0,8877.016
39280.0,10796.309
39281.0,7255.8896
39282.0,6391.6987
39283.0,7676.855
39284.0,7129.1357
39285.0,7297.4146
39286.0,7290.993
39287.0,8298.991
39288.0,6026.13
39289.0,9114.514
39290.0,11017.344
39291.0,7684.9575
39292.0,8755.527
39293.0,9515.912
39294.0,7861.854
39295.0,6538.412
39296.0,11820.16
39297.0,10256.628
39298.0,8638.223
39299.0,6174.481
39300.0,22799.1
39301.0,9330.264
39302.0,8514.128
39303.0,12339.101
39304.0,12141.589
39305.0,10956.88
39306.0,8503.399
39307.0,9708.875
39308.0,13682.575
39309.0,20866.05
39310.0,8232.201
39311.0,7414.321
39312.0,7016.291
39313.0,9904.153
39314.0,8304.898
39315.0,14717.239
39316.0,12637.956
39317.0,7610.671
39318.0,6220.59
39319.0,8734.45
39320.0,12300.878
39321.0,7336.9375
39322.0,9934.077
39323.0,5328.9424
39324.0,10128.58
39325.0,10496.1455
39326.0,10865.168
39327.0,13829.95
39328.0,9352.867
39329.0,6133.34
39330.0,8590.412
39331.0,9757.677
39332.0,10414.923
39333.0,10463.052
39334.0,10552.991
39335.0,9569.493
39336.0,6539.4478
39337.0,13012.015
39338.0,5873.2646
39339.0,13944.025
39340.0,6420.9253
39341.0,6469.4043
39342.0,10128.869
39343.0,8219.437
39344.0,9483.919
39345.0,9871.806
39346.0,6020.9995
39347.0,6439.9634
39348.0,11574.097
39349.0,12254.296
39350.0,13347.342
39351.0,6471.54
39352.0,7907.555
39353.0,10154.483
39354.0,8784.436
39355.0,7655.234
39356.0,14517.825
39357.0,12766.784
39358.0,14534.3955
39359.0,5575.8267
39360.0,8603.557
39361.0,10033.163
39362.0,12730.794
39363.0,8477.179
39364.0,15707.567
39365.0,7980.3384
39366.0,7463.512
39367.0,7708.758
39368.0,5184.84
39369.0,7122.781
39370.0,9477.317
39371.0,7768.915
39372.0,7621.2183
39373.0,14288.671
39374.0,8891.633
39375.0,24870.008
39376.0,8595.953
39377.0,5157.184
39378.0,5036.0034
39379.0,5084.454
39380.0,2551.3943
39381.0,3893.8196
39382.0,3939.336
39383.0,5010.3027
39384.0,3202.394
39385.0,3415.4045
39386.0,2853.382
39387.0,3748.4749
39388.0,3209.8875
39389.0,2132.543
39390.0,3868.791
39391.0,3510.1074
39392.0,2553.5823
39393.0,4242.3706
39394.0,5209.6914
39395.0,7612.9727
39396.0,6568.0903
39397.0,4382.0073
39398.0,3036.341
39399.0,3416.796
39400.0,2348.9858
39401.0,5421.971
39402.0,6439.251
39403.0,6398.4575
39404.0,5755.022
39405.0,2812.2249
39406.0,3889.6987
39407.0,3437.3564
39408.0,5571.515
39409.0,3414.4956
39410.0,4043.005
39411.0,3942.1553
39412.0,5232.935
39413.0,2885.6821
39414.0,6107.886
39415.0,4166.3726
39416.0,4480.354
39417.0,3798.1938
39418.0,2480.274
39419.0,5062.778
39420.0,4291.207
39421.0,4239.155
39422.0,2924.0063
39423.0,4459.2104
39424.0,8500.942
39425.0,4754.088
39426.0,4344.437
39427.0,5931.4434
39428.0,4560.8115
39429.0,3460.9478
39430.0,7601.7114
39431.0,2266.8777
39432.0,1992.2178
39433.0,3849.2551
39434.0,1949.3892
39435.0,7856.2544
39436.0,4636.903
39437.0,3056.181
39438.0,5942.1455
39439.0,6380.868
39440.0,6289.9727
39441.0,2323.2441
39442.0,7250.791
39443.0,3386.9724
39444.0,4109.804
39445.0,6899.1025
39446.0,3136.761
39447.0,4140.659
39448.0,3855.8884
39449.0,5607.9414
39450.0,4934.2847
39451.0,3714.9382
39452.0,10519.527
39453.0,3729.5283
39454.0,4889.4517
39455.0,1874.0763
39456.0,6199.5205
39457.0,6924.801
39458.0,3280.9946
39459.0,2645.851
39460.0,4261.9736
39461.0,5105.658
39462.0,5569.507
39463.0,5893.9336
39464.0,2336.6853
39465.0,4725.938
39466.0,3562.2546
39467.0,3539.546
39468.0,4368.5146
39469.0,2752.6167
39470.0,3738.8433
39471.0,3736.2263
39472.0,4686.3486
39473.0,5224.1523
39474.0,3063.084
39475.0,2919.6816
39476.0,3828.2578
39477.0,4621.8623
39478.0,3886.6611
39479.0,4399.54
39480.0,3393.159
39481.0,4895.2617
39482.0,2528.5818
39483.0,3092.994
39484.0,5085.5454
39485.0,6852.1143
39486.0,4728.0796
39487.0,5266.46
39488.0,5083.809
39489.0,3423.896
39490.0,5914.771
39491.0,2662.406
39492.0,5376.189
39493.0,8931.77
39494.0,5456.8213
39495.0,4785.2896
39496.0,7049.657
39497.0,6052.5015
39498.0,4960.552
39499.0,4233.9536
39500.0,5107.334
39501.0,3213.7297
39502.0,2680.2507
39503.0,4681.559
39504.0,4671.068
39505.0,4180.932
39506.0,2281.2886
39507.0,4135.8984
39508.0,4794.066
39509.0,7289.7417
39510.0,4276.5493
39511.0,2312.8804
39512.0,4229.445
39513.0,6261.444
39514.0,3444.9097
39515.0,4085.0435
39516.0,2424.0369
39517.0,3357.265
39518.0,3705.1597
39519.0,4042.299
39520.0,3550.9836
39521.0,5231.5825
39522.0,5123.6265
39523.0,5502.792
39524.0,7586.045
39525.0,3206.634
39526.0,5077.3203
39527.0,7929.556
39528.0,4264.9995
39529.0,5520.056
39530.0,6218.715
39531.0,5831.738
39532.0,3970.4336
39533.0,4492.0107
39534.0,3107.8982
39535.0,6220.2217
39536.0,3629.43
39537.0,3019.0513
39538.0,2674.0776
39539.0,4166.7026
39540.0,7870.557
39541.0,4245.322
39542.0,4522.55
39543.0,2820.9146
39544.0,1587.128
39545.0,1815.4531
39546.0,2928.3513
39547.0,5062.107
39548.0,3941.9824
39549.0,3898.551
39550.0,3056.5396
39551.0,4387.972
39552.0,5428.7866
39553.0,4338.2705
39554.0,3394.875
39555.0,5581.776
39556.0,6536.8906
39557.0,3591.582
39558.0,4468.139
39559.0,3167.7617
39560.0,4180.027
39561.0,2647.0833
39562.0,4055.7363
39563.0,4273.678
39564.0,5777.319
39565.0,4884.301
39566.0,6785.755
39567.0,4759.1694
39568.0,4200.9565
39569.0,6008.888
39570.0,12450.768
39571.0,7686.5044
39572.0,2920.5828
39573.0,2955.7375
39574.0,3840.4966
39575.0,4976.618
39576.0,4091.7358
39577.0,17693.055
39578.0,28526.154
39579.0,3078.317
39580.0,1761.3214
39581.0,9451.23
39582.0,2948.9287
39583.0,4803.2207
39584.0,4032.0552
39585.0,3336.515
39586.0,6861.9053
39587.0,4069.3735
39588.0,3438.0483
39589.0,3968.3093
39590.0,5145.46
39591.0,5796.141
39592.0,3808.0798
39593.0,4285.5537
39594.0,3705.2976
39595.0,4395.496
39596.0,7331.5513
39597.0,3279.7273
39598.0,5045.7935
39599.0,3752.7898
39600.0,3308.525
39601.0,4329.3
39602.0,2928.3877
39603.0,4455.724
39604.0,9473.793
39605.0,5766.4346
39606.0,7387.708
39607.0,2543.4202
39608.0,3613.149
39609.0,5292.5605
39610.0,4446.4214
39611.0,4332.8115
39612.0,2288.01
39613.0,4632.7866
39614.0,4256.5054
39615.0,2972.0142
39616.0,2946.4175
39617.0,3985.042
39618.0,2614.8757
39619.0,1524.474
39620.0,7545.993
39621.0,4474.7246
39622.0,4171.5386
39623.0,10683.011
39624.0,5674.415
39625.0,2958.1538
39626.0,3419.8645
39627.0,2384.6455
39628.0,3182.006
39629.0,2454.735
39630.0,2067.027
39631.0,5765.1753
39632.0,3060.0378
39633.0,9227.542
39634.0,8357.598
39635.0,3583.56
39636.0,3973.2107
39637.0,2714.2312
39638.0,3286.1226
39639.0,4590.9814
39640.0,11469.034
39641.0,5854.929
39642.0,4680.8135
39643.0,2784.7327
39644.0,3678.9492
39645.0,4097.0396
39646.0,17571.521
39647.0,5383.3115
39648.0,5368.1743
39649.0,3877.2627
39650.0,8452.215
39651.0,5228.649
39652.0,3681.5964
39653.0,4938.141
39654.0,7951.459
39655.0,4183.537
39656.0,7161.1123
39657.0,3675.0068
39658.0,4612.5034
39659.0,2114.2869
39660.0,5726.903
39661.0,3958.3699
39662.0,6289.583
39663.0,4078.1482
39664.0,5287.6714
39665.0,3405.4297
39666.0,6328.3784
39667.0,2884.723
39668.0,2324.225
39669.0,8763.698
39670.0,13847.319
39671.0,5537.7495
39672.0,4057.408
39673.0,5323.45
39674.0,5866.9653
39675.0,3782.9924
39676.0,2465.1672
39677.0,3727.878
39678.0,3227.5955
39679.0,6610.6274
39680.0,2238.0867
39681.0,3765.775
39682.0,3714.1091
39683.0,3997.046
39684.0,3835.1477
39685.0,1997.0671
39686.0,2603.7122
39687.0,5034.8027
39688.0,2710.465
39689.0,3758.4683
39690.0,3656.7107
39691.0,4296.5396
39692.0,6293.6157
39693.0,6167.9883
39694.0,2562.1736
39695.0,4711.238
39696.0,3673.8572
39697.0,3933.4182
39698.0,3485.2366
39699.0,2459.6946
39700.0,4129.9336
39701.0,8959.986
39702.0,2438.9321
39703.0,4017.3547
39704.0,1630.6779
39705.0,2772.953
39706.0,5838.2104
39707.0,4039.4622
39708.0,4955.5293
39709.0,5153.142
39710.0,5567.8813
39711.0,5570.075
39712.0,1699.1014
39713.0,12161.882
39714.0,1524.3387
39715.0,3191.1592
39716.0,5881.219
39717.0,4131.013
39718.0,8147.301
39719.0,2360.911
39720.0,2756.0078
39721.0,2498.5713
39722.0,5714.255
39723.0,7195.668
39724.0,4222.865
39725.0,1607.2328
39726.0,7247.306
39727.0,4679.8135
39728.0,3934.071
39729.0,5753.0464
39730.0,7381.6646
39731.0,5310.508
39732.0,3864.2986
39733.0,3146.4084
39734.0,4546.456
39735.0,2811.577
39736.0,11003.492
39737.0,3601.1125
39738.0,9909.321
39739.0,5541.02
39740.0,2343.5305
39741.0,1720.8346
39742.0,5722.1416
39743.0,4827.0537
39744.0,3625.098
39745.0,5839.742
39746.0,3698.9407
39747.0,2061.4788
39748.0,5064.01
39749.0,1737.7865
39750.0,7531.713
39751.0,3830.731
39752.0,5136.7803
39753.0,4396.213
39754.0,3640.717
39755.0,4666.058
39756.0,5414.219
39757.0,3533.261
39758.0,5119.313
39759.0,2246.4966
39760.0,9370.431
39761.0,4288.2646
39762.0,3061.159
39763.0,3233.9292
39764.0,4409.043
39765.0,3400.145
39766.0,3627.5088
39767.0,3499.0547
39768.0,4814.234
39769.0,6979.154
39770.0,3673.6748
39771.0,6331.0894
39772.0,3130.6086
39773.0,3921.1152
39774.0,3681.3015
39775.0,4195.7944
39776.0,2211.2957
39777.0,5901.2354
39778.0,3833.2568
39779.0,2030.7639
39780.0,6506.162
39781.0,9632.559
39782.0,3479.7217
39783.0,6597.808
39784.0,2271.0632
39785.0,4843.88
39786.0,4353.6216
39787.0,6084.627
39788.0,4374.8867
39789.0,3894.258
39790.0,4310.6577
39791.0,2470.6887
39792.0,9054.062
39793.0,3814.7043
39794.0,3302.59
39795.0,3965.876
39796.0,1368.5573
39797.0,5733.314
39798.0,3058.2021
39799.0,2297.324
39800.0,2126.887
39801.0,5090.7725
39802.0,2484.6472
39803.0,4125.504
39804.0,8567.003
39805.0,2375.6506
39806.0,3399.3342
39807.0,2791.0442
39808.0,2452.8154
39809.0,6986.187
39810.0,23050.705
39811.0,3695.8088
39812.0,3681.1294
39813.0,4709.0317
39814.0,3073.3228
39815.0,2824.5945
39816.0,3810.7327
39817.0,2787.287
39818.0,7793.8447
39819.0,3916.6182
39820.0,2612.7324
39821.0,5654.7314
39822.0,2792.3425
39823.0,2535.9624
39824.0,6360.6816
39825.0,7465.214
39826.0,8019.252
39827.0,2353.5295
39828.0,4935.9844
39829.0,4139.707
39830.0,2788.7354
39831.0,15968.506
39832.0,9088.661
39833.0,3571.823
39834.0,2555.6685
39835.0,4169.5654
39836.0,3077.2188
39837.0,2648.912
39838.0,4307.0815
39839.0,4813.4624
39840.0,4264.8613
39841.0,4289.7256
39842.0,4278.136
39843.0,4011.4998
39844.0,6041.0815
39845.0,5687.9893
39846.0,6074.0967
39847.0,2801.3706
39848.0,5617.728
39849.0,3000.414
39850.0,9019.844
39851.0,3046.4614
39852.0,4197.0674
39853.0,3028.5505
39854.0,6197.7705
39855.0,4675.713
39856.0,3092.6428
39857.0,4617.7773
39858.0,2275.1838
39859.0,4126.48
39860.0,3840.328
39861.0,2994.0662
39862.0,3285.8591
39863.0,3765.7175
39864.0,7429.8667
39865.0,7607.485
39866.0,4655.5034
39867.0,5282.4434
39868.0,6127.3813
39869.0,3125.971
39870.0,7528.4883
39871.0,3097.7188
39872.0,2748.422
39873.0,5577.1562
39874.0,9514.1875
39875.0,9458.489
39876.0,3832.372
39877.0,3104.9348
39878.0,5902.62
39879.0,6159.9805
39880.0,2061.1897
39881.0,7114.185
39882.0,3404.4714
39883.0,4532.5693
39884.0,2916.835
39885.0,3730.7595
39886.0,2384.4727
39887.0,3309.9895
39888.0,6404.875
39889.0,2666.1604
39890.0,5170.1377
39891.0,6326.6826
39892.0,3940.535
39893.0,5683.7373
39894.0,4735.884
39895.0,3409.0603
39896.0,7396.084
39897.0,5653.529
39898.0,1822.9956
39899.0,12267.486
39900.0,6591.5117
39901.0,6001.5103
39902.0,4731.4766
39903.0,2114.3635
39904.0,7423.2295
39905.0,2258.8408
39906.0,5718.8403
39907.0,5457.212
39908.0,3856.282
39909.0,5472.5996
39910.0,4058.9644
39911.0,3672.2312
39912.0,6613.2383
39913.0,2601.4827
39914.0,4276.455
39915.0,8976.974
39916.0,6766.8687
39917.0,2274.3994
39918.0,4731.8965
39919.0,3877.936
39920.0,2292.344
39921.0,5027.1484
39922.0,5292.9497
39923.0,2625.913
39924.0,4658.2397
39925.0,6502.477
39926.0,5403.9365
39927.0,8876.932
39928.0,4835.7915
39929.0,5105.069
39930.0,3124.7695
39931.0,5429.968
39932.0,4602.1357
39933.0,5310.477
39934.0,6022.6763
39935.0,8686.009
39936.0,5934.731
39937.0,3833.9443
39938.0,2971.2332
39939.0,2496.2422
39940.0,7012.939
39941.0,3945.8423
39942.0,7933.5884
39943.0,5722.311
39944.0,16144.134
39945.0,2890.872
39946.0,3312.9653
39947.0,4855.4585
39948.0,3383.8528
39949.0,5284.7114
39950.0,5875.3936
39951.0,6699.5645
39952.0,4654.5044
39953.0,6306.2344
39954.0,4799.4604
39955.0,5522.168
39956.0,2289.6707
39957.0,5172.4907
39958.0,3502.3943
39959.0,3265.8184
39960.0,3607.5972
39961.0,15740.875
39962.0,3423.847
39963.0,2398.7886
39964.0,4491.4795
39965.0,3050.2827
39966.0,3151.0312
39967.0,1814.9457
39968.0,3002.659
39969.0,4177.44
39970.0,3665.0151
39971.0,6101.4463
39972.0,12184.777
39973.0,4317.7563
39974.0,5747.1777
39975.0,3220.9978
39976.0,3784.3928
39977.0,2542.0789
39978.0,4599.4062
39979.0,3204.6526
39980.0,4152.3706
39981.0,5146.2847
39982.0,4374.3022
39983.0,3309.5603
39984.0,6054.4243
39985.0,1408.9814
39986.0,3702.5452
39987.0,6289.8647
39988.0,4970.9863
39989.0,4192.058
39990.0,3527.3843
39991.0,2231.0894
39992.0,4574.4316
39993.0,6283.5986
39994.0,3466.8958
39995.0,3377.2866
39996.0,4238.6895
39997.0,4032.7976
39998.0,4720.3735
39999.0,4328.78
40000.0,5512.022
40001.0,8234.463
40002.0,7367.0063
40003.0,2674.3135
40004.0,3520.1907
40005.0,4233.5093
40006.0,7377.7793
40007.0,2649.3696
40008.0,4295.171
40009.0,2480.733
40010.0,7240.3623
40011.0,3820.017
40012.0,2114.3372
40013.0,6323.425
40014.0,5115.032
40015.0,3630.3096
40016.0,5291.995
40017.0,8155.3164
40018.0,6354.715
40019.0,2961.9407
40020.0,3986.7683
40021.0,1658.0795
40022.0,4269.3184
40023.0,10538.1045
40024.0,2183.3406
40025.0,4676.4844
40026.0,3997.2937
40027.0,7002.8125
40028.0,3146.9727
40029.0,5519.019
40030.0,5871.8027
40031.0,4131.001
40032.0,2595.9724
40033.0,10090.82
40034.0,3694.2366
40035.0,6549.5728
40036.0,7430.951
40037.0,3290.9883
40038.0,7599.051
40039.0,3503.8013
40040.0,2273.4014
40041.0,4442.301
40042.0,2773.2292
40043.0,2636.7944
40044.0,5680.9897
40045.0,6223.0703
40046.0,2320.5159
40047.0,5502.377
40048.0,5540.0
40049.0,4071.8704
40050.0,4077.1367
40051.0,3259.1206
40052.0,4130.54
40053.0,3382.0972
40054.0,4010.673
40055.0,2552.9246
40056.0,6070.2393
40057.0,2987.5325
40058.0,3539.8835
40059.0,4476.7695
40060.0,3006.0496
40061.0,7641.4536
40062.0,7063.1245
40063.0,4067.5186
40064.0,6239.564
40065.0,5129.759
40066.0,6393.0645
40067.0,5638.057
40068.0,7702.665
40069.0,4362.539
40070.0,4418.4316
40071.0,3263.8
40072.0,3477.9
40073.0,5841.5024
40074.0,3615.4004
40075.0,5587.156
40076.0,9477.119
40077.0,5907.1147
40078.0,2148.5364
40079.0,6046.6562
40080.0,7784.5283
40081.0,3251.68
40082.0,7196.347
40083.0,4653.3726
40084.0,5725.647
40085.0,5442.859
40086.0,4542.1514
40087.0,3057.4263
40088.0,5080.9395
40089.0,6083.89
40090.0,2752.614
40091.0,8648.585
40092.0,4892.596
40093.0,4401.97
40094.0,5995.211
40095.0,2869.7673
40096.0,6265.0103
40097.0,2722.312
40098.0,5543.7266
40099.0,3520.5063
40100.0,1996.2402
40101.0,6066.4595
40102.0,6230.5776
40103.0,6253.8994
40104.0,5782.027
40105.0,3711.8352
40106.0,4202.6724
40107.0,6565.91
40108.0,6134.229
40109.0,2215.4307
40110.0,2703.603
40111.0,8168.052
40112.0,10696.856
40113.0,3782.2563
40114.0,4956.394
40115.0,3800.2886
40116.0,5898.995
40117.0,3448.5496
40118.0,1769.7322
40119.0,6023.843
40120.0,4470.676
40121.0,4912.016
40122.0,8923.476
40123.0,7019.2964
40124.0,3663.4736
40125.0,4984.162
40126.0,2621.759
40127.0,1071.5432
40128.0,4485.3657
40129.0,8499.572
40130.0,4007.8545
40131.0,4438.0693
40132.0,2565.0352
40133.0,4938.047
40134.0,6870.478
40135.0,5112.6855
40136.0,5312.1035
40137.0,3415.9192
40138.0,4115.171
40139.0,3230.9194
40140.0,5809.314
40141.0,3507.008
40142.0,2513.6545
40143.0,2532.564
40144.0,2759.2424
40145.0,4581.8203
40146.0,3663.3303
40147.0,3968.3057
40148.0,4912.2363
40149.0,4226.222
40150.0,4229.6826
40151.0,2679.8608
40152.0,5077.6255
40153.0,4392.072
40154.0,4317.8843
40155.0,2029.4739
40156.0,5774.0244
40157.0,3062.0176
40158.0,3014.993
40159.0,4503.3457
40160.0,8671.184
40161.0,5295.4746
40162.0,3899.9458
40163.0,5274.031
40164.0,5898.292
40165.0,12065.538
40166.0,3013.5696
40167.0,3598.8115
40168.0,4256.704
40169.0,5677.4736
40170.0,6151.843
40171.0,8460.596
40172.0,6850.213
40173.0,5466.6523
40174.0,2722.7068
40175.0,5876.5874
40176.0,4249.0894
40177.0,3177.741
40178.0,4343.8027
40179.0,2777.0232
40180.0,5435.7456
40181.0,5109.3657
40182.0,4369.7563
40183.0,5935.348
40184.0,3950.9534
40185.0,3722.0186
40186.0,3627.689
40187.0,4920.2505
40188.0,7829.1157
40189.0,4545.1597
40190.0,5919.625
40191.0,4540.1245
40192.0,2266.3533
40193.0,7265.44
40194.0,2451.1123
40195.0,9991.127
40196.0,3180.3823
40197.0,3983.879
40198.0,4302.881
40199.0,3805.7375
40200.0,3164.545
40201.0,4029.4443
40202.0,2989.2686
40203.0,2474.2354
40204.0,3827.6516
40205.0,8555.547
40206.0,9163.605
40207.0,3937.6077
40208.0,5468.8945
40209.0,3283.4998
40210.0,3333.9377
40211.0,2628.2227
40212.0,8907.643
40213.0,4347.1606
40214.0,12174.59
40215.0,4975.9062
40216.0,4014.4587
40217.0,13411.834
40218.0,5484.1846
40219.0,2828.533
40220.0,4741.7783
40221.0,5093.3325
40222.0,3814.6316
40223.0,4893.1934
40224.0,3872.476
40225.0,2196.086
40226.0,5886.961
40227.0,3247.349
40228.0,2656.227
40229.0,4195.6743
40230.0,3906.7522
40231.0,8780.893
40232.0,5357.243
40233.0,5124.13
40234.0,4287.14
40235.0,6544.065
40236.0,3523.8528
40237.0,6036.2144
40238.0,4516.2686
40239.0,6592.9014
40240.0,5334.16
40241.0,4510.891
40242.0,3606.1726
40243.0,6057.1562
40244.0,5064.8887
40245.0,3549.4392
40246.0,5218.425
40247.0,5083.6543
40248.0,3231.345
40249.0,4765.888
40250.0,7706.6553
40251.0,9985.85
40252.0,8329.371
40253.0,6736.4404
40254.0,4609.222
40255.0,5347.1504
40256.0,2631.1619
40257.0,8202.285
40258.0,8471.092
40259.0,10936.229
40260.0,5939.641
40261.0,3074.1057
40262.0,5175.2544
40263.0,4860.338
40264.0,8184.1475
40265.0,4313.15
40266.0,4992.67
40267.0,4369.1353
40268.0,6387.207
40269.0,3054.3127
40270.0,6935.5356
40271.0,4339.67
40272.0,6587.0244
40273.0,6681.262
40274.0,3401.9001
40275.0,7906.228
40276.0,5584.7954
40277.0,6089.504
40278.0,3781.5745
40279.0,6723.4805
40280.0,9590.526
40281.0,6018.7944
40282.0,5990.518
40283.0,10608.16
40284.0,8282.622
40285.0,5770.6494
40286.0,6359.881
40287.0,2667.4324
40288.0,2434.529
40289.0,5679.944
40290.0,2639.0808
40291.0,8756.079
40292.0,6949.614
40293.0,3894.6704
40294.0,7283.438
40295.0,8717.289
40296.0,5115.9883
40297.0,2946.5989
40298.0,11720.272
40299.0,3721.4788
40300.0,4795.804
40301.0,8391.656
40302.0,4033.1553
40303.0,5426.8867
40304.0,2902.646
40305.0,5207.0537
40306.0,4874.5083
40307.0,5132.436
40308.0,7877.256
40309.0,6709.764
40310.0,8318.367
40311.0,3141.99
40312.0,7183.0576
40313.0,10702.622
40314.0,5412.6704
40315.0,3448.9214
40316.0,7168.1304
40317.0,5828.757
40318.0,6577.268
40319.0,8417.718
40320.0,2568.0972
40321.0,7963.4736
40322.0,5748.351
40323.0,5343.5454
40324.0,7560.438
40325.0,2977.3608
40326.0,5000.9395
40327.0,3986.639
40328.0,7836.8784
40329.0,6792.5347
40330.0,3994.5835
40331.0,4631.7837
40332.0,5910.237
40333.0,6336.146
40334.0,5332.6235
40335.0,6885.3105
40336.0,3435.7468
40337.0,5807.1533
40338.0,4009.2388
40339.0,3176.083
40340.0,5444.7593
40341.0,6464.507
40342.0,6543.6343
40343.0,7201.3667
40344.0,7896.0845
40345.0,3639.5017
40346.0,5764.0425
40347.0,3155.6729
40348.0,4178.0933
40349.0,9003.135
40350.0,7050.8003
40351.0,7134.122
40352.0,9148.053
40353.0,7343.4067
40354.0,5583.746
40355.0,6379.146
40356.0,7841.17
40357.0,3349.616
40358.0,2708.6025
40359.0,6713.279
40360.0,4685.7812
40361.0,6683.1553
40362.0,3320.689
40363.0,5402.076
40364.0,7970.1377
40365.0,5964.297
40366.0,5563.4805
40367.0,3014.3057
40368.0,6987.9863
40369.0,7358.1934
40370.0,3969.1726
40371.0,6281.555
40372.0,3022.3162
40373.0,5171.4795
40374.0,4934.525
40375.0,3673.7659
40376.0,4659.982
40377.0,7829.1978
40378.0,6337.4634
40379.0,7428.931
40380.0,10755.045
40381.0,4415.588
40382.0,4914.4907
40383.0,11382.737
40384.0,5427.213
40385.0,8181.338
40386.0,6784.4604
40387.0,5426.043
40388.0,6404.362
40389.0,5450.5635
40390.0,4998.774
40391.0,7933.331
40392.0,5877.967
40393.0,3179.6633
40394.0,2941.7495
40395.0,7813.994
40396.0,11163.386
40397.0,5924.257
40398.0,6286.836
40399.0,3806.9758
40400.0,2493.8403
40401.0,1848.4606
40402.0,2992.867
40403.0,5901.4883
40404.0,6357.2
40405.0,5164.4546
40406.0,4063.1404
40407.0,8276.652
40408.0,5728.0337
40409.0,7325.917
40410.0,5366.0703
40411.0,8313.021
40412.0,8579.972
40413.0,4113.6323
40414.0,6486.3896
40415.0,5297.7886
40416.0,7127.8916
40417.0,2960.4631
40418.0,5665.924
40419.0,5095.553
40420.0,9287.212
40421.0,5668.1724
40422.0,7780.758
40423.0,6725.3086
40424.0,4967.7583
40425.0,8416.297
40426.0,19105.545
40427.0,9738.599
40428.0,4096.809
40429.0,3252.4026
40430.0,5749.256
40431.0,9082.102
40432.0,3855.2964
40433.0,9458.589
40434.0,17402.477
40435.0,4860.7646
40436.0,2494.6982
40437.0,10576.367
40438.0,3723.6343
40439.0,6756.6787
40440.0,3272.9543
40441.0,5478.282
40442.0,3797.643
40443.0,6976.7046
40444.0,5978.126
40445.0,6353.63
40446.0,8864.562
40447.0,7051.2104
40448.0,6189.6943
40449.0,6715.7637
40450.0,5028.074
40451.0,6237.279
40452.0,9645.264
40453.0,5423.068
40454.0,5653.653
40455.0,4027.7266
40456.0,3598.0496
40457.0,5615.612
40458.0,3681.8457
40459.0,5384.1533
40460.0,8992.527
40461.0,8420.167
40462.0,9048.391
40463.0,4533.2305
40464.0,4491.248
40465.0,5389.338
40466.0,6175.9478
40467.0,6523.9536
40468.0,2581.1633
40469.0,5443.378
40470.0,5729.7007
40471.0,7125.288
40472.0,5644.8105
40473.0,4498.6875
40474.0,3042.2068
40475.0,2936.8313
40476.0,8257.555
40477.0,5864.9736
40478.0,5815.9614
40479.0,12594.157
40480.0,8086.165
40481.0,4038.7224
40482.0,4734.8765
40483.0,2528.4272
40484.0,3879.2197
40485.0,4074.8196
40486.0,3608.9844
40487.0,9852.429
40488.0,4419.355
40489.0,9690.113
40490.0,12379.226
40491.0,5361.0874
40492.0,5688.3315
40493.0,4335.9785
40494.0,4778.338
40495.0,5178.815
40496.0,10901.727
40497.0,6014.1
40498.0,6118.831
40499.0,3764.9453
40500.0,5141.2803
40501.0,6162.0493
40502.0,11355.985
40503.0,6827.9556
40504.0,5743.2373
40505.0,6308.6772
40506.0,4525.8296
40507.0,10223.5
40508.0,8324.2
40509.0,7127.749
40510.0,8990.393
40511.0,5801.8604
40512.0,8653.437
40513.0,3461.3672
40514.0,5902.997
40515.0,4728.4043
40516.0,8896.435
40517.0,7864.786
40518.0,6729.935
40519.0,6141.0728
40520.0,8291.768
40521.0,4884.8086
40522.0,7004.5825
40523.0,6314.9985
40524.0,2938.5269
40525.0,14142.746
40526.0,16822.254
40527.0,5955.7754
40528.0,7190.8105
40529.0,7972.8594
40530.0,7570.5693
40531.0,8209.822
40532.0,3406.6643
40533.0,4470.019
40534.0,5012.9077
40535.0,8527.766
40536.0,2521.9395
40537.0,4715.077
40538.0,4913.319
40539.0,4713.804
40540.0,5289.805
40541.0,2815.6409
40542.0,2717.0332
40543.0,6845.4775
40544.0,2979.0625
40545.0,4739.237
40546.0,5136.506
40547.0,4795.214
40548.0,9968.103
40549.0,9853.406
40550.0,6559.7134
40551.0,7197.226
40552.0,5669.1294
40553.0,10193.355
40554.0,6247.4663
40555.0,2805.005
40556.0,5583.022
40557.0,13553.94
40558.0,3554.9966
40559.0,6615.4653
40560.0,1939.2042
40561.0,3765.193
40562.0,7054.372
40563.0,6383.157
40564.0,5466.0264
40565.0,10532.428
40566.0,8163.8228
40567.0,7061.3936
40568.0,4016.7073
40569.0,13021.413
40570.0,1777.4205
40571.0,3672.2769
40572.0,7001.53
40573.0,5157.3413
40574.0,10944.545
40575.0,2657.6084
40576.0,5315.038
40577.0,5356.584
40578.0,7920.3496
40579.0,9526.991
40580.0,5114.9736
40581.0,2689.1384
40582.0,9263.167
40583.0,10389.594
40584.0,5312.164
40585.0,4989.837
40586.0,9452.907
40587.0,6011.1406
40588.0,5356.7017
40589.0,3755.9807
40590.0,7568.9014
40591.0,4105.721
40592.0,17081.137
40593.0,7932.574
40594.0,13345.916
40595.0,6848.7754
40596.0,5093.172
40597.0,2342.339
40598.0,7069.777
40599.0,5928.027
40600.0,5326.432
40601.0,8634.738
40602.0,5388.325
40603.0,2478.1746
40604.0,7181.489
40605.0,3290.489
40606.0,10168.507
40607.0,6247.3354
40608.0,5718.819
40609.0,7168.725
40610.0,4307.3857
40611.0,7385.4604
40612.0,7560.7266
40613.0,4888.841
40614.0,6694.888
40615.0,3221.133
40616.0,10646.626
40617.0,5827.912
40618.0,3857.5735
40619.0,4693.7705
40620.0,7361.1484
40621.0,5370.6177
40622.0,4086.9573
40623.0,5113.486
40624.0,5296.1665
40625.0,4682.2783
40626.0,5116.623
40627.0,10084.009
40628.0,4348.4917
40629.0,4150.906
40630.0,6735.451
40631.0,5821.9116
40632.0,2889.084
40633.0,5566.58
40634.0,7821.6294
40635.0,7027.3955
40636.0,8829.207
40637.0,9234.48
40638.0,7397.361
40639.0,5188.095
40640.0,3779.9983
40641.0,10030.455
40642.0,7199.018
40643.0,7687.487
40644.0,3933.298
40645.0,5042.7334
40646.0,5397.538
40647.0,2839.6804
40648.0,12631.124
40649.0,6507.1987
40650.0,6758.7285
40651.0,5024.7515
40652.0,1467.9541
40653.0,8236.749
40654.0,4811.3047
40655.0,3552.4067
40656.0,3507.1787
40657.0,5742.6733
40658.0,5725.363
40659.0,4746.566
40660.0,8895.399
40661.0,3590.8215
40662.0,4536.3237
40663.0,3878.8682
40664.0,2849.242
40665.0,5298.597
40666.0,14914.327
40667.0,5436.3315
40668.0,5467.4917
40669.0,5687.507
40670.0,3797.9258
40671.0,3370.875
40672.0,6120.524
40673.0,3290.6555
40674.0,8566.889
40675.0,6235.054
40676.0,3022.5325
40677.0,7411.4575
40678.0,2884.0295
40679.0,3500.34
40680.0,8734.476
40681.0,8502.808
40682.0,8821.757
40683.0,2741.357
40684.0,5238.7935
40685.0,4502.684
40686.0,4639.947
40687.0,18159.08
40688.0,12870.139
40689.0,3935.3171
40690.0,3129.4382
40691.0,5600.383
40692.0,3812.0923
40693.0,2474.4158
40694.0,5785.2485
40695.0,4735.3013
40696.0,5399.289
40697.0,4944.608
40698.0,5193.398
40699.0,4030.809
40700.0,6505.0454
40701.0,6919.757
40702.0,5751.905
40703.0,2904.9868
40704.0,6473.1016
40705.0,6119.0527
40706.0,8656.664
40707.0,5598.5615
40708.0,6595.7446
40709.0,2670.851
40710.0,8552.683
40711.0,5114.4126
40712.0,3611.0093
40713.0,4931.2124
40714.0,4599.349
40715.0,4372.8213
40716.0,6116.188
40717.0,4638.659
40718.0,4672.8193
40719.0,4819.688
40720.0,8375.456
40721.0,7123.3447
40722.0,4910.7886
40723.0,7861.584
40724.0,5752.157
40725.0,2966.1934
40726.0,10701.744
40727.0,3801.148
40728.0,2911.711
40729.0,6181.5522
40730.0,10368.024
40731.0,10505.66
40732.0,4655.357
40733.0,4780.8823
40734.0,7399.626
40735.0,7267.29
40736.0,4598.8975
40737.0,8613.359
40738.0,3587.9863
40739.0,5686.7637
40740.0,4219.185
40741.0,3375.2415
40742.0,2504.3154
40743.0,6515.1914
40744.0,7176.6406
40745.0,4978.275
40746.0,5342.9595
40747.0,7439.518
40748.0,8134.768
40749.0,5114.8076
40750.0,5459.4717
40751.0,4110.6865
40752.0,6951.099
40753.0,6036.071
40754.0,1814.7725
40755.0,5762.102
40756.0,7963.77
40757.0,6307.636
40758.0,5645.0366
40759.0,2876.3303
40760.0,10854.344
40761.0,2692.3909
40762.0,8344.813
40763.0,4950.087
40764.0,4585.8433
40765.0,7916.7393
40766.0,4472.062
40767.0,4231.664
40768.0,9631.264
40769.0,2691.6062
40770.0,6517.653
40771.0,9454.404
40772.0,7209.8545
40773.0,2836.6494
40774.0,5074.488
40775.0,3969.574
40776.0,2423.979
40777.0,5234.657
40778.0,7272.3037
40779.0,4991.8364
40780.0,4356.1226
40781.0,5569.018
40782.0,5101.165
40783.0,12367.165
40784.0,5515.5244
40785.0,4702.7876
40786.0,4683.1445
40787.0,6053.2114
40788.0,6865.984
40789.0,6202.7676
40790.0,8060.5156
40791.0,8828.718
40792.0,7365.826
40793.0,5482.464
40794.0,5285.9917
40795.0,2464.5125
40796.0,5210.7153
40797.0,8040.7197
40798.0,6573.317
40799.0,7857.716
40800.0,14990.45
40801.0,3438.7798
40802.0,4119.55
40803.0,5096.151
40804.0,6295.609
40805.0,8986.5
40806.0,6660.92
40807.0,7807.185
40808.0,6679.287
40809.0,8102.1997
40810.0,6447.6523
40811.0,5981.982
40812.0,2429.9993
40813.0,4780.572
40814.0,3655.0784
40815.0,3376.3784
40816.0,6766.798
40817.0,18579.72
40818.0,4833.684
40819.0,3460.2678
40820.0,4811.1074
40821.0,3614.8452
40822.0,4092.0247
40823.0,1933.7618
40824.0,6176.525
40825.0,5742.005
40826.0,3719.0903
40827.0,12459.012
40828.0,11335.729
40829.0,4793.3525
40830.0,5379.523
40831.0,3232.3376
40832.0,3951.5676
40833.0,4620.8706
40834.0,7851.655
40835.0,3452.4995
40836.0,4550.86
40837.0,6438.7476
40838.0,4728.648
40839.0,4979.643
40840.0,7308.887
40841.0,2612.3125
40842.0,7559.3276
40843.0,5976.0166
40844.0,4958.456
40845.0,3969.8389
40846.0,3809.7803
40847.0,4485.494
40848.0,4597.4937
40849.0,9233.881
40850.0,4476.8125
40851.0,4010.918
40852.0,5992.05
40853.0,4793.805
40854.0,5530.0166
40855.0,5871.248
40856.0,6071.9185
40857.0,8989.072
40858.0,6991.3335
40859.0,5902.924
40860.0,3722.9026
40861.0,4049.636
40862.0,9281.89
40863.0,4010.0344
40864.0,4387.2607
40865.0,5272.3857
40866.0,12081.164
40867.0,6051.5776
40868.0,4046.1028
40869.0,4662.187
40870.0,6095.8735
40871.0,6630.4365
40872.0,5622.6226
40873.0,9241.018
40874.0,6913.0146
40875.0,4155.105
40876.0,4244.621
40877.0,2049.307
40878.0,4378.715
40879.0,19420.814
40880.0,2303.898
40881.0,4555.416
40882.0,5648.6777
40883.0,7407.7256
40884.0,5915.2617
40885.0,8469.872
40886.0,5818.558
40887.0,5735.442
40888.0,2625.3545
40889.0,7441.058
40890.0,4189.6514
40891.0,6916.0684
40892.0,7777.2036
40893.0,3341.4138
40894.0,7608.1597
40895.0,5767.4526
40896.0,2758.037
40897.0,5899.997
40898.0,6027.1763
40899.0,2916.6902
40900.0,8300.622
40901.0,6835.4165
40902.0,4680.657
40903.0,7887.353
40904.0,8509.225
40905.0,7020.6353
40906.0,4673.911
40907.0,3776.7725
40908.0,5196.857
40909.0,3699.0818
40910.0,5738.8623
40911.0,2836.0796
40912.0,6282.7656
40913.0,2862.3972
40914.0,5072.5425
40915.0,5025.183
40916.0,4425.109
40917.0,6616.9985
40918.0,8411.474
40919.0,4242.5083
40920.0,8032.242
40921.0,6186.566
40922.0,6767.65
40923.0,8035.591
40924.0,8303.361
40925.0,4249.9365
40926.0,4901.046
40927.0,5338.7056
40928.0,4698.8823
40929.0,11366.507
40930.0,5668.1724
40931.0,6772.1504
40932.0,10416.622
40933.0,7032.31
40934.0,2169.611
40935.0,8920.667
40936.0,8266.112
40937.0,5795.9307
40938.0,8077.609
40939.0,6323.9136
40940.0,7859.792
40941.0,5704.9585
40942.0,4852.093
40943.0,3606.6233
40944.0,6134.399
40945.0,5892.7417
40946.0,2953.2798
40947.0,10129.826
40948.0,7046.4233
40949.0,5233.629
40950.0,7704.377
40951.0,4730.8496
40952.0,7503.1616
40953.0,2962.927
40954.0,4282.3213
40955.0,4375.5503
40956.0,2833.5159
40957.0,7322.878
40958.0,7195.675
40959.0,7816.2524
40960.0,5752.7666
40961.0,3822.959
40962.0,6093.147
40963.0,6984.075
40964.0,6816.822
40965.0,3396.9548
40966.0,3102.3174
40967.0,9002.336
40968.0,5659.6475
40969.0,3916.9058
40970.0,7824.7036
40971.0,6829.284
40972.0,7661.0625
40973.0,4230.094
40974.0,1925.9211
40975.0,6546.0938
40976.0,6246.543
40977.0,5880.008
40978.0,9603.698
40979.0,7236.8276
40980.0,4331.981
40981.0,7001.3296
40982.0,3188.2593
40983.0,1154.553
40984.0,6548.6855
40985.0,11291.854
40986.0,4811.025
40987.0,4546.547
40988.0,2931.3337
40989.0,5036.1763
40990.0,9893.381
40991.0,6009.805
40992.0,8716.184
40993.0,4586.7227
40994.0,4384.717
40995.0,3218.1753
40996.0,5825.839
40997.0,3756.4214
40998.0,2723.1445
40999.0,4587.4443
41000.0,3026.569
41001.0,7078.6636
41002.0,3995.399
41003.0,4661.067
41004.0,4984.1953
41005.0,7541.482
41006.0,4977.515
41007.0,3680.0198
41008.0,7803.388
41009.0,6609.978
41010.0,6441.327
41011.0,2101.1238
41012.0,6890.1
41013.0,4753.2534
41014.0,3831.6265
41015.0,8134.5435
41016.0,9508.074
41017.0,6159.0938
41018.0,6121.1953
41019.0,5598.4653
41020.0,6225.6055
41021.0,13596.848
41022.0,3550.2656
41023.0,4207.7305
41024.0,5311.602
41025.0,6577.036
41026.0,5989.107
41027.0,13156.232
41028.0,8140.3955
41029.0,6411.8613
41030.0,2893.151
41031.0,6323.099
41032.0,6864.491
41033.0,3471.87
41034.0,6351.6123
41035.0,2968.8433
41036.0,7429.527
41037.0,6578.9624
41038.0,5197.9473
41039.0,6812.603
41040.0,3645.4294
41041.0,4653.5234
41042.0,6496.123
41043.0,5276.823
41044.0,8710.258
41045.0,5518.803
41046.0,8226.157
41047.0,4965.243
41048.0,3141.84
41049.0,9476.83
41050.0,2462.383
41051.0,10032.79
41052.0,5547.71
41053.0,4886.23
41054.0,5803.028
41055.0,4253.952
41056.0,4025.2031
41057.0,5152.2964
41058.0,3483.897
41059.0,2523.0115
41060.0,5735.234
41061.0,7242.027
41062.0,9795.956
41063.0,5123.636
41064.0,5695.4487
41065.0,3599.6802
41066.0,6331.76
41067.0,3073.2231
41068.0,10542.046
41069.0,6510.1597
41070.0,14857.255
41071.0,6176.554
41072.0,4631.099
41073.0,7585.661
41074.0,8194.31
41075.0,3249.2363
41076.0,8929.138
41077.0,6351.079
41078.0,5079.747
41079.0,6244.571
41080.0,5193.0513
41081.0,2903.683
41082.0,6076.6
41083.0,3761.9797
41084.0,2803.6272
41085.0,6331.6875
41086.0,5584.023
41087.0,22892.354
41088.0,7058.0938
